Exercise,Short YouTube Demonstration,In-Depth YouTube Explanation,Difficulty Level,Target Muscle Group ,Prime Mover Muscle,Secondary Muscle,Primary Equipment ,Secondary Equipment,# Secondary Items,Posture,Single or Double Arm,Grip,Load Position (Ending),Continuous or Alternating Legs ,Movement Pattern #1,Movement Pattern #2,Plane Of Motion #1,Body Region,Force Type,Mechanics,Primary Exercise Classification
Stability Ball Dead Bug,Video Demonstration,Video Explanation,Beginner,Abdominals,Rectus Abdominis,Obliques,Stability Ball,None,0,Supine,Single Arm,Neutral,Other,Alternating,Anti-Extension,,Sagittal Plane,Core,Other,Compound,Postural
Bodyweight Glute Bridge,Video Demonstration,Video Explanation,Beginner,Glutes,Gluteus Maximus,Biceps Femoris,Bodyweight,None,0,Bridge,No Arms,No Grip,No Load,Continuous,Hip Extension,,Sagittal Plane,Lower Body,Unsorted*,Compound,Bodybuilding
Bodyweight Bird Dog,Video Demonstration,Video Explanation,Beginner,Abdominals,Rectus Abdominis,Gluteus Maximus,Bodyweight,None,0,Quadruped,Single Arm,Flat Palm,No Load,Alternating,Anti-Rotational,,Sagittal Plane,Core,Other,Compound,Postural
Stability Ball Russian Twist ,Video Demonstration,Video Explanation,Beginner,Abdominals,Obliques,Rectus Abdominis,Stability Ball,None,0,Seated Floor,Double Arm,Neutral,Other,Continuous,Rotational,,Transverse Plane,Core,Other,Compound,Unsorted*
Stability Ball Feet Elevated Crunch ,Video Demonstration,Video Explanation,Beginner,Abdominals,Rectus Abdominis,Iliopsoas,Stability Ball,None,0,Supine,No Arms,Head Supported,No Load,Continuous,Spinal Flexion,,Sagittal Plane,Core,Other,Isolation,Unsorted*
Ring Hanging Knee Raise ,Video Demonstration,,Intermediate,Abdominals,Rectus Abdominis,Iliopsoas,Gymnastic Rings,None,0,Hanging,Double Arm,Pronated,No Load,Continuous,Spinal Flexion,,Sagittal Plane,Core,Other,Compound,Calisthenics
Parallette Mountain Climber,Video Demonstration,,Novice,Abdominals,Rectus Abdominis,Iliopsoas,Parallette Bars,None,0,Prone,Double Arm,Neutral,No Load,Alternating,Anti-Extension,Spinal Flexion,Sagittal Plane,Core,Other,Compound,Calisthenics
Parallette Push Up,Video Demonstration,Video Explanation,Novice,Chest,Pectoralis Major,Triceps Brachii,Parallette Bars,None,0,Prone,Double Arm,Neutral,No Load,Continuous,Horizontal Push,,Sagittal Plane,Upper Body,Push,Compound,Calisthenics
Bodyweight Knee Hover Bird Dog,Video Demonstration,,Intermediate,Abdominals,Rectus Abdominis,Gluteus Maximus,Bodyweight,None,0,Knee Hover Quadruped,Single Arm,Flat Palm,No Load,Alternating,Anti-Rotational,,Sagittal Plane,Core,Other,Compound,Postural
Stability Ball V Up Pass,Video Demonstration,Video Explanation,Novice,Abdominals,Rectus Abdominis,Iliopsoas,Stability Ball,None,0,Supine,Double Arm,Neutral,Other,Continuous,Hip Flexion,,Sagittal Plane,Core,Other,Compound,Unsorted*
Bodyweight Dead Bug,Video Demonstration,Video Explanation,Beginner,Abdominals,Rectus Abdominis,Obliques,Bodyweight,None,0,Supine,Single Arm,No Grip,No Load,Alternating,Anti-Extension,,Sagittal Plane,Core,Other,Compound,Postural
Bodyweight Alternating Heel Taps,Video Demonstration,Video Explanation,Beginner,Abdominals,Obliques,Rectus Abdominis,Bodyweight,None,0,Supine,Double Arm,No Grip,No Load,Continuous,Lateral Flexion,,Frontal Plane,Core,Other,Compound,Unsorted*
Bodyweight Flutter Kicks,Video Demonstration,Video Explanation,Beginner,Hip Flexors,Iliopsoas,Rectus Abdominis,Bodyweight,None,0,Supine,No Arms,No Grip,No Load,Alternating,Hip Flexion,,Sagittal Plane,Core,Other,Compound,Unsorted*
Bodyweight Kneeling Forearm Plank,Video Demonstration,Video Explanation,Beginner,Abdominals,Rectus Abdominis,,Bodyweight,None,0,Prone,Double Arm,Forearm,No Load,Continuous,Anti-Extension,,Frontal Plane,Core,Other,Compound,Calisthenics
Bodyweight Seated Ab Circles,Video Demonstration,,Novice,Abdominals,Rectus Abdominis,,Bodyweight,None,0,Seated Floor,No Arms,Flat Palm,No Load,Continuous,Rotational,,Transverse Plane,Core,Other,Compound,Unsorted*
Ring Hanging Oblique Knee Raise,,,Intermediate,Abdominals,Obliques,Rectus Abdominis,Gymnastic Rings,None,0,Hanging,Double Arm,Pronated,No Load,Continuous,Rotational,,Transverse Plane,Core,Other,Compound,Calisthenics
Stability Ball Stir the Pot,Video Demonstration,Video Explanation,Novice,Abdominals,Rectus Abdominis,,Stability Ball,None,0,Prone,Double Arm,Forearm,No Load,Continuous,Anti-Extension,Spinal Rotational,Transverse Plane,Core,Other,Compound,Unsorted*
Bodyweight Alternating Lateral Kick Through,Video Demonstration,Video Explanation,Intermediate,Abdominals,Rectus Abdominis,,Bodyweight,None,0,Knee Hover Quadruped,Double Arm,Flat Palm,No Load,Alternating,Rotational,,Frontal Plane,Core,Other,Compound,Animal Flow
Ring Hanging L Sit Flutter Kicks ,Video Demonstration,,Intermediate,Hip Flexors,Iliopsoas,Rectus Abdominis,Gymnastic Rings,None,0,Hanging,Double Arm,Pronated,No Load,Alternating,Hip Flexion,Isometric Hold,Sagittal Plane,Core,Other,Compound,Calisthenics
Slam Ball Russian Twist,Video Demonstration,,Novice,Abdominals,Obliques,Rectus Abdominis,Slam Ball,None,0,Seated Floor,Double Arm,Neutral,Other,Continuous,Rotational,,Transverse Plane,Core,Other,Compound,Unsorted*
Dumbbell Crush Grip Otis Up,,,Novice,Abdominals,Rectus Abdominis,Rectus Abdominis,Dumbbell,None,0,Supine,Double Arm,Crush Grip,Overhead,Continuous,Spinal Flexion,,Sagittal Plane,Core,Other,Compound,Unsorted*
Single Arm Dumbbell Side Plank Reach Through ,Video Demonstration,,Advanced,Abdominals,Obliques,Rectus Abdominis,Dumbbell,None,0,Side Plank,Single Arm,Neutral,Other,Continuous,Anti-Lateral Flexion,Spinal Rotational,Transverse Plane,Core,Other,Compound,Unsorted*
Ab Wheel Kneeling Rollout,Video Demonstration,Video Explanation,Novice,Abdominals,Rectus Abdominis,Latissimus Dorsi,Ab Wheel,None,0,Kneeling,Double Arm,Pronated,No Load,Continuous,Anti-Extension,,Sagittal Plane,Core,Other,Compound,Unsorted*
Cable Seated Crunch,Video Demonstration,Video Explanation,Novice,Abdominals,Rectus Abdominis,Iliopsoas,Cable,Bench (Flat),1,Seated,Double Arm,Neutral,Other,Continuous,Spinal Flexion,,Sagittal Plane,Core,Other,Isolation,Unsorted*
Cable Kneeling Crunch,Video Demonstration,Video Explanation,Novice,Abdominals,Rectus Abdominis,Iliopsoas,Cable,None,0,Kneeling,Double Arm,Neutral,Other,Continuous,Spinal Flexion,,Sagittal Plane,Core,Other,Isolation,Unsorted*
Medicine Ball V Up,Video Demonstration,Video Explanation,Novice,Abdominals,Rectus Abdominis,Iliopsoas,Medicine Ball,None,0,Supine,Double Arm,Neutral,Other,Continuous,Spinal Flexion,,Sagittal Plane,Core,Other,Compound,Unsorted*
Suspension Knee Tuck,Video Demonstration,Video Explanation,Novice,Abdominals,Rectus Abdominis,,Suspension Trainer,None,0,Prone,Double Arm,Flat Palm,No Load,Continuous,Spinal Flexion,Anti-Extension,Sagittal Plane,Core,Other,Compound,Unsorted*
Suspension Lateral Knee Tuck,Video Demonstration,Video Explanation,Intermediate,Abdominals,Rectus Abdominis,,Suspension Trainer,None,0,Prone,Double Arm,Flat Palm,No Load,Continuous,Rotational,Spinal Flexion,Transverse Plane,Core,Other,Compound,Unsorted*
Suspension Archer Row ,Video Demonstration,,Novice,Shoulders,Posterior Deltoids,,Suspension Trainer,None,0,Standing,Double Arm,Neutral,No Load,Continuous,Horizontal Pull,,Frontal Plane,Upper Body,Pull,Compound,Unsorted*
Single Arm Dumbbell Turkish Get Up,Video Demonstration,Video Explanation,Intermediate,Abdominals,Obliques,Rectus Abdominis,Dumbbell,None,0,Supine,Single Arm,Neutral,Overhead,Continuous,Rotational,,Transverse Plane,Full Body,Other,Compound,Grinds
Bodyweight Bear Crawl,Video Demonstration,Video Explanation,Novice,Abdominals,Rectus Abdominis,,Bodyweight,None,0,Knee Hover Quadruped,Double Arm,Flat Palm,No Load,Alternating,Unsorted*,,Sagittal Plane,Core,Other,Compound,Animal Flow
Stability Ball Knee Tuck,Video Demonstration,Video Explanation,Novice,Abdominals,Rectus Abdominis,,Stability Ball,None,0,Prone,Double Arm,Flat Palm,No Load,Continuous,Spinal Flexion,,Sagittal Plane,Core,Other,Compound,Unsorted*
Ring Hanging Leg Raise ,Video Demonstration,,Advanced,Abdominals,Rectus Abdominis,Iliopsoas,Gymnastic Rings,None,0,Hanging,Double Arm,Pronated,No Load,Continuous,Hip Flexion,,Sagittal Plane,Core,Other,Compound,Calisthenics
Parallette L Sit,Video Demonstration,Video Explanation,Advanced,Abdominals,Rectus Abdominis,,Parallette Bars,None,0,L Sit,Double Arm,Neutral,No Load,Continuous,Isometric Hold,,Sagittal Plane,Core,Other,Compound,Calisthenics
Bodyweight Standing Walkout Plank,Video Demonstration,Video Explanation,Intermediate,Abdominals,Rectus Abdominis,,Bodyweight,None,0,Standing,Double Arm,Flat Palm,No Load,Continuous,Anti-Extension,,Sagittal Plane,Core,Other,Compound,Calisthenics
Ring Eccentric Pull Up,Video Demonstration,,Novice,Back,Latissimus Dorsi,,Gymnastic Rings,None,0,Hanging,Double Arm,Pronated,No Load,Continuous,Vertical Pull,,Sagittal Plane,Upper Body,Pull,Compound,Calisthenics
Barbell Climb,,Video Explanation,Expert,Abdominals,Rectus Abdominis,,Barbell,None,0,Standing,Double Arm,Neutral,No Load,Continuous,Anti-Extension,,Sagittal Plane,Core,Other,Compound,Calisthenics
Bodyweight Ipsilateral Bird Dog,Video Demonstration,,Advanced,Abdominals,Rectus Abdominis,Gluteus Maximus,Bodyweight,None,0,Quadruped,Single Arm,Flat Palm,No Load,Continuous,Anti-Rotational,,Sagittal Plane,Core,Other,Compound,Unsorted*
Bodyweight Copenhagen Plank Knee to Elbow,,Video Explanation,Advanced,Adductors,Adductor Magnus,,Bodyweight,Bench (Flat),1,Side Plank,Single Arm,Forearm,No Load,Continuous,Hip Adduction,,Transverse Plane,Lower Body,Other,Compound,Unsorted*
Ring Eccentric Chin Up,Video Demonstration,Video Explanation,Novice,Biceps,Biceps Brachii,Latissimus Dorsi,Gymnastic Rings,None,0,Hanging,Double Arm,Supinated,No Load,Continuous,Vertical Pull,,Sagittal Plane,Upper Body,Pull,Compound,Calisthenics
Single Arm Dumbbell Seated Shoulder External Rotation,Video Demonstration,Video Explanation,Novice,Shoulders,Posterior Deltoids,Infraspinatus,Dumbbell,Bench (Flat),1,Seated,Single Arm,Pronated,Other,Continuous,Shoulder External Rotation,,Transverse Plane,Upper Body,Pull,Isolation,Unsorted*
Double Dumbbell Seated Cuban Rotation,Video Demonstration,Video Explanation,Novice,Shoulders,Posterior Deltoids,Infraspinatus,Dumbbell,Bench (Flat),1,Seated,Double Arm,Pronated,Other,Continuous,Shoulder External Rotation,,Transverse Plane,Upper Body,Pull,Isolation,Unsorted*
Double Dumbbell Cuban Rotation,Video Demonstration,,Novice,Shoulders,Posterior Deltoids,Infraspinatus,Dumbbell,None,0,Standing,Double Arm,Pronated,Other,Continuous,Shoulder External Rotation,,Transverse Plane,Upper Body,Pull,Isolation,Unsorted*
Single Arm Cable Half Kneeling Contralateral Shoulder External Rotation 90 Degrees,Video Demonstration,Video Explanation,Novice,Shoulders,Posterior Deltoids,Infraspinatus,Cable,None,0,Half Kneeling,Single Arm,Pronated,Other,Continuous,Shoulder External Rotation,,Transverse Plane,Upper Body,Pull,Isolation,Unsorted*
Miniband Fire Hydrant,Video Demonstration,,Beginner,Glutes,Gluteus Maximus,Gluteus Medius,Miniband,None,0,Quadruped,No Arms,Flat Palm,No Load,Continuous,Hip External Rotation,,Transverse Plane,Lower Body,Other,Isolation,Bodybuilding
Medicine Ball Russian Twist,Video Demonstration,Video Explanation,Novice,Abdominals,Obliques,Rectus Abdominis,Medicine Ball,None,0,Seated Floor,Double Arm,Neutral,Other,Continuous,Rotational,,Transverse Plane,Core,Other,Compound,Unsorted*
Bodyweight Side Plank,Video Demonstration,Video Explanation,Novice,Abdominals,Obliques,Rectus Abdominis,Bodyweight,None,0,Side Plank,Single Arm,Forearm,No Load,Continuous,Anti-Lateral Flexion,,Frontal Plane,Core,Other,Compound,Calisthenics
Cable Reverse Crunch,Video Demonstration,Video Explanation,Novice,Abdominals,Rectus Abdominis,Iliopsoas,Cable,None,0,Supine,No Arms,No Grip,Other,Continuous,Spinal Flexion,,Sagittal Plane,Core,Other,Compound,Unsorted*
Cable Rope Half Kneeling High to Low Chop,Video Demonstration,Video Explanation,Intermediate,Abdominals,Obliques,Rectus Abdominis,Cable,None,0,Half Kneeling,Double Arm,Pronated,Other,Continuous,Rotational,,Transverse Plane,Core,Other,Compound,Unsorted*
Cable Rope Half Kneeling Low to High Chop,Video Demonstration,Video Explanation,Intermediate,Abdominals,Obliques,Rectus Abdominis,Cable,None,0,Half Kneeling,Double Arm,Pronated,Other,Continuous,Rotational,,Transverse Plane,Core,Other,Compound,Unsorted*
Slider Double Kettlebell Bottoms Up Overhead Lateral Lunge,,,Advanced,Quadriceps,Quadriceps Femoris,Gluteus Maximus,Sliders,Kettlebell ,2,Standing,Double Arm,Bottoms Up,Overhead,Continuous,Knee Dominant,,Frontal Plane,Lower Body,Other,Compound,Bodybuilding
Cable Rope Staggered Stance High to Low Chop ,Video Demonstration,Video Explanation,Intermediate,Abdominals,Obliques,Rectus Abdominis,Cable,None,0,Staggered Stance,Double Arm,Pronated,Other,Continuous,Rotational,,Transverse Plane,Core,Other,Compound,Unsorted*
Cable Rope Staggered Stance Low to High Chop,,,Intermediate,Abdominals,Obliques,Rectus Abdominis,Cable,None,0,Staggered Stance,Double Arm,Pronated,Other,Continuous,Rotational,,Transverse Plane,Core,Other,Compound,Unsorted*
Single Arm Dumbbell Windmill,Video Demonstration,Video Explanation,Intermediate,Abdominals,Obliques,Rectus Abdominis,Dumbbell,None,0,Standing,Single Arm,Neutral,Overhead,Continuous,Rotational,,Transverse Plane,Core,Other,Compound,Unsorted*
Slider Double Kettlebell Bottoms Up Front Rack Lateral Lunge,,,Intermediate,Quadriceps,Quadriceps Femoris,Gluteus Maximus,Sliders,Kettlebell ,2,Standing,Double Arm,Bottoms Up,Front Rack,Continuous,Knee Dominant,,Frontal Plane,Lower Body,Other,Compound,Bodybuilding
Slider Double Kettlebell Front Rack Lateral Lunge,,,Novice,Quadriceps,Quadriceps Femoris,Gluteus Maximus,Sliders,Kettlebell ,2,Standing,Double Arm,Neutral,Front Rack,Continuous,Knee Dominant,,Frontal Plane,Lower Body,Other,Compound,Bodybuilding
Bodyweight Feet On Wall Mountain Climber ,Video Demonstration,Video Explanation,Advanced,Abdominals,Rectus Abdominis,Iliopsoas,Bodyweight,None,0,Prone,Double Arm,Flat Palm,No Load,Alternating,Anti-Extension,Spinal Flexion,Sagittal Plane,Core,Other,Compound,Calisthenics
Slider Double Kettlebell Suitcase Reverse Lunge,Video Demonstration,,Novice,Quadriceps,Quadriceps Femoris,Gluteus Maximus,Sliders,Kettlebell ,2,Standing,Double Arm,Neutral,Suitcase,Continuous,Knee Dominant,,Sagittal Plane,Lower Body,Push,Compound,Bodybuilding
Bodyweight Hollow Body Hold,Video Demonstration,Video Explanation,Novice,Abdominals,Rectus Abdominis,,Bodyweight,None,0,Supine,Double Arm,No Grip,No Load,Continuous,Isometric Hold,,Sagittal Plane,Core,Other,Compound,Unsorted*
Dumbbell Crush Grip Hollow Body Hold,Video Demonstration,,Intermediate,Abdominals,Rectus Abdominis,,Dumbbell,None,0,Supine,Double Arm,Crush Grip,Other,Continuous,Isometric Hold,,Sagittal Plane,Core,Other,Compound,Unsorted*
Bar Inverted Hanging Crunch,Video Demonstration,Video Explanation,Expert,Abdominals,Rectus Abdominis,Iliopsoas,Pull Up Bar,None,0,Inverted ,No Arms,Head Supported,No Load,Continuous,Spinal Flexion,,Sagittal Plane,Core,Other,Compound,Unsorted*
Bodyweight Inverted Hanging Oblique Crunch,,,Expert,Abdominals,Obliques,Rectus Abdominis,Bodyweight,None,0,Inverted ,No Arms,Head Supported,No Load,Continuous,Rotational,Spinal Flexion,Transverse Plane,Core,Other,Compound,Unsorted*
Slider Double Kettlebell Front Rack Reverse Lunge,Video Demonstration,,Novice,Quadriceps,Quadriceps Femoris,Gluteus Maximus,Sliders,Kettlebell ,2,Standing,Double Arm,Neutral,Front Rack,Continuous,Knee Dominant,,Sagittal Plane,Lower Body,Push,Compound,Bodybuilding
Bodyweight Supine Alternating Single Leg Raise,Video Demonstration,Video Explanation,Beginner,Abdominals,Rectus Abdominis,Iliopsoas,Bodyweight,None,0,Supine,No Arms,No Grip,No Load,Alternating,Hip Flexion,,Sagittal Plane,Core,Other,Compound,Unsorted*
Bodyweight Supine Leg Raise,Video Demonstration,,Novice,Abdominals,Rectus Abdominis,Iliopsoas,Bodyweight,None,0,Supine,No Arms,No Grip,No Load,Continuous,Hip Flexion,,Sagittal Plane,Core,Other,Compound,Unsorted*
Miniband Bicycle Crunch,Video Demonstration,Video Explanation,Novice,Abdominals,Obliques,Rectus Abdominis,Miniband,None,0,Supine,No Arms,Head Supported,No Load,Alternating,Rotational,,Transverse Plane,Core,Other,Compound,Unsorted*
Bodyweight Side Plank Reach Through,Video Demonstration,Video Explanation,Novice,Abdominals,Obliques,Rectus Abdominis,Bodyweight,None,0,Side Plank,Single Arm,Forearm,No Load,Continuous,Anti-Lateral Flexion,Spinal Rotational,Transverse Plane,Core,Other,Compound,Calisthenics
Bodyweight Sit Up,Video Demonstration,Video Explanation,Novice,Abdominals,Rectus Abdominis,,Bodyweight,None,0,Supine,No Arms,Head Supported,No Load,Continuous,Spinal Flexion,,Sagittal Plane,Core,Other,Compound,Unsorted*
Bodyweight Butterfly Sit Up,Video Demonstration,Video Explanation,Novice,Abdominals,Rectus Abdominis,,Bodyweight,None,0,Supine,No Arms,Head Supported,No Load,Continuous,Spinal Flexion,,Sagittal Plane,Core,Other,Compound,Unsorted*
Slider Mountain Climber,Video Demonstration,Video Explanation,Novice,Abdominals,Rectus Abdominis,Iliopsoas,Sliders,None,0,Prone,Double Arm,Flat Palm,No Load,Alternating,Anti-Extension,Spinal Flexion,Sagittal Plane,Core,Other,Compound,Unsorted*
Slider Pike ,Video Demonstration,Video Explanation,Advanced,Abdominals,Rectus Abdominis,,Sliders,None,0,Prone,Double Arm,Flat Palm,No Load,Continuous,Spinal Flexion,,Sagittal Plane,Core,Other,Compound,Unsorted*
Stability Ball Pike,Video Demonstration,Video Explanation,Advanced,Abdominals,Rectus Abdominis,,Stability Ball,None,0,Prone,Double Arm,Flat Palm,No Load,Continuous,Spinal Flexion,,Sagittal Plane,Core,Other,Compound,Unsorted*
Slider Wide Mountain Climber,Video Demonstration,,Intermediate,Abdominals,Rectus Abdominis,Iliopsoas,Sliders,None,0,Prone,Double Arm,Flat Palm,No Load,Alternating,Anti-Extension,Spinal Flexion,Frontal Plane,Core,Other,Compound,Unsorted*
Stability Ball Crunch,Video Demonstration,Video Explanation,Beginner,Abdominals,Rectus Abdominis,Iliopsoas,Stability Ball,None,0,Supine,No Arms,Head Supported,No Load,Continuous,Spinal Flexion,,Sagittal Plane,Core,Other,Compound,Unsorted*
Stability Ball Feet Elevated Oblique Crunch,Video Demonstration,,Beginner,Abdominals,Obliques,Rectus Abdominis,Stability Ball,None,0,Supine,No Arms,Head Supported,No Load,Continuous,Rotational,Spinal Flexion,Transverse Plane,Core,Other,Compound,Unsorted*
Stability Ball Kneeling Rollout,Video Demonstration,Video Explanation,Beginner,Abdominals,Rectus Abdominis,Latissimus Dorsi,Stability Ball,None,0,Kneeling,Double Arm,Forearm,No Load,Continuous,Anti-Extension,,Sagittal Plane,Core,Other,Compound,Unsorted*
Stability Ball Single Leg Knee Tuck,Video Demonstration,Video Explanation,Advanced,Abdominals,Rectus Abdominis,,Stability Ball,None,0,Prone,Double Arm,Flat Palm,No Load,Continuous,Spinal Flexion,,Sagittal Plane,Core,Other,Compound,Unsorted*
Stability Ball Single Leg Pike,Video Demonstration,,Expert,Abdominals,Rectus Abdominis,,Stability Ball,None,0,Prone,Double Arm,Flat Palm,No Load,Continuous,Spinal Flexion,,Sagittal Plane,Core,Other,Compound,Unsorted*
Double Dumbbell Z Press,Video Demonstration,Video Explanation,Novice,Shoulders,Anterior Deltoids,Triceps Brachii,Dumbbell,None,0,Seated Floor,Double Arm,Neutral,Overhead,Continuous,Vertical Push,,Sagittal Plane,Upper Body,Push,Compound,Bodybuilding
Slider Double Kettlebell Overhead Reverse Lunge,,,Intermediate,Quadriceps,Quadriceps Femoris,Gluteus Maximus,Sliders,Kettlebell ,2,Standing,Double Arm,Pronated,Overhead,Continuous,Knee Dominant,,Sagittal Plane,Lower Body,Push,Compound,Bodybuilding
Double Dumbbell Romanian Deadlift,Video Demonstration,Video Explanation,Beginner,Hamstrings,Biceps Femoris,Gluteus Maximus,Dumbbell,None,0,Standing,Double Arm,Pronated,Other,Continuous,Hip Hinge,,Sagittal Plane,Lower Body,Pull,Compound,Bodybuilding
Single Arm Dumbbell Side Plank,Video Demonstration,,Intermediate,Abdominals,Obliques,Rectus Abdominis,Dumbbell,None,0,Side Plank,Single Arm,Neutral,Other,Continuous,Anti-Lateral Flexion,,Frontal Plane,Core,Other,Compound,Unsorted*
Bodyweight Single Leg Glute Bridge,Video Demonstration,Video Explanation,Novice,Glutes,Gluteus Maximus,Biceps Femoris,Bodyweight,None,0,Single Leg Bridge,No Arms,No Grip,No Load,Continuous,Hip Extension,,Sagittal Plane,Lower Body,Unsorted*,Compound,Bodybuilding
Dumbbell Glute Bridge,Video Demonstration,Video Explanation,Beginner,Glutes,Gluteus Maximus,Biceps Femoris,Dumbbell,None,0,Bridge,Double Arm,Neutral,Hip Crease,Continuous,Hip Extension,,Sagittal Plane,Lower Body,Unsorted*,Compound,Bodybuilding
Bodyweight Glute Bridge Isometric with Alternating Single Leg Extension,Video Demonstration,Video Explanation,Beginner,Glutes,Gluteus Maximus,Biceps Femoris,Bodyweight,None,0,Single Leg Bridge,No Arms,No Grip,No Load,Alternating,Isometric Hold,Hip Extension,Sagittal Plane,Lower Body,Unsorted*,Compound,Bodybuilding
Miniband Side Lying Clamshell,Video Demonstration,Video Explanation,Beginner,Glutes,Gluteus Maximus,Gluteus Medius,Miniband,None,0,Side Lying,No Arms,No Grip,No Load,Continuous,Hip External Rotation,,Transverse Plane,Lower Body,Other,Isolation,Bodybuilding
Miniband Ankle Side Lying Hip Abduction,Video Demonstration,,Beginner,Abductors,Gluteus Medius,Gluteus Minimus,Miniband,None,0,Side Lying,No Arms,No Grip,No Load,Continuous,Hip Abduction,,Frontal Plane,Lower Body,Other,Isolation,Bodybuilding
Miniband Bench Seated Hip Abduction,Video Demonstration,,Beginner,Abductors,Gluteus Medius,Gluteus Minimus,Miniband,Bench (Flat),1,Seated,No Arms,No Grip,No Load,Continuous,Hip Abduction,,Transverse Plane,Lower Body,Other,Isolation,Bodybuilding
Miniband Glute Bridge Hip Abduction,Video Demonstration,,Beginner,Glutes,Gluteus Maximus,Gluteus Medius,Miniband,None,0,Bridge,No Arms,No Grip,No Load,Continuous,Hip Extension,Hip Abduction,Sagittal Plane,Lower Body,Other,Compound,Bodybuilding
Stability Ball Hip Thrust,Video Demonstration,Video Explanation,Beginner,Glutes,Gluteus Maximus,Biceps Femoris,Stability Ball,None,0,Bridge,No Arms,No Grip,No Load,Continuous,Hip Extension,,Sagittal Plane,Lower Body,Unsorted*,Compound,Bodybuilding
Stability Ball Dumbbell Hip Thrust,Video Demonstration,,Beginner,Glutes,Gluteus Maximus,Biceps Femoris,Stability Ball,Dumbbell,1,Bridge,Double Arm,Neutral,Hip Crease,Continuous,Hip Extension,,Sagittal Plane,Lower Body,Unsorted*,Compound,Bodybuilding
Bodyweight Frog Pump,Video Demonstration,Video Explanation,Beginner,Glutes,Gluteus Maximus,Biceps Femoris,Bodyweight,None,0,Bridge,No Arms,No Grip,No Load,Continuous,Hip Extension,,Sagittal Plane,Lower Body,Unsorted*,Compound,Unsorted*
Dumbbell Frog Pump,Video Demonstration,Video Explanation,Beginner,Glutes,Gluteus Maximus,Biceps Femoris,Dumbbell,None,0,Bridge,Double Arm,Neutral,Hip Crease,Continuous,Hip Extension,,Sagittal Plane,Lower Body,Unsorted*,Compound,Unsorted*
Cable Glute Kickback,Video Demonstration,Video Explanation,Novice,Glutes,Gluteus Maximus,,Cable,None,0,Standing,No Arms,Hand Assisted,Other,Continuous,Hip Extension,,Sagittal Plane,Lower Body,Unsorted*,Isolation,Bodybuilding
Bodyweight Single Leg Foot Elevated Glute Bridge,Video Demonstration,Video Explanation,Novice,Glutes,Gluteus Maximus,Biceps Femoris,Bodyweight,None,0,Single Leg Bridge,No Arms,No Grip,No Load,Continuous,Hip Extension,,Sagittal Plane,Lower Body,Unsorted*,Compound,Bodybuilding
Suspension Feet Elevated Glute Bridge,Video Demonstration,Video Explanation,Novice,Glutes,Gluteus Maximus,Biceps Femoris,Suspension Trainer,None,0,Bridge,No Arms,No Grip,No Load,Continuous,Hip Extension,,Sagittal Plane,Lower Body,Unsorted*,Compound,Bodybuilding
Miniband Thigh Lateral Walk,Video Demonstration,Video Explanation,Beginner,Abductors,Gluteus Medius,Gluteus Minimus,Miniband,None,0,Walking,No Arms,No Grip,No Load,Continuous,Hip Abduction,,Frontal Plane,Lower Body,Other,Compound,Bodybuilding
Miniband Ankle Lateral Walk,Video Demonstration,Video Explanation,Novice,Abductors,Gluteus Medius,Gluteus Minimus,Miniband,None,0,Walking,No Arms,No Grip,No Load,Continuous,Hip Abduction,,Frontal Plane,Lower Body,Other,Compound,Bodybuilding
Miniband Feet Lateral Walk,Video Demonstration,Video Explanation,Intermediate,Abductors,Gluteus Medius,Gluteus Minimus,Miniband,None,0,Walking,No Arms,No Grip,No Load,Continuous,Hip Abduction,,Frontal Plane,Lower Body,Other,Compound,Bodybuilding
Miniband Standing Glute Kickback,Video Demonstration,Video Explanation,Novice,Glutes,Gluteus Maximus,,Miniband,None,0,Standing,No Arms,Hand Assisted,No Load,Continuous,Hip Extension,,Sagittal Plane,Lower Body,Unsorted*,Isolation,Bodybuilding
Barbell Hip Thrust,Video Demonstration,Video Explanation,Novice,Glutes,Gluteus Maximus,Biceps Femoris,Barbell,Bench (Flat),1,Bridge,Double Arm,Pronated,Hip Crease,Continuous,Hip Extension,,Sagittal Plane,Lower Body,Unsorted*,Compound,Bodybuilding
Barbell Single Leg Hip Thrust,Video Demonstration,,Intermediate,Glutes,Gluteus Maximus,Biceps Femoris,Barbell,Bench (Flat),1,Single Leg Bridge,Double Arm,Pronated,Hip Crease,Continuous,Hip Extension,,Sagittal Plane,Lower Body,Unsorted*,Compound,Bodybuilding
Stability Ball Single Leg Foot Elevated Glute Bridge,Video Demonstration,,Intermediate,Glutes,Gluteus Maximus,Biceps Femoris,Stability Ball,None,0,Single Leg Bridge,No Arms,No Grip,No Load,Continuous,Hip Extension,,Sagittal Plane,Lower Body,Unsorted*,Compound,Bodybuilding
Miniband Standing Hip Abduction,Video Demonstration,,Novice,Abductors,Gluteus Medius,Gluteus Minimus,Miniband,None,0,Standing,No Arms,Hand Assisted,No Load,Continuous,Hip Abduction,,Frontal Plane,Lower Body,Other,Isolation,Bodybuilding
Miniband 3 Way Cha Cha,Video Demonstration,,Beginner,Abductors,Gluteus Medius,Gluteus Minimus,Miniband,None,0,Standing,No Arms,No Grip,No Load,Continuous,Hip Abduction,Hip Extension,Frontal Plane,Lower Body,Other,Compound,Bodybuilding
Slider Single Arm Kettlebell Suitcase Contralateral Reverse Lunge,Video Demonstration,,Novice,Quadriceps,Quadriceps Femoris,Gluteus Maximus,Sliders,Kettlebell ,1,Standing,Single Arm,Neutral,Suitcase,Continuous,Knee Dominant,Anti-Lateral Flexion,Sagittal Plane,Lower Body,Push,Compound,Bodybuilding
Cable Hip Abduction,Video Demonstration,Video Explanation,Novice,Abductors,Gluteus Medius,Gluteus Minimus,Cable,None,0,Standing,No Arms,Hand Assisted,Other,Continuous,Hip Abduction,,Frontal Plane,Lower Body,Other,Isolation,Unsorted*
Miniband Wall Sit Hip Abduction,Video Demonstration,,Novice,Quadriceps,Quadriceps Femoris,Gluteus Medius,Miniband,None,0,Wall Sit,No Arms,No Grip,No Load,Continuous,Hip Abduction,,Frontal Plane,Lower Body,Other,Compound,Unsorted*
Slider Barbell Overhead Lateral Lunge,,,Advanced,Quadriceps,Quadriceps Femoris,Gluteus Maximus,Sliders,Barbell,1,Standing,Double Arm,Pronated,Overhead,Continuous,Knee Dominant,,Frontal Plane,Lower Body,Other,Compound,Bodybuilding
Single Arm Dumbbell Half Kneeling Contralateral Overhead Press,Video Demonstration,,Novice,Shoulders,Anterior Deltoids,Triceps Brachii,Dumbbell,None,0,Half Kneeling,Single Arm,Neutral,Overhead,Continuous,Vertical Push,,Sagittal Plane,Upper Body,Push,Compound,Bodybuilding
Barbell Shrug,,Video Explanation,Novice,Trapezius,Upper Trapezius,Levator Scapulae,Barbell,None,0,Standing,Double Arm,Pronated,Other,Continuous,Scapular Elevation,,Sagittal Plane,Upper Body,Pull,Isolation,Bodybuilding
Cable Face Pull,Video Demonstration,Video Explanation,Novice,Shoulders,Posterior Deltoids,Infraspinatus,Cable,None,0,Standing,Double Arm,Neutral,Other,Continuous,Shoulder External Rotation,,Sagittal Plane,Upper Body,Pull,Compound,Unsorted*
Cable Seated Face Pull,Video Demonstration,,Novice,Shoulders,Posterior Deltoids,Infraspinatus,Cable,None,0,Seated Floor,Double Arm,Neutral,Other,Continuous,Shoulder External Rotation,,Sagittal Plane,Upper Body,Pull,Compound,Unsorted*
Cable Guillotine Curl,Video Demonstration,,Novice,Biceps,Biceps Brachii,Brachialis,Cable,None,0,Supine,Double Arm,Supinated,Other,Continuous,Elbow Flexion,,Sagittal Plane,Upper Body,Pull,Isolation,Bodybuilding
Cable Supine Bicep Curl,Video Demonstration,,Novice,Biceps,Biceps Brachii,Brachialis,Cable,None,0,Supine,Double Arm,Supinated,Other,Continuous,Elbow Flexion,,Sagittal Plane,Upper Body,Pull,Isolation,Bodybuilding
Cable Straight Bar High Bicep Curl,Video Demonstration,,Novice,Biceps,Biceps Brachii,Brachialis,Cable,None,0,Standing,Double Arm,Supinated,Other,Continuous,Elbow Flexion,,Sagittal Plane,Upper Body,Pull,Isolation,Bodybuilding
Double Dumbbell Spider Curl,Video Demonstration,Video Explanation,Novice,Biceps,Biceps Brachii,Brachialis,Dumbbell,Bench (Incline),1,Prone,Double Arm,Supinated,Other,Continuous,Elbow Flexion,,Sagittal Plane,Upper Body,Pull,Isolation,Bodybuilding
EZ Bar Spider Curl,Video Demonstration,Video Explanation,Novice,Biceps,Biceps Brachii,Brachialis,EZ Bar,Bench (Incline),1,Prone,Double Arm,Supinated,Other,Continuous,Elbow Flexion,,Sagittal Plane,Upper Body,Pull,Isolation,Bodybuilding
Stability Ball Cable Preacher Curl,Video Demonstration,,Novice,Biceps,Biceps Brachii,Brachialis,Stability Ball,Cable,1,Prone,Double Arm,Supinated,Other,Continuous,Elbow Flexion,,Sagittal Plane,Upper Body,Pull,Isolation,Bodybuilding
Single Arm Dumbbell Standing Concentration Curl,Video Demonstration,Video Explanation,Novice,Biceps,Biceps Brachii,Brachialis,Dumbbell,None,0,Standing,Single Arm,Supinated,Other,Continuous,Elbow Flexion,,Frontal Plane,Upper Body,Pull,Isolation,Bodybuilding
EZ Bar Wide Grip Bicep Curl,Video Demonstration,,Novice,Biceps,Biceps Brachii,Brachialis,EZ Bar,None,0,Standing,Double Arm,Supinated,Other,Continuous,Elbow Flexion,,Sagittal Plane,Upper Body,Pull,Isolation,Bodybuilding
Single Arm Cable Standing High Bicep Curl,Video Demonstration,,Novice,Biceps,Biceps Brachii,Brachialis,Cable,None,0,Standing,Single Arm,Supinated,Other,Continuous,Elbow Flexion,,Sagittal Plane,Upper Body,Pull,Isolation,Bodybuilding
EZ Bar Seated Overhead Tricep Extension,Video Demonstration,Video Explanation,Novice,Triceps,Triceps Brachii,Anterior Deltoids,EZ Bar,Bench (Flat),1,Seated,Double Arm,Pronated,Overhead,Continuous,Elbow Extension,,Sagittal Plane,Upper Body,Push,Isolation,Bodybuilding
EZ Bar Overhead Tricep Extension,Video Demonstration,Video Explanation,Novice,Triceps,Triceps Brachii ,Anterior Deltoids,EZ Bar,None,0,Standing,Double Arm,Pronated,Overhead,Continuous,Elbow Extension,,Sagittal Plane,Upper Body,Push,Isolation,Bodybuilding
Barbell Thruster,Video Demonstration,Video Explanation,Intermediate,Quadriceps,Quadriceps Femoris,Anterior Deltoids,Barbell,None,0,Standing,Double Arm,Pronated,Overhead,Continuous,Knee Dominant,Vertical Push,Sagittal Plane,Full Body,Push,Compound,Bodybuilding
Bodyweight Diamond Push Up,Video Demonstration,Video Explanation,Novice,Triceps,Triceps Brachii ,Pectoralis Major,Bodyweight,None,0,Prone,Double Arm,Flat Palm,No Load,Continuous,Horizontal Push,,Sagittal Plane,Upper Body,Push,Compound,Calisthenics
EZ Bar Lying Tricep Extension ,Video Demonstration,Video Explanation,Novice,Triceps,Triceps Brachii ,,EZ Bar,Bench (Flat),1,Supine,Double Arm,Pronated,Other,Continuous,Elbow Extension,,Sagittal Plane,Upper Body,Push,Compound,Bodybuilding
Cable Rope Overhead Tricep Extension,Video Demonstration,Video Explanation,Novice,Triceps,Triceps Brachii ,Anterior Deltoids,Cable,None,0,Standing,Double Arm,Neutral,Overhead,Continuous,Elbow Extension,,Sagittal Plane,Upper Body,Push,Isolation,Bodybuilding
Single Arm Cable Reverse Grip Tricep Pushdown,Video Demonstration,Video Explanation,Novice,Triceps,Triceps Brachii ,,Cable,None,0,Standing,Single Arm,Pronated,Other,Continuous,Elbow Extension,,Sagittal Plane,Upper Body,Push,Isolation,Bodybuilding
EZ Bar Reverse Grip Bicep Curl,Video Demonstration,Video Explanation,Novice,Forearms,Brachioradialis,Biceps Brachii,EZ Bar,None,0,Standing,Double Arm,Pronated,Other,Continuous,Elbow Flexion,,Sagittal Plane,Upper Body,Pull,Isolation,Bodybuilding
Stability Ball Single Arm Dumbbell Chest Press,Video Demonstration,,Novice,Chest,Pectoralis Major,Triceps Brachii,Stability Ball,Dumbbell,1,Supine,Single Arm,Pronated,Above Chest,Continuous,Horizontal Push,,Sagittal Plane,Upper Body,Push,Compound,Bodybuilding
Suspension Face Pull,Video Demonstration,,Novice,Shoulders,Posterior Deltoids,Infraspinatus,Suspension Trainer,None,0,Standing,Double Arm,Pronated,No Load,Continuous,Shoulder External Rotation,,Transverse Plane,Upper Body,Pull,Compound,Unsorted*
Landmine V Grip Row,Video Demonstration,Video Explanation,Novice,Back,Latissimus Dorsi,,Landmine,None,0,Standing,Double Arm,Neutral,Other,Continuous,Horizontal Pull,,Sagittal Plane,Upper Body,Pull,Compound,Bodybuilding
Double Dumbbell Thruster,Video Demonstration,Video Explanation,Novice,Quadriceps,Quadriceps Femoris,Anterior Deltoids,Dumbbell,None,0,Standing,Double Arm,Neutral,Overhead,Continuous,Knee Dominant,Vertical Push,Sagittal Plane,Full Body,Push,Compound,Bodybuilding
Single Arm Dumbbell Thruster,Video Demonstration,Video Explanation,Novice,Quadriceps,Quadriceps Femoris,Anterior Deltoids,Dumbbell,None,0,Standing,Single Arm,Neutral,Overhead,Continuous,Knee Dominant,Vertical Push,Sagittal Plane,Full Body,Push,Compound,Bodybuilding
Single Arm Landmine Row,Video Demonstration,,Novice,Back,Latissimus Dorsi,,Landmine,None,0,Standing,Single Arm,Neutral,Other,Continuous,Horizontal Pull,,Sagittal Plane,Upper Body,Pull,Compound,Bodybuilding
Superband Assisted Bar Pull Up,Video Demonstration,Video Explanation,Novice,Back,Latissimus Dorsi,,Superband,Pull Up Bar,1,Hanging,Double Arm,Pronated,No Load,Continuous,Vertical Pull,,Sagittal Plane,Upper Body,Pull,Compound,Calisthenics
Stability Ball Prone Cobra,Video Demonstration,Video Explanation,Novice,Back,Erector Spinae ,,Stability Ball,None,0,Prone,Double Arm,No Grip,No Load,Continuous,Spinal Extension,,Sagittal Plane,Upper Body,Unsorted*,Isolation,Postural
Single Arm Dumbbell Overhead Carry,Video Demonstration,,Intermediate,Shoulders,Anterior Deltoids,Obliques,Dumbbell,None,0,Walking,Single Arm,Neutral,Overhead,Alternating,Loaded Carry,,Sagittal Plane,Full Body,Other,Compound,Unsorted*
Double Dumbbell Pendlay Row,Video Demonstration,,Novice,Back,Latissimus Dorsi,,Dumbbell,None,0,Standing,Double Arm,Neutral,Other,Continuous,Horizontal Pull,,Sagittal Plane,Upper Body,Pull,Compound,Bodybuilding
Cable Straight Bar Pullover,Video Demonstration,Video Explanation,Novice,Back,Latissimus Dorsi,,Cable,None,0,Standing,Double Arm,Pronated,Other,Continuous,Horizontal Pull,,Sagittal Plane,Upper Body,Pull,Isolation,Bodybuilding
Single Arm Cable Half Kneeling Lat Pulldown,Video Demonstration,,Novice,Back,Latissimus Dorsi,,Cable,None,0,Half Kneeling,Single Arm,Neutral,Overhead,Continuous,Horizontal Pull,,Sagittal Plane,Upper Body,Pull,Compound,Bodybuilding
Single Arm Cable Half Kneeling Low Row,Video Demonstration,,Novice,Back,Latissimus Dorsi,,Cable,None,0,Half Kneeling,Single Arm,Neutral,Other,Continuous,Horizontal Pull,,Sagittal Plane,Upper Body,Pull,Compound,Bodybuilding
Single Arm Suspension Low Row,Video Demonstration,Video Explanation,Novice,Back,Latissimus Dorsi,Biceps Brachii,Suspension Trainer,None,0,Standing,Single Arm,Neutral,No Load,Continuous,Horizontal Pull,Anti-Rotational,Sagittal Plane,Upper Body,Pull,Compound,Unsorted*
Double Dumbbell Incline Bench Prone Row,Video Demonstration,Video Explanation,Novice,Back,Latissimus Dorsi,,Dumbbell,Bench (Incline),1,Prone,Double Arm,Neutral,Other,Continuous,Horizontal Pull,,Sagittal Plane,Upper Body,Pull,Compound,Bodybuilding
Barbell Pendlay Row,Video Demonstration,Video Explanation,Novice,Back,Latissimus Dorsi,,Barbell,None,0,Standing,Double Arm,Pronated,Other,Continuous,Horizontal Pull,,Sagittal Plane,Upper Body,Pull,Compound,Bodybuilding
Barbell Bench Press,Video Demonstration,Video Explanation,Novice,Chest,Pectoralis Major,Triceps Brachii,Barbell,Bench (Flat),1,Supine,Double Arm,Pronated,Above Chest,Continuous,Horizontal Push,,Sagittal Plane,Upper Body,Push,Compound,Powerlifting
Cable Single Leg Standing Bent Knee Hip External Rotation,Video Demonstration,,Novice,Glutes,Gluteus Maximus,Gluteus Medius,Cable,None,0,Single Leg Standing Bent Knee,No Arms,Hand Assisted,Other,Continuous,Hip External Rotation,,Transverse Plane,Lower Body,Other,Isolation,Unsorted*
Cable Hip Rotation,Video Demonstration,,Novice,Glutes,Gluteus Maximus,Gluteus Medius,Cable,None,0,Standing,No Arms,Neutral,Other,Continuous,Hip External Rotation,,Transverse Plane,Lower Body,Other,Isolation,Unsorted*
Barbell Bicep Curl,Video Demonstration,Video Explanation,Novice,Biceps,Biceps Brachii,Brachialis,Barbell,None,0,Standing,Double Arm,Supinated,Other,Continuous,Elbow Flexion,,Sagittal Plane,Upper Body,Pull,Isolation,Bodybuilding
Barbell Overhead Press,Video Demonstration,Video Explanation,Novice,Shoulders,Anterior Deltoids,Triceps Brachii,Barbell,None,0,Standing,Double Arm,Pronated,Overhead,Continuous,Vertical Push,,Sagittal Plane,Upper Body,Push,Compound,Bodybuilding
Barbell Push Press,Video Demonstration,Video Explanation,Novice,Shoulders,Anterior Deltoids,Triceps Brachii,Barbell,None,0,Standing,Double Arm,Pronated,Overhead,Continuous,Vertical Push,,Sagittal Plane,Upper Body,Push,Compound,Unsorted*
Barbell Bent Over Row,Video Demonstration,,Novice,Back,Latissimus Dorsi,Rhomboids,Barbell,None,0,Standing,Double Arm,Pronated,Other,Continuous,Horizontal Pull,,Sagittal Plane,Upper Body,Pull,Compound,Bodybuilding
Single Arm Landmine Meadows Row,Video Demonstration,Video Explanation,Novice,Back,Latissimus Dorsi,,Landmine,None,0,Standing,Single Arm,Pronated,Other,Continuous,Horizontal Pull,,Sagittal Plane,Upper Body,Pull,Compound,Bodybuilding
Cable Straight Bar Seated Bicep Curl,Video Demonstration,,Novice,Biceps,Biceps Brachii,Brachialis,Cable,Bench (Flat),1,Seated,Double Arm,Supinated,Other,Continuous,Elbow Flexion,,Sagittal Plane,Upper Body,Pull,Isolation,Bodybuilding
Cable Rope Skull Crusher,Video Demonstration,,Novice,Triceps,Triceps Brachii,Anconeus,Cable,Bench (Flat),1,Supine,Double Arm,Neutral,Other,Continuous,Elbow Extension,,Sagittal Plane,Upper Body,Push,Isolation,Bodybuilding
Single Arm Dumbbell Seated Cuban Press,Video Demonstration,,Novice,Shoulders,Posterior Deltoids,Infraspinatus,Dumbbell,Bench (Flat),1,Seated,Single Arm,Pronated,Overhead,Continuous,Shoulder External Rotation,,Transverse Plane,Upper Body,Push & Pull,Compound,Unsorted*
Bodyweight Wall Facing Handstand,Video Demonstration,Video Explanation,Novice,Shoulders,Anterior Deltoids,Triceps Brachii,Bodyweight,None,0,Inverted,Double Arm,Flat Palm,No Load,Continuous,Isometric Hold,,Sagittal Plane,Upper Body,Other,Compound,Calisthenics
Parallette Close Grip Push Up,Video Demonstration,Video Explanation,Novice,Triceps,Triceps Brachii,Pectoralis Major,Parallette Bars,None,0,Prone,Double Arm,Pronated,No Load,Continuous,Horizontal Push,,Sagittal Plane,Upper Body,Push,Compound,Calisthenics
Parallette Wide Push Up,Video Demonstration,,Novice,Chest,Pectoralis Major,,Parallette Bars,None,0,Prone,Double Arm,Neutral,No Load,Continuous,Horizontal Push,,Sagittal Plane,Upper Body,Push,Compound,Calisthenics
Barbell Front Raise,Video Demonstration,Video Explanation,Novice,Shoulders,Anterior Deltoids,Pectoralis Major,Barbell,None,0,Standing,Double Arm,Pronated,Other,Continuous,Shoulder Flexion,,Sagittal Plane,Upper Body,Push,Isolation,Bodybuilding
Single Arm Cable Front Raise,Video Demonstration,,Novice,Shoulders,Anterior Deltoids,Pectoralis Major,Cable,None,0,Standing,Single Arm,Pronated,Other,Continuous,Shoulder Flexion,,Sagittal Plane,Upper Body,Push,Isolation,Bodybuilding
Parallette Side Plank,Video Demonstration,,Intermediate,Abdominals,Obliques,Rectus Abdominis,Parallette Bars,None,0,Side Plank,Single Arm,Neutral,No Load,Continuous,Anti-Lateral Flexion,,Frontal Plane,Core,Other,Compound,Calisthenics
Cable Straight Bar Front Raise,Video Demonstration,Video Explanation,Novice,Shoulders,Anterior Deltoids,Pectoralis Major,Cable,None,0,Standing,Double Arm,Pronated,Other,Continuous,Shoulder Flexion,,Sagittal Plane,Upper Body,Push,Isolation,Bodybuilding
Barbell Close Grip Bench Press,Video Demonstration,Video Explanation,Novice,Triceps,Triceps Brachii,Pectoralis Major,Barbell,Bench (Flat),1,Supine,Double Arm,Pronated,Above Chest,Continuous,Horizontal Push,,Sagittal Plane,Upper Body,Push,Compound,Bodybuilding
Single Arm Cable Bicep Curl,Video Demonstration,,Novice,Biceps,Biceps Brachii,Brachialis,Cable,None,0,Standing,Single Arm,Supinated,Other,Continuous,Elbow Flexion,,Sagittal Plane,Upper Body,Pull,Isolation,Bodybuilding
Single Arm Cable Shotgun Row,Video Demonstration,Video Explanation,Novice,Back,Latissimus Dorsi,Biceps Brachii,Cable,None,0,Staggered Stance,Single Arm,Pronated,Other,Continuous,Horizontal Pull,,Sagittal Plane,Upper Body,Pull,Compound,Bodybuilding
Cable Half Kneeling Face Pull,Video Demonstration,Video Explanation,Novice,Shoulders,Posterior Deltoids,Infraspinatus,Cable,None,0,Half Kneeling,Double Arm,Neutral,Other,Continuous,Shoulder External Rotation,,Sagittal Plane,Upper Body,Pull,Compound,Unsorted*
Stability Ball Double Dumbbell W Raise,,Video Explanation,Novice,Shoulders,Posterior Deltoids,,Stability Ball,Dumbbell,2,Prone,Double Arm,Pronated,Other,Continuous,Horizontal Pull,,Sagittal Plane,Upper Body,Pull,Isolation,Unsorted*
Single Arm Kettlebell Bent Over Row,Video Demonstration,Video Explanation,Novice,Back,Latissimus Dorsi,Rhomboids,Kettlebell,None,0,Standing,Single Arm,Neutral,Other,Continuous,Horizontal Pull,Anti-Rotational ,Sagittal Plane,Upper Body,Pull,Compound,Bodybuilding
Double Kettlebell Gorilla Row,Video Demonstration,Video Explanation,Novice,Back,Latissimus Dorsi,,Kettlebell,None,0,Standing,Double Arm,Neutral,Other,Continuous,Horizontal Pull,,Sagittal Plane,Upper Body,Pull,Compound,Bodybuilding
Kettlebell Alternating Halo,Video Demonstration,Video Explanation,Novice,Shoulders,Posterior Deltoids,Medial Deltoids,Kettlebell,None,0,Standing,Double Arm,Bottoms Up Horn Grip,Other,Continuous,Rotational,,Transverse Plane,Upper Body,Pull,Compound,Mobility
Single Arm Kettlebell Overhead Press,Video Demonstration,Video Explanation,Novice,Shoulders,Anterior Deltoids,Triceps Brachii,Kettlebell,None,0,Standing,Single Arm,Pronated,Overhead,Continuous,Vertical Push,,Sagittal Plane,Upper Body,Push,Compound,Bodybuilding
Kettlebell Horn Grip Bicep Curl,Video Demonstration,Video Explanation,Novice,Biceps,Biceps Brachii,Brachialis,Kettlebell,None,0,Standing,Double Arm,Horn Grip,Other,Continuous,Elbow Flexion,,Sagittal Plane,Upper Body,Pull,Isolation,Bodybuilding
Double Dumbbell Prone Row,Video Demonstration,,Novice,Back,Latissimus Dorsi,,Dumbbell,Bench (Flat),1,Prone,Double Arm,Neutral,Other,Continuous,Horizontal Pull,,Sagittal Plane,Upper Body,Pull,Compound,Bodybuilding
Double Kettlebell Z Press,Video Demonstration,,Novice,Shoulders,Anterior Deltoids,Triceps Brachii,Kettlebell,None,0,Seated Floor,Double Arm,Pronated,Overhead,Continuous,Vertical Push,,Sagittal Plane,Upper Body,Push,Compound,Bodybuilding
Double Kettlebell Push Press,Video Demonstration,Video Explanation,Novice,Shoulders,Anterior Deltoids,Triceps Brachii,Kettlebell,None,0,Standing,Double Arm,Pronated,Overhead,Continuous,Vertical Push,,Sagittal Plane,Upper Body,Push,Compound,Bodybuilding
Barbell Prone Row,Video Demonstration,Video Explanation,Novice,Back,Latissimus Dorsi,,Barbell,Bench (Flat),1,Prone,Double Arm,Pronated,Other,Continuous,Horizontal Pull,,Sagittal Plane,Upper Body,Pull,Compound,Bodybuilding
Single Arm Dumbbell Cuban Press,Video Demonstration,,Novice,Shoulders,Posterior Deltoids,Infraspinatus,Dumbbell,None,0,Standing,Single Arm,Pronated,Overhead,Continuous,Shoulder External Rotation,,Transverse Plane,Upper Body,Push & Pull,Compound,Unsorted*
Single Arm Kettlebell Push Jerk,Video Demonstration,,Novice,Shoulders,Anterior Deltoids,Triceps Brachii,Kettlebell,None,0,Standing,Single Arm,Pronated,Overhead,Continuous,Vertical Push,,Sagittal Plane,Upper Body,Push,Compound,Unsorted*
Barbell Incline Bench Press,Video Demonstration,Video Explanation,Novice,Chest,Pectoralis Major,Triceps Brachii,Barbell,Bench (Incline),1,Seated,Double Arm,Pronated,Above Chest,Continuous,Horizontal Push,,Sagittal Plane,Upper Body,Push,Compound,Bodybuilding
Double Kettlebell Tall Kneeling Overhead Press,Video Demonstration,Video Explanation,Novice,Shoulders,Anterior Deltoids,Triceps Brachii,Kettlebell,None,0,Tall Kneeling,Double Arm,Pronated,Overhead,Continuous,Vertical Push,,Sagittal Plane,Upper Body,Push,Compound,Bodybuilding
Double Dumbbell Incline Bench Prone Y Raise,Video Demonstration,Video Explanation,Novice,Shoulders,Posterior Deltoids,,Dumbbell,Bench (Incline),1,Prone,Double Arm,Neutral,Other,Continuous,Unsorted*,,Frontal Plane,Upper Body,Pull,Pull,Postural
Suspension Face Pull to Overhead Press,Video Demonstration,Video Explanation,Novice,Shoulders,Posterior Deltoids,Infraspinatus,Suspension Trainer,None,0,Standing,Double Arm,Pronated,Overhead,Continuous,Shoulder External Rotation,Vertical Push,Transverse Plane,Upper Body,Push & Pull,Compound,Unsorted*
Double Dumbbell Reverse Grip Bench Press,Video Demonstration,Video Explanation,Novice,Chest,Pectoralis Major,,Dumbbell,Bench (Flat),1,Supine,Double Arm,Supinated,Above Chest,Continuous,Horizontal Push,,Sagittal Plane,Upper Body,Push,Compound,Bodybuilding
Single Arm Cable Seated Floor Lat Pulldown,Video Demonstration,,Novice,Back,Latissimus Dorsi,Biceps Brachii,Cable,None,0,Seated Floor,Single Arm,Pronated,Overhead,Continuous,Vertical Pull,,Sagittal Plane,Upper Body,Pull,Compound,Bodybuilding
Double Dumbbell Suitcase Carry,Video Demonstration,Video Explanation,Beginner,Forearms,Brachioradialis,,Dumbbell,None,0,Walking,Double Arm,Neutral,Suitcase,Alternating,Loaded Carry,,Sagittal Plane,Full Body,Other,Compound,Unsorted*
Single Arm Resistance Band Half Kneeling Cuban Press,,Video Explanation,Novice,Shoulders,Posterior Deltoids,Infraspinatus,Resistance Band,None,0,Half Kneeling,Single Arm,Pronated,Other,Continuous,Shoulder External Rotation,Vertical Push,Transverse Plane,Upper Body,Push & Pull,Compound,Unsorted*
Double Dumbbell Cuban Press,Video Demonstration,Video Explanation,Novice,Shoulders,Posterior Deltoids,Infraspinatus,Dumbbell,None,0,Standing,Double Arm,Pronated,Overhead,Continuous,Shoulder External Rotation,Vertical Push,Transverse Plane,Upper Body,Push & Pull,Compound,Unsorted*
Double Kettlebell Pendlay Row,Video Demonstration,Video Explanation,Novice,Back,Latissimus Dorsi,Biceps Brachii,Kettlebell,None,0,Standing,Double Arm,Neutral,Other,Continuous,Horizontal Pull,,Sagittal Plane,Upper Body,Pull,Compound,Bodybuilding
Double Kettlebell Half Kneeling Overhead Press,Video Demonstration,,Novice,Shoulders,Anterior Deltoids,Triceps Brachii,Kettlebell,None,0,Half Kneeling,Double Arm,Pronated,Overhead,Continuous,Vertical Push,,Sagittal Plane,Upper Body,Push,Compound,Bodybuilding
Single Arm Kettlebell Push Press,Video Demonstration,,Novice,Shoulders,Anterior Deltoids,Triceps Brachii,Kettlebell,None,0,Standing,Single Arm,Pronated,Overhead,Continuous,Vertical Push,,Sagittal Plane,Upper Body,Push,Compound,Unsorted*
Double Kettlebell Push Jerk,Video Demonstration,,Novice,Shoulders,Anterior Deltoids,Triceps Brachii,Kettlebell,None,0,Standing,Double Arm,Pronated,Overhead,Continuous,Vertical Push,,Sagittal Plane,Upper Body,Push,Compound,Unsorted*
Double Dumbbell Glute Bridge Isometric Floor Press,Video Demonstration,,Novice,Chest,Pectoralis Major,Triceps Brachii,Dumbbell,None,0,Bridge,Double Arm,Pronated,Above Chest,Continuous,Horizontal Push,Isometric Hold,Sagittal Plane,Full Body,Push,Compound,Bodybuilding
Double Kettlebell Seesaw Overhead Press,Video Demonstration,Video Explanation,Novice,Shoulders,Anterior Deltoids,Triceps Brachii,Kettlebell,None,0,Standing,Double Arm,Pronated,Overhead,Continuous,Vertical Push,,Sagittal Plane,Upper Body,Push,Compound,Unsorted*
Alternating Double Kettlebell Z Press,Video Demonstration,,Novice,Shoulders,Anterior Deltoids,Triceps Brachii,Kettlebell,None,0,Seated Floor,Double Arm,Pronated,Overhead,Continuous,Vertical Push,,Sagittal Plane,Upper Body,Push,Compound,Bodybuilding
Bodyweight Burpee,Video Demonstration,Video Explanation,Intermediate,Chest,Pectoralis Major,Triceps Brachii,Bodyweight,None,0,Standing,Double Arm,Flat Palm,No Load,Continuous,Horizontal Push,,Sagittal Plane,Full Body,Push,Compound,Unsorted*
Double Dumbbell Devil Press,Video Demonstration,Video Explanation,Advanced,Shoulders,Anterior Deltoids,Pectoralis Major,Dumbbell,None,0,Standing,Double Arm,Neutral,Overhead,Continuous,Horizontal Push,,Sagittal Plane,Full Body,Push,Compound,Unsorted*
Alternating Single Arm Dumbbell Devil Press,Video Demonstration,Video Explanation,Advanced,Shoulders,Anterior Deltoids,Pectoralis Major,Dumbbell,None,0,Standing,Single Arm,Neutral,Overhead,Continuous,Horizontal Push,,Sagittal Plane,Full Body,Push,Compound,Unsorted*
Double Kettlebell Seesaw Z Press,Video Demonstration,,Novice,Shoulders,Anterior Deltoids,Triceps Brachii,Kettlebell,None,0,Seated Floor,Double Arm,Pronated,Overhead,Continuous,Vertical Push,,Sagittal Plane,Upper Body,Push,Compound,Bodybuilding
Double Plate Lu Raise,Video Demonstration,Video Explanation,Novice,Shoulders,Infraspinatus,Posterior Deltoids,Weight Plate,None,0,Standing,Double Arm,Other,Overhead,Continuous,Shoulder Abduction,,Frontal Plane,Upper Body,Unsorted*,Compound,Mobility
Plate Steering Wheel,Video Demonstration,Video Explanation,Novice,Shoulders,Anterior Deltoids,,Weight Plate,None,0,Standing,Double Arm,Neutral,Other,Continuous,Isometric Hold,Rotational,Frontal Plane,Upper Body,Unsorted*,Compound,Unsorted*
Suspension Cuban Press,Video Demonstration,Video Explanation,Novice,Shoulders,Posterior Deltoids,Triceps Brachii,Suspension Trainer,None,0,Standing,Double Arm,Pronated,No Load,Continuous,Shoulder External Rotation,Vertical Push,Transverse Plane,Upper Body,Push & Pull,Compound,Unsorted*
Barbell Decline Bench Press,Video Demonstration,Video Explanation,Novice,Chest,Pectoralis Major,Triceps Brachii,Barbell,Bench (Decline),1,Supine,Double Arm,Pronated,Above Chest,Continuous,Horizontal Push,,Sagittal Plane,Upper Body,Push,Compound,Bodybuilding
Kettlebell Half Kneeling Alternating Halo,Video Demonstration,,Novice,Shoulders,Posterior Deltoids,Medial Deltoids,Kettlebell,None,0,Half Kneeling,Double Arm,Bottoms Up Horn Grip,Other,Continuous,Rotational,,Transverse Plane,Upper Body,Pull,Compound,Mobility
Kettlebell Tall Kneeling Alternating Halo,Video Demonstration,Video Explanation,Novice,Shoulders,Posterior Deltoids,Medial Deltoids,Kettlebell,None,0,Tall Kneeling,Double Arm,Bottoms Up Horn Grip,Other,Continuous,Rotational,,Transverse Plane,Upper Body,Pull,Compound,Mobility
Bodyweight Rolling Squat Burpee,Video Demonstration,Video Explanation,Advanced,Chest,Pectoralis Major,Triceps Brachii,Bodyweight,None,0,Standing,Double Arm,Flat Palm,No Load,Continuous,Unsorted*,,Sagittal Plane,Full Body,Push,Compound,Plyometric
Kettlebell Tall Kneeling Alternating Hip to Halo,Video Demonstration,,Novice,Shoulders,Posterior Deltoids,Medial Deltoids,Kettlebell,None,0,Tall Kneeling,Double Arm,Bottoms Up Horn Grip,Other,Continuous,Rotational,,Transverse Plane,Upper Body,Pull,Compound,Mobility
Barbell Seated Overhead Press,Video Demonstration,,Novice,Shoulders,Anterior Deltoids,Triceps Brachii,Barbell,Bench (Flat),1,Seated,Double Arm,Pronated,Overhead,Continuous,Vertical Push,,Sagittal Plane,Upper Body,Push,Compound,Bodybuilding
Dumbbell Crush Grip Z Press,Video Demonstration,,Novice,Shoulders,Anterior Deltoids,Triceps Brachii,Dumbbell,None,0,Seated Floor,Double Arm,Crush Grip,Overhead,Continuous,Vertical Push,,Sagittal Plane,Upper Body,Push,Compound,Bodybuilding
Barbell Half Kneeling Overhead Press,Video Demonstration,Video Explanation,Novice,Shoulders,Anterior Deltoids,Triceps Brachii,Barbell,None,0,Half Kneeling,Double Arm,Pronated,Overhead,Continuous,Vertical Push,,Sagittal Plane,Upper Body,Push,Compound,Bodybuilding
Barbell Tall Kneeling Overhead Press,Video Demonstration,Video Explanation,Novice,Shoulders,Anterior Deltoids,Triceps Brachii,Barbell,None,0,Tall Kneeling,Double Arm,Pronated,Overhead,Continuous,Vertical Push,,Sagittal Plane,Upper Body,Push,Compound,Bodybuilding
Barbell Inverted Row,Video Demonstration,,Novice,Back,Latissimus Dorsi,Biceps Brachii,Barbell,None,0,Supine,Double Arm,Pronated,No Load,Continuous,Horizontal Pull,,Sagittal Plane,Upper Body,Pull,Compound,Calisthenics
Ring Row,Video Demonstration,,Novice,Back,Latissimus Dorsi,Biceps Brachii,Gymnastic Rings,None,0,Supine,Double Arm,Neutral,No Load,Continuous,Horizontal Pull,,Sagittal Plane,Upper Body,Pull,Compound,Calisthenics
Slider Single Arm Kettlebell Suitcase Ipsilateral Reverse Lunge,Video Demonstration,,Novice,Quadriceps,Quadriceps Femoris,Gluteus Maximus,Sliders,Kettlebell ,1,Standing,Single Arm,Neutral,Suitcase,Continuous,Knee Dominant,Anti-Lateral Flexion,Sagittal Plane,Lower Body,Push,Compound,Bodybuilding
Slider Single Arm Kettlebell Front Rack Contralateral Reverse Lunge,Video Demonstration,,Novice,Quadriceps,Quadriceps Femoris,Gluteus Maximus,Sliders,Kettlebell ,1,Standing,Single Arm,Neutral,Front Rack,Continuous,Knee Dominant,,Sagittal Plane,Lower Body,Push,Compound,Bodybuilding
Ring Bulgarian Row,Video Demonstration,,Novice,Back,Latissimus Dorsi,Biceps Brachii,Gymnastic Rings,None,0,Supine,Double Arm,Pronated,No Load,Continuous,Horizontal Pull,,Sagittal Plane,Upper Body,Pull,Compound,Calisthenics
Alternating Double Kettlebell Rotational Overhead Press,Video Demonstration,,Novice,Shoulders,Anterior Deltoids,,Kettlebell,None,0,Standing,Double Arm,Neutral,Overhead,Continuous,Rotational,Vertical Push,Transverse Plane,Upper Body,Push,Compound,Bodybuilding
Alternating Double Kettlebell Push Press,Video Demonstration,,Novice,Shoulders,Anterior Deltoids,Triceps Brachii,Kettlebell,None,0,Standing,Double Arm,Pronated,Overhead,Continuous,Vertical Push,,Sagittal Plane,Upper Body,Push,Compound,Unsorted*
Cable Tall Kneeling Face Pull,,Video Explanation,Novice,Shoulders,Posterior Deltoids,Infraspinatus,Cable,None,0,Tall Kneeling,Double Arm,Neutral,Other,Continuous,Shoulder External Rotation,,Sagittal Plane,Upper Body,Pull,Compound,Unsorted*
Macebell Ballistic Curl,Video Demonstration,,Novice,Biceps,Biceps Brachii,,Macebell,None,0,Standing,Double Arm,Mixed Grip,Other,Continuous,Unsorted*,,Transverse Plane,Upper Body,Pull,Compound,Ballistics
Single Arm Indian Club Outer Heart Shaped Swing,,,Novice,Shoulders,Posterior Deltoids,,Indian Club,None,0,Standing,Single Arm,Neutral,Other,Continuous,Shoulder External Rotation,,Transverse Plane,Upper Body,Unsorted*,,Mobility
Single Arm Clubbell Pullover,Video Demonstration,,Novice,Back,Latissimus Dorsi,Posterior Deltoids,Clubbell,None,0,Standing,Single Arm,Neutral,Behind Back,Continuous,Unsorted*,,Sagittal Plane,Upper Body,Pull,Compound,Unsorted*
Double Clubbell Pullover,Video Demonstration,Video Explanation,Novice,Back,Latissimus Dorsi,Posterior Deltoids,Clubbell,None,0,Standing,Double Arm,Neutral,Behind Back,Continuous,Unsorted*,,Sagittal Plane,Upper Body,Pull,Compound,Unsorted*
Clubbell Pullover,Video Demonstration,Video Explanation,Novice,Back,Latissimus Dorsi,Posterior Deltoids,Clubbell,None,0,Standing,Double Arm,Neutral,Behind Back,Continuous,Unsorted*,,Sagittal Plane,Upper Body,Pull,Compound,Unsorted*
Clubbell Front Flag Press,Video Demonstration,,Novice,Shoulders,Anterior Deltoids,Triceps Brachii,Clubbell,None,0,Standing,Double Arm,Neutral,Other,Continuous,Horizontal Push,,Sagittal Plane,Upper Body,Push,Compound,Unsorted*
Single Arm Indian Club Inner Heart Shaped Swing,,,Novice,Shoulders,Posterior Deltoids,,Indian Club,None,0,Standing,Single Arm,Neutral,Other,Continuous,Unsorted*,,Frontal Plane,Upper Body,Unsorted*,,Mobility
Single Arm Ring Dead Hang,Video Demonstration,,Novice,Forearms,Brachioradialis,Latissimus Dorsi,Gymnastic Rings,None,0,Hanging,Single Arm,Pronated,No Load,Continuous,Isometric Hold,,Sagittal Plane,Upper Body,Other,Compound,Calisthenics
Single Arm Dumbbell Suitcase Deadlift,Video Demonstration,Video Explanation,Novice,Back,Latissimus Dorsi,Latissimus Dorsi,Dumbbell,None,0,Standing,Single Arm,Neutral,Suitcase,Continuous,Hip Hinge,Anti-Lateral Flexion,Sagittal Plane,Full Body,Pull,Compound,Bodybuilding
Slider Single Arm Kettlebell Front Rack Ipsilateral Reverse Lunge,Video Demonstration,,Novice,Quadriceps,Quadriceps Femoris,Latissimus Dorsi,Sliders,Kettlebell ,1,Standing,Single Arm,Neutral,Front Rack,Continuous,Knee Dominant,,Sagittal Plane,Lower Body,Push,Compound,Bodybuilding
Clubbell Torch Press,Video Demonstration,Video Explanation,Novice,Shoulders,Anterior Deltoids,Latissimus Dorsi,Clubbell,None,0,Standing,Double Arm,Neutral,Other,Continuous,Vertical Push,,Sagittal Plane,Upper Body,Push,Compound,Unsorted*
Single Arm Clubbell Torch Press,Video Demonstration,Video Explanation,Novice,Shoulders,Anterior Deltoids,Latissimus Dorsi,Clubbell,None,0,Standing,Single Arm,Neutral,Other,Continuous,Vertical Push,,Sagittal Plane,Upper Body,Push,Compound,Unsorted*
Double Clubbell Torch Press,,,Novice,Shoulders,Anterior Deltoids,Latissimus Dorsi,Clubbell,None,0,Standing,Double Arm,Neutral,Other,Continuous,Vertical Push,,Sagittal Plane,Upper Body,Push,Compound,Unsorted*
Barbell Conventional Deadlift,Video Demonstration,Video Explanation,Novice,Back,Latissimus Dorsi,Latissimus Dorsi,Barbell,None,0,Standing,Double Arm,Pronated,Other,Continuous,Hip Hinge,,Sagittal Plane,Full Body,Pull,Compound,Powerlifting
Barbell Sumo Deadlift,Video Demonstration,Video Explanation,Novice,Back,Latissimus Dorsi,Gluteus Maximus,Barbell,None,0,Standing,Double Arm,Pronated,Other,Continuous,Hip Hinge,,Sagittal Plane,Full Body,Pull,Compound,Powerlifting
Barbell Rack Pull,Video Demonstration,Video Explanation,Novice,Back,Latissimus Dorsi,,Barbell,None,0,Standing,Double Arm,Pronated,Other,Continuous,Hip Hinge,,Sagittal Plane,Full Body,Pull,Compound,Bodybuilding
Barbell Snatch Grip Deadlift,Video Demonstration,Video Explanation,Intermediate,Back,Latissimus Dorsi,,Barbell,None,0,Standing,Double Arm,Pronated,Other,Continuous,Hip Hinge,,Sagittal Plane,Full Body,Pull,Compound,Bodybuilding
Alternating Double Clubbell Torch Press,,,Novice,Shoulders,Anterior Deltoids,Triceps Brachii,Clubbell,None,0,Standing,Double Arm,Neutral,Other,Continuous,Vertical Push,,Sagittal Plane,Upper Body,Push,Compound,Unsorted*
Stability Ball Hyperextension,Video Demonstration,Video Explanation,Novice,Back,Erector Spinae ,,Stability Ball,None,0,Prone,Double Arm,Head Supported,No Load,Continuous,Hip Hinge,,Sagittal Plane,Core,Unsorted*,Isolation,Unsorted*
Barbell Seated Good Morning ,Video Demonstration,Video Explanation,Intermediate,Back,Erector Spinae ,Gluteus Maximus,Barbell,Bench (Flat),1,Seated,Double Arm,Pronated,Other,Continuous,Hip Hinge,,Sagittal Plane,Lower Body,Unsorted*,Compound,Bodybuilding
Barbell Good Morning,Video Demonstration,Video Explanation,Intermediate,Back,Erector Spinae ,Gluteus Maximus,Barbell,None,0,Standing,Double Arm,Pronated,Back Rack,Continuous,Hip Hinge,,Sagittal Plane,Lower Body,Unsorted*,Compound,Bodybuilding
Bodyweight Wall Sit ,Video Demonstration,Video Explanation,Beginner,Quadriceps,Quadriceps Femoris,Gluteus Maximus,Bodyweight,None,0,Wall Sit,No Arms,No Grip,No Load,Continuous,Isometric Hold,,Sagittal Plane,Lower Body,Other,Compound,Unsorted*
Bodyweight Wall Slide Squat,Video Demonstration,,Beginner,Quadriceps,Quadriceps Femoris,Gluteus Maximus,Bodyweight,None,0,Standing,No Arms,No Grip,No Load,Continuous,Knee Dominant,,Sagittal Plane,Lower Body,Push,Compound,Unsorted*
Stability Ball Wall Slide Squat,Video Demonstration,Video Explanation,Beginner,Quadriceps,Quadriceps Femoris,Gluteus Maximus,Stability Ball,None,0,Standing,No Arms,No Grip,No Load,Continuous,Knee Dominant,,Sagittal Plane,Lower Body,Push,Compound,Unsorted*
Suspension Squat,Video Demonstration,Video Explanation,Beginner,Quadriceps,Quadriceps Femoris,Gluteus Maximus,Suspension Trainer,None,0,Standing,Double Arm,Neutral,No Load,Continuous,Knee Dominant,,Sagittal Plane,Lower Body,Push,Compound,Unsorted*
Suspension Alternating Reverse Lunge,Video Demonstration,,Beginner,Quadriceps,Quadriceps Femoris,Gluteus Maximus,Suspension Trainer,None,0,Standing,Double Arm,Neutral,No Load,Alternating,Knee Dominant,,Sagittal Plane,Lower Body,Push,Compound,Bodybuilding
Bodyweight Squat to Bench,Video Demonstration,,Beginner,Quadriceps,Quadriceps Femoris,Gluteus Maximus,Bodyweight,Bench (Flat),1,Standing,No Arms,No Grip,No Load,Continuous,Knee Dominant,,Sagittal Plane,Lower Body,Push,Compound,Calisthenics
Bodyweight Squat,Video Demonstration,Video Explanation,Beginner,Quadriceps,Quadriceps Femoris,Gluteus Maximus,Bodyweight,None,0,Standing,No Arms,No Grip,No Load,Continuous,Knee Dominant,,Sagittal Plane,Lower Body,Push,Compound,Calisthenics
Bodyweight Hand Assisted Split Squat,Video Demonstration,,Beginner,Quadriceps,Quadriceps Femoris,Gluteus Maximus,Bodyweight,None,0,Split Squat,Single Arm,Hand Assisted,No Load,Continuous,Knee Dominant,,Sagittal Plane,Lower Body,Push,Compound,Bodybuilding
Bodyweight Walking Lunge,Video Demonstration,,Beginner,Quadriceps,Quadriceps Femoris,Gluteus Maximus,Bodyweight,None,0,Walking,No Arms,No Grip,No Load,Alternating,Knee Dominant,,Sagittal Plane,Lower Body,Push,Compound,Bodybuilding
Dumbbell Goblet Squat ,Video Demonstration,Video Explanation,Beginner,Quadriceps,Quadriceps Femoris,Gluteus Maximus,Dumbbell,None,0,Standing,Double Arm,Goblet,Front Rack,Continuous,Knee Dominant,,Sagittal Plane,Lower Body,Push,Compound,Bodybuilding
Miniband Romanian Deadlift,Video Demonstration,,Beginner,Hamstrings,Biceps Femoris,Gluteus Maximus,Miniband,None,0,Standing,Double Arm,Pronated,No Load,Continuous,Hip Hinge,,Sagittal Plane,Lower Body,Pull,Compound,Bodybuilding
Superband Resisted Skater Jump,Video Demonstration,Video Explanation,Intermediate,Abductors,Gluteus Medius,Gluteus Maximus,Superband,None,0,Single Leg Standing,No Arms,No Grip,Other,Continuous,Unsorted*,,Frontal Plane,Lower Body,Push,Compound,Plyometric
Cable Prone Single Leg Hamstring Curl,Video Demonstration,,Beginner,Hamstrings,Biceps Femoris,Gluteus Maximus,Cable,None,0,Prone,No Arms,No Grip,Other,Continuous,Knee Dominant,,Sagittal Plane,Lower Body,Pull,Isolation,Bodybuilding
Bodyweight Candlestick Roll Up Tuck Jump,Video Demonstration,,Intermediate,Glutes,Gluteus Maximus,,Bodyweight,None,0,Standing,No Arms,No Grip,No Load,Continuous,Unsorted*,,Sagittal Plane,Full Body,Unsorted*,Compound,Plyometric
Single Arm Clubbell Front Flag Press,,,Novice,Shoulders,Anterior Deltoids,Triceps Brachii,Clubbell,None,0,Standing,Single Arm,Neutral,Other,Continuous,Horizontal Push,,Sagittal Plane,Upper Body,Push,Compound,Unsorted*
Double Clubbell Front Flag Press,,,Novice,Shoulders,Anterior Deltoids,Triceps Brachii,Clubbell,None,0,Standing,Double Arm,Neutral,Other,Continuous,Horizontal Push,,Sagittal Plane,Upper Body,Push,Compound,Unsorted*
Barbell Block Pull Deadlift,Video Demonstration,Video Explanation,Novice,Back,Latissimus Dorsi,,Barbell,None,0,Standing,Double Arm,Pronated,Other,Continuous,Hip Hinge,,Sagittal Plane,Full Body,Pull,Compound,Bodybuilding
Barbell Box Back Squat,Video Demonstration,Video Explanation,Novice,Quadriceps,Quadriceps Femoris,Gluteus Maximus,Barbell,Plyo Box,1,Standing,Double Arm,Pronated,Other,Continuous,Knee Dominant,,Sagittal Plane,Lower Body,Push,Compound,Unsorted*
Barbell Deficit Deadlift,Video Demonstration,Video Explanation,Intermediate,Back,Latissimus Dorsi,,Barbell,None,0,Standing,Double Arm,Pronated,Other,Continuous,Hip Hinge,,Sagittal Plane,Full Body,Pull,Compound,Bodybuilding
Barbell Front Rack Squat,Video Demonstration,Video Explanation,Intermediate,Quadriceps,Quadriceps Femoris,Gluteus Maximus,Barbell,None,0,Standing,Double Arm,Pronated,Front Rack,Continuous,Knee Dominant,,Sagittal Plane,Lower Body,Push,Compound,Olympic Weightlifting 
Barbell Glute Bridge,Video Demonstration,Video Explanation,Novice,Glutes,Gluteus Maximus,Biceps Femoris,Barbell,None,0,Bridge,Double Arm,Pronated,Hip Crease,Continuous,Hip Extension,,Sagittal Plane,Lower Body,Unsorted*,Compound,Bodybuilding
Barbell Halting Deadlift,,Video Explanation,Novice,Back,Latissimus Dorsi,,Barbell,None,0,Standing,Double Arm,Pronated,Other,Continuous,Hip Hinge,,Sagittal Plane,Full Body,Pull,Compound,Bodybuilding
Barbell High Bar Back Squat,Video Demonstration,Video Explanation,Novice,Quadriceps,Quadriceps Femoris,Gluteus Maximus,Barbell,None,0,Standing,Double Arm,Pronated,Other,Continuous,Knee Dominant,,Sagittal Plane,Lower Body,Push,Compound,Unsorted*
Barbell Low Bar Back Squat,,Video Explanation,Intermediate,Quadriceps,Quadriceps Femoris,Gluteus Maximus,Barbell,None,0,Standing,Double Arm,Pronated,Other,Continuous,Hip Dominant,,Sagittal Plane,Lower Body,Push,Compound,Powerlifting
Alternating Double Clubbell Front Flag Press,,,Novice,Shoulders,Anterior Deltoids,Triceps Brachii,Clubbell,None,0,Standing,Double Arm,Neutral,Other,Continuous,Horizontal Push,,Sagittal Plane,Upper Body,Push,Compound,Unsorted*
Barbell Power Clean,Video Demonstration,Video Explanation,Expert,Glutes,Gluteus Maximus,Biceps Femoris,Barbell,None,0,Standing,Double Arm,Pronated,Front Rack,Continuous,Hip Hinge,,Sagittal Plane,Full Body,Unsorted*,Compound,Olympic Weightlifting 
Barbell Power Snatch,Video Demonstration,Video Explanation,Expert,Glutes,Gluteus Maximus,Anterior Deltoids ,Barbell,None,0,Standing,Double Arm,Pronated,Overhead,Continuous,Hip Hinge,,Sagittal Plane,Full Body,Unsorted*,Compound,Olympic Weightlifting 
Double Indian Club Lateral Internal and External Rotations,,,Novice,Shoulders,Posterior Deltoids,,Indian Club,None,0,Standing,Double Arm,Neutral,Lateral,Continuous,Unsorted*,,Sagittal Plane,Upper Body,Unsorted*,,Mobility
Barbell Romanian Deadlift,Video Demonstration,Video Explanation,Novice,Hamstrings,Biceps Femoris,Gluteus Maximus,Barbell,None,0,Standing,Double Arm,Pronated,Other,Continuous,Hip Hinge,,Sagittal Plane,Lower Body,Pull,Compound,Bodybuilding
Single Arm Indian Club Lateral Internal and External Rotation,,,Novice,Shoulders,Posterior Deltoids,,Indian Club,None,0,Standing,Single Arm,Neutral,Lateral,Continuous,Unsorted*,,Sagittal Plane,Upper Body,Unsorted*,,Mobility
Barbell Back Rack Split Squat,Video Demonstration,Video Explanation,Novice,Quadriceps,Quadriceps Femoris,Gluteus Maximus,Barbell,None,0,Split Squat,Double Arm,Pronated,Back Rack,Continuous,Knee Dominant,,Sagittal Plane,Lower Body,Push,Compound,Bodybuilding
Barbell Stiff Legged Deadlift,Video Demonstration,Video Explanation,Novice,Hamstrings,Biceps Femoris,Gluteus Maximus,Barbell,None,0,Standing,Double Arm,Pronated,Other,Continuous,Hip Hinge,,Sagittal Plane,Lower Body,Pull,Compound,Bodybuilding
Barbell Sumo Back Squat,Video Demonstration,Video Explanation,Novice,Glutes,Gluteus Maximus,Quadriceps Femoris,Barbell,None,0,Standing,Double Arm,Pronated,Back Rack,Continuous,Knee Dominant,,Sagittal Plane,Lower Body,Push,Compound,Unsorted*
Bodyweight Pistol Squat,Video Demonstration,Video Explanation,Advanced,Quadriceps,Quadriceps Femoris,Gluteus Maximus,Bodyweight,None,0,Single Leg Standing,No Arms,No Grip,No Load,Continuous,Knee Dominant,,Sagittal Plane,Lower Body,Push,Compound,Calisthenics
Bodyweight Skater Squat,Video Demonstration,,Intermediate,Quadriceps,Quadriceps Femoris,Gluteus Maximus,Bodyweight,None,0,Single Leg Standing,No Arms,No Grip,No Load,Continuous,Knee Dominant,,Sagittal Plane,Lower Body,Push,Compound,Calisthenics
Cable Pull Through,Video Demonstration,Video Explanation,Beginner,Glutes,Gluteus Maximus,,Cable,None,0,Standing,Double Arm,Neutral,Other,Continuous,Hip Hinge,,Sagittal Plane,Lower Body,Unsorted*,Compound,Bodybuilding
Double Dumbbell Suitcase Bulgarian Split Squat,Video Demonstration,Video Explanation,Intermediate,Quadriceps,Quadriceps Femoris,Gluteus Maximus,Dumbbell,Bench (Flat),1,Single Leg Supported,Double Arm,Neutral,Suitcase,Continuous,Knee Dominant,,Sagittal Plane,Lower Body,Push,Compound,Bodybuilding
Double Dumbbell Suitcase Step Up,Video Demonstration,,Novice,Quadriceps,Quadriceps Femoris,Gluteus Maximus,Dumbbell,Plyo Box,1,Standing,Double Arm,Neutral,Suitcase,Continuous,Knee Dominant,,Sagittal Plane,Lower Body,Push,Compound,Bodybuilding
Double Dumbbell Suitcase Deficit Split Squat,Video Demonstration,Video Explanation,Novice,Quadriceps,Quadriceps Femoris,Gluteus Maximus,Dumbbell,None,0,Split Squat,Double Arm,Neutral,Suitcase,Continuous,Knee Dominant,,Sagittal Plane,Lower Body,Push,Compound,Bodybuilding
Double Dumbbell Suitcase Alternating Forward Lunge,Video Demonstration,Video Explanation,Novice,Quadriceps,Quadriceps Femoris,Gluteus Maximus,Dumbbell,None,0,Standing,Double Arm,Neutral,Suitcase,Alternating,Knee Dominant,,Sagittal Plane,Lower Body,Push,Compound,Bodybuilding
Double Dumbbell Suitcase Alternating Reverse Lunge,Video Demonstration,Video Explanation,Novice,Quadriceps,Quadriceps Femoris,Gluteus Maximus,Dumbbell,None,0,Standing,Double Arm,Neutral,Suitcase,Alternating,Knee Dominant,,Sagittal Plane,Lower Body,Push,Compound,Bodybuilding
Double Indian Club Overhead Arm Circles,,,Novice,Shoulders,Lateral Deltoids,,Indian Club,None,0,Standing,Double Arm,Neutral,Overhead,Continuous,Unsorted*,,Sagittal Plane,Upper Body,Other,,Mobility
Double Dumbbell Suitcase Split Squat,Video Demonstration,,Novice,Quadriceps,Quadriceps Femoris,Gluteus Maximus,Dumbbell,None,0,Split Squat,Double Arm,Neutral,Suitcase,Continuous,Knee Dominant,,Sagittal Plane,Lower Body,Push,Compound,Bodybuilding
Double Dumbbell Front Rack Alternating Step Up,Video Demonstration,,Novice,Quadriceps,Quadriceps Femoris,Gluteus Maximus,Dumbbell,Plyo Box,1,Standing,Double Arm,Neutral,Front Rack,Alternating,Knee Dominant,,Sagittal Plane,Lower Body,Push,Compound,Bodybuilding
Bodyweight Face the Wall Squat,Video Demonstration,Video Explanation,Beginner,Quadriceps,Quadriceps Femoris,Gluteus Maximus,Bodyweight,None,0,Standing,No Arms,No Grip,No Load,Continuous,Knee Dominant,,Sagittal Plane,Lower Body,Push,Compound,Unsorted*
Bodyweight Feet Elevated Glute Bridge,Video Demonstration,Video Explanation,Novice,Glutes,Gluteus Maximus,Biceps Femoris,Bodyweight,Bench (Flat),1,Bridge,No Arms,No Grip,No Load,Continuous,Hip Extension,,Sagittal Plane,Lower Body,Unsorted*,Compound,Bodybuilding
Slider Single Arm Kettlebell Bottoms Up Front Rack Contralateral Reverse Lunge,,,Intermediate,Quadriceps,Quadriceps Femoris,Gluteus Maximus,Sliders,Kettlebell ,1,Standing,Single Arm,Bottoms Up,Front Rack,Continuous,Knee Dominant,,Sagittal Plane,Lower Body,Push,Compound,Bodybuilding
Slider Single Arm Kettlebell Bottoms Up Front Rack Ipsilateral Reverse Lunge,,,Intermediate,Quadriceps,Quadriceps Femoris,Gluteus Maximus,Sliders,Kettlebell ,1,Standing,Single Arm,Bottoms Up,Front Rack,Continuous,Knee Dominant,,Sagittal Plane,Lower Body,Push,Compound,Bodybuilding
Slider Single Arm Kettlebell Overhead Contralateral Reverse Lunge,,,Intermediate,Quadriceps,Quadriceps Femoris,Gluteus Maximus,Sliders,Kettlebell ,1,Standing,Single Arm,Pronated,Overhead,Continuous,Knee Dominant,,Sagittal Plane,Lower Body,Push,Compound,Bodybuilding
Slider Single Arm Kettlebell Overhead Ipsilateral Reverse Lunge,,,Intermediate,Quadriceps,Quadriceps Femoris,Gluteus Maximus,Sliders,Kettlebell ,1,Standing,Single Arm,Pronated,Overhead,Continuous,Knee Dominant,,Sagittal Plane,Lower Body,Push,Compound,Bodybuilding
Slider Single Arm Kettlebell Bottoms Up Overhead Contralateral Reverse Lunge,,,Advanced,Quadriceps,Quadriceps Femoris,Gluteus Maximus,Sliders,Kettlebell ,1,Standing,Single Arm,Bottoms Up,Overhead,Continuous,Knee Dominant,,Sagittal Plane,Lower Body,Push,Compound,Bodybuilding
Slider Single Arm Kettlebell Bottoms Up Overhead Ipsilateral Reverse Lunge,,,Advanced,Quadriceps,Quadriceps Femoris,Gluteus Maximus,Sliders,Kettlebell ,1,Standing,Single Arm,Bottoms Up,Overhead,Continuous,Knee Dominant,,Sagittal Plane,Lower Body,Push,Compound,Bodybuilding
Slider Kettlebell Goblet Reverse Lunge,Video Demonstration,,Novice,Quadriceps,Quadriceps Femoris,Gluteus Maximus,Sliders,Kettlebell ,1,Standing,Double Arm,Goblet,Front Rack,Continuous,Knee Dominant,,Sagittal Plane,Lower Body,Push,Compound,Bodybuilding
Miniband Thigh Monster Walk,Video Demonstration,,Beginner,Abductors,Gluteus Medius,Gluteus Minimus,Miniband,None,0,Walking,No Arms,No Grip,No Load,Alternating,Hip Abduction,,Transverse Plane,Lower Body,Other,Compound,Bodybuilding
Bodyweight Quadruped Hip Extension,Video Demonstration,,Beginner,Glutes,Gluteus Maximus,,Bodyweight,None,0,Quadruped,Double Arm,Flat Palm,No Load,Continuous,Hip Extension,,Sagittal Plane,Lower Body,Unsorted*,Isolation,Unsorted*
Suspension Pistol Squat,Video Demonstration,,Intermediate,Quadriceps,Quadriceps Femoris,Gluteus Maximus,Suspension Trainer,None,0,Single Leg Standing,Double Arm,Neutral,No Load,Continuous,Knee Dominant,,Sagittal Plane,Lower Body,Push,Compound,Balance
Suspension Skater Squat,Video Demonstration,,Novice,Quadriceps,Quadriceps Femoris,Gluteus Maximus,Suspension Trainer,None,0,Single Leg Standing,Double Arm,Neutral,No Load,Continuous,Knee Dominant,,Sagittal Plane,Lower Body,Push,Compound,Balance
Bodyweight Tuck Jump,Video Demonstration,Video Explanation,Novice,Quadriceps,Quadriceps Femoris,Gluteus Maximus,Bodyweight,None,0,Standing,No Arms,No Grip,No Load,Continuous,Unsorted*,,Sagittal Plane,Lower Body,Unsorted*,Compound,Plyometric
Bodyweight Alternating Single Leg Wall Sit,Video Demonstration,Video Explanation,Novice,Quadriceps,Quadriceps Femoris,Gluteus Maximus,Bodyweight,None,0,Standing,No Arms,No Grip,No Load,Alternating,Isometric Hold,,Sagittal Plane,Lower Body,Other,Compound,Unsorted*
Bodyweight Single Leg Romanian Deadlift Jump,Video Demonstration,,Intermediate,Hamstrings,Biceps Femoris,Gluteus Maximus,Bodyweight,None,0,Single Leg Standing,No Arms,No Grip,No Load,Continuous,Hip Hinge,,Sagittal Plane,Lower Body,Other,Compound,Plyometric
Double Dumbbell Overhead Walking Lunge,Video Demonstration,Video Explanation,Intermediate,Quadriceps,Quadriceps Femoris,Gluteus Maximus,Dumbbell,None,0,Walking,Double Arm,Neutral,Overhead,Alternating,Knee Dominant,,Sagittal Plane,Lower Body,Push,Compound,Bodybuilding
Stability Ball Double Dumbbell Suitcase Bulgarian Split Squat,,,Intermediate,Quadriceps,Quadriceps Femoris,Gluteus Maximus,Stability Ball,Dumbbell,2,Single Leg Supported,Double Arm,Neutral,Suitcase,Continuous,Knee Dominant,,Sagittal Plane,Lower Body,Push,Compound,Bodybuilding
Bodyweight Reverse Nordic,Video Demonstration,Video Explanation,Intermediate,Quadriceps,Quadriceps Femoris,,Bodyweight,None,0,Tall Kneeling,No Arms,No Grip,No Load,Continuous,Knee Dominant,,Sagittal Plane,Lower Body,Unsorted*,Isolation,Unsorted*
Bodyweight Alternating Lateral Bench Jump,Video Demonstration,Video Explanation,Novice,Glutes,Gluteus Maximus,,Bodyweight,Bench (Flat),1,Standing,No Arms,No Grip,No Load,Alternating,Unsorted*,,Frontal Plane,Lower Body,Unsorted*,Compound,Plyometric
Single Arm Dumbbell Front Rack Squat,Video Demonstration,,Novice,Quadriceps,Quadriceps Femoris,Gluteus Maximus,Dumbbell,None,0,Standing,Single Arm,Neutral,Front Rack,Continuous,Knee Dominant,,Sagittal Plane,Lower Body,Push,Compound,Bodybuilding
Bodyweight Skater Jump,Video Demonstration,Video Explanation,Intermediate,Abductors,Gluteus Medius,Quadriceps Femoris,Bodyweight,None,0,Single Leg Standing,No Arms,No Grip,No Load,Alternating,Unsorted*,,Frontal Plane,Lower Body,Push,Compound,Plyometric
Slider Single Arm Dumbbell Front Rack Contralateral Reverse Lunge,Video Demonstration,,Novice,Quadriceps,Quadriceps Femoris,Gluteus Maximus,Sliders,Dumbbell,1,Standing,Single Arm,Neutral,Front Rack,Continuous,Knee Dominant,,Sagittal Plane,Lower Body,Push,Compound,Bodybuilding
Cable Prone Bench Hamstring Curl,Video Demonstration,Video Explanation,Novice,Hamstrings,Biceps Femoris,Gluteus Maximus,Cable,Bench (Flat),1,Prone,No Arms,No Grip,Other,Continuous,Knee Dominant,,Sagittal Plane,Lower Body,Pull,Isolation,Bodybuilding
Bodyweight Bulgarian Split Squat Jump,Video Demonstration,Video Explanation,Intermediate,Quadriceps,Quadriceps Femoris,Gluteus Maximus,Bodyweight,Bench (Flat),1,Single Leg Supported,No Arms,No Grip,No Load,Continuous,Knee Dominant,,Sagittal Plane,Lower Body,Push,Compound,Plyometric
Cable Standing Single Leg Hamstring Curl,Video Demonstration,,Novice,Hamstrings,Biceps Femoris,Gluteus Maximus,Cable,None,0,Single Leg Standing,No Arms,Hand Assisted,Other,Continuous,Knee Dominant,,Sagittal Plane,Lower Body,Pull,Isolation,Bodybuilding
Bodyweight Nordic Hamstring Curl,Video Demonstration,Video Explanation,Advanced,Hamstrings,Biceps Femoris,Gluteus Maximus,Bodyweight,None,0,Tall Kneeling,No Arms,No Grip,No Load,Continuous,Knee Dominant,,Sagittal Plane,Lower Body,Pull,Isolation,Unsorted*
Superband Assisted Pistol Squat,Video Demonstration,,Intermediate,Quadriceps,Quadriceps Femoris,Gluteus Maximus,Superband,None,0,Single Leg Standing,Double Arm,Neutral,Other,Continuous,Knee Dominant,,Sagittal Plane,Lower Body,Push,Compound,Balance
Slider Double Kettlebell Bottoms Up Front Rack Reverse Lunge,,,Intermediate,Quadriceps,Quadriceps Femoris,Gluteus Maximus,Sliders,Kettlebell ,2,Standing,Double Arm,Bottoms Up,Front Rack,Continuous,Knee Dominant,,Sagittal Plane,Lower Body,Push,Compound,Bodybuilding
Double Dumbbell Front Rack Squat,Video Demonstration,,Novice,Quadriceps,Quadriceps Femoris,Gluteus Maximus,Dumbbell,None,0,Standing,Double Arm,Neutral,Front Rack,Continuous,Knee Dominant,,Sagittal Plane,Lower Body,Push,Compound,Bodybuilding
Double Dumbbell Suitcase Walking Lunge,Video Demonstration,,Novice,Quadriceps,Quadriceps Femoris,Gluteus Maximus,Dumbbell,None,0,Walking,Double Arm,Neutral,Suitcase,Alternating,Knee Dominant,,Sagittal Plane,Lower Body,Push,Compound,Bodybuilding
Barbell Back Rack Walking Lunge,Video Demonstration,Video Explanation,Intermediate,Quadriceps,Quadriceps Femoris,Gluteus Maximus,Barbell,None,0,Walking,Double Arm,Pronated,Back Rack,Alternating,Knee Dominant,,Sagittal Plane,Lower Body,Push,Compound,Bodybuilding
Bodyweight Box Pistol Squat,Video Demonstration,Video Explanation,Novice,Quadriceps,Quadriceps Femoris,Gluteus Maximus,Bodyweight,Plyo Box,1,Single Leg Standing,No Arms,No Grip,No Load,Continuous,Knee Dominant,,Sagittal Plane,Lower Body,Push,Compound,Calisthenics
Barbell Overhead Squat,Video Demonstration,Video Explanation,Intermediate,Quadriceps,Quadriceps Femoris,Gluteus Maximus,Barbell,None,0,Standing,Double Arm,Pronated,Overhead,Continuous,Knee Dominant,,Sagittal Plane,Lower Body,Push,Compound,Unsorted*
Slider Double Kettlebell Bottoms Up Overhead Reverse Lunge,,,Advanced,Quadriceps,Quadriceps Femoris,Gluteus Maximus,Sliders,Kettlebell ,2,Standing,Double Arm,Bottoms Up,Overhead,Continuous,Knee Dominant,,Sagittal Plane,Lower Body,Push,Compound,Bodybuilding
Landmine Goblet Squat,Video Demonstration,Video Explanation,Novice,Quadriceps,Quadriceps Femoris,Gluteus Maximus,Landmine,None,0,Standing,Double Arm,Goblet,Front Rack,Continuous,Knee Dominant,,Sagittal Plane,Lower Body,Push,Compound,Bodybuilding
Stability Ball Hamstring Curl,Video Demonstration,Video Explanation,Novice,Hamstrings,Biceps Femoris,Gluteus Maximus,Stability Ball,None,0,Supine,No Arms,No Grip,Other,Continuous,Knee Dominant,,Sagittal Plane,Lower Body,Pull,Isolation,Unsorted*
Slider Hamstring Curl,Video Demonstration,Video Explanation,Novice,Hamstrings,Biceps Femoris,Gluteus Maximus,Sliders,None,0,Supine,No Arms,No Grip,No Load,Continuous,Knee Dominant,,Sagittal Plane,Lower Body,Pull,Isolation,Unsorted*
Bodyweight Hamstring Walkout ,Video Demonstration,Video Explanation,Novice,Hamstrings,Biceps Femoris,Gluteus Maximus,Bodyweight,None,0,Bridge,No Arms,No Grip,No Load,Alternating,Knee Dominant,,Sagittal Plane,Lower Body,Unsorted*,Compound,Unsorted*
Slider Dumbbell Goblet Reverse Lunge,Video Demonstration,,Novice,Quadriceps,Quadriceps Femoris,Gluteus Maximus,Sliders,Dumbbell,1,Standing,Double Arm,Goblet,Front Rack,Continuous,Knee Dominant,,Sagittal Plane,Lower Body,Push,Compound,Bodybuilding
Bodyweight Dragon Squat,Video Demonstration,Video Explanation,Expert,Quadriceps,Quadriceps Femoris,Gluteus Maximus,Bodyweight,None,0,Single Leg Standing,No Arms,No Grip,No Load,Continuous,Knee Dominant,,Frontal Plane,Lower Body,Push,Compound,Calisthenics
Stability Ball Single Leg Hamstring Curl,Video Demonstration,Video Explanation,Intermediate,Hamstrings,Biceps Femoris,Gluteus Maximus,Stability Ball,None,0,Supine,No Arms,No Grip,No Load,Continuous,Knee Dominant,,Sagittal Plane,Lower Body,Pull,Isolation,Bodybuilding
Barbell Single Leg Romanian Deadlift,,Video Explanation,Intermediate,Hamstrings,Biceps Femoris,Gluteus Maximus,Barbell,None,0,Single Leg Standing,Double Arm,Pronated,Other,Continuous,Hip Hinge,,Sagittal Plane,Lower Body,Pull,Compound,Bodybuilding
Double Dumbbell Suitcase Lateral Lunge,Video Demonstration,Video Explanation,Novice,Quadriceps,Quadriceps Femoris,Gluteus Maximus,Dumbbell,None,0,Standing,Double Arm,Neutral,Suitcase,Continuous,Knee Dominant,,Frontal Plane,Lower Body,Unsorted*,Compound,Unsorted*
Barbell Zombie Walking Lunge,,Video Explanation,Advanced,Quadriceps,Quadriceps Femoris,Gluteus Maximus,Barbell,None,0,Walking,Double Arm,No Grip,Front Rack,Alternating,Knee Dominant,,Sagittal Plane,Lower Body,Push,Compound,Bodybuilding
Barbell Overhead Walking Lunge,Video Demonstration,,Expert,Quadriceps,Quadriceps Femoris,Gluteus Maximus,Barbell,None,0,Walking,Double Arm,Pronated,Overhead,Alternating,Knee Dominant,,Sagittal Plane,Lower Body,Push,Compound,Bodybuilding
Barbell Squat Clean,Video Demonstration,Video Explanation,Expert,Quadriceps,Quadriceps Femoris,Gluteus Maximus,Barbell,None,0,Standing,Double Arm,Pronated,Front Rack,Continuous,Knee Dominant,Hip Hinge,Sagittal Plane,Full Body,Unsorted*,Compound,Olympic Weightlifting 
Single Arm Landmine Split Clean to Split Jerk,,Video Explanation,Expert,Shoulders,Anterior Deltoids,Triceps Brachii,Landmine,None,0,Staggered Stance,Single Arm,Pronated,Overhead,Alternating,Vertical Push,Knee Dominant,Sagittal Plane,Full Body,Unsorted*,Compound,Unsorted*
Single Arm Landmine Hack Squat,Video Demonstration,Video Explanation,Intermediate,Quadriceps,Quadriceps Femoris,Gluteus Maximus,Landmine,None,0,Standing,Single Arm,Neutral,Shoulder,Continuous,Knee Dominant,,Sagittal Plane,Lower Body,Push,Compound,Bodybuilding
Double Indian Club Lateral Arm Circles,,,Novice,Shoulders,Lateral Deltoids,,Indian Club,None,0,Standing,Double Arm,Neutral,Lateral,Continuous,Unsorted*,,Sagittal Plane,Upper Body,Other,,Mobility
Resistance Band Shoulder Dislocates,Video Demonstration,Video Explanation,Novice,Shoulders,Posterior Deltoids,Supraspinatus,Resistance Band,None,0,Standing,Double Arm,Pronated,Lateral,Continuous,Unsorted*,,Sagittal Plane,Upper Body,Unsorted*,Compound,Mobility
Suspension Reverse Grip Bicep Curl,Video Demonstration,,Novice,Forearms,Brachioradialis,Biceps Brachii,Suspension Trainer,None,0,Standing,Double Arm,Pronated,No Load,Continuous,Elbow Flexion,,Sagittal Plane,Upper Body,Pull,Isolation,Unsorted*
Cable Straight Bar Reverse Grip Bicep Curl,Video Demonstration,,Novice,Forearms,Brachioradialis,Biceps Brachii,Cable,None,0,Standing,Double Arm,Pronated,Other,Continuous,Elbow Flexion,,Sagittal Plane,Upper Body,Pull,Isolation,Bodybuilding
Single Arm Cable Reverse Grip Bicep Curl,Video Demonstration,,Novice,Forearms,Brachioradialis,Biceps Brachii,Cable,None,0,Standing,Single Arm,Pronated,Other,Continuous,Elbow Flexion,,Sagittal Plane,Upper Body,Pull,Isolation,Bodybuilding
Bar Eccentric Chin Up ,Video Demonstration,,Novice,Biceps,Biceps Brachii,Latissimus Dorsi,Pull Up Bar,None,0,Hanging,Double Arm,Supinated,No Load,Continuous,Vertical Pull,,Sagittal Plane,Upper Body,Pull,Compound,Calisthenics
Bar Eccentric Pull Up,Video Demonstration,,Novice,Back,Latissimus Dorsi,,Pull Up Bar,None,0,Hanging,Double Arm,Pronated,No Load,Continuous,Vertical Pull,,Sagittal Plane,Upper Body,Pull,Compound,Calisthenics
Landmine Half Kneeling Oblique Twist ,Video Demonstration,,Intermediate,Abdominals,Obliques,,Landmine,None,0,Half Kneeling,Double Arm,Neutral,Other,Continuous,Rotational,,Transverse Plane,Core,Other,Compound,Unsorted*
Single Arm Bar Dead Hang,Video Demonstration,,Novice,Forearms,Brachioradialis,Latissimus Dorsi,Pull Up Bar,None,0,Hanging,Single Arm,Pronated,No Load,Continuous,Isometric Hold,,Sagittal Plane,Upper Body,Other,Compound,Calisthenics
Single Arm Kettlebell Tall Kneeling Overhead Press,Video Demonstration,,Novice,Shoulders,Anterior Deltoids,Triceps Brachii,Kettlebell,None,0,Tall Kneeling,Single Arm,Pronated,Overhead,Continuous,Vertical Push,,Sagittal Plane,Upper Body,Push,Compound,Bodybuilding
Alternating Double Kettlebell Tall Kneeling Overhead Press,Video Demonstration,,Novice,Shoulders,Anterior Deltoids,Triceps Brachii,Kettlebell,None,0,Tall Kneeling,Double Arm,Pronated,Overhead,Continuous,Vertical Push,,Sagittal Plane,Upper Body,Push,Compound,Bodybuilding
Alternating Double Kettlebell Half Kneeling Overhead Press,Video Demonstration,,Novice,Shoulders,Anterior Deltoids,Triceps Brachii,Kettlebell,None,0,Half Kneeling,Double Arm,Pronated,Overhead,Continuous,Vertical Push,,Sagittal Plane,Upper Body,Push,Compound,Bodybuilding
Stability Ball Single Arm Forearm Plank,Video Demonstration,,Expert,Abdominals,Rectus Abdominis,,Stability Ball,None,0,Prone,Single Arm,Forearm,No Load,Continuous,Anti-Rotational,Anti-Extension,Sagittal Plane,Core,Other,Compound,Unsorted*
Stability Ball Feet Elevated Single Arm Forearm Plank,Video Demonstration,,Expert,Abdominals,Rectus Abdominis,,Stability Ball,None,0,Prone,Single Arm,Forearm,No Load,Continuous,Anti-Rotational,Anti-Extension,Sagittal Plane,Core,Other,Compound,Unsorted*
Landmine Zercher Skater Squat,Video Demonstration,,Intermediate,Quadriceps,Quadriceps Femoris,Gluteus Maximus,Landmine,None,0,Single Leg Standing,Double Arm,No Grip,Zercher,Continuous,Knee Dominant,,Sagittal Plane,Lower Body,Push,Compound,Balance
Single Arm Landmine Front Rack Contralateral Reverse Lunge to Shoulder Press,Video Demonstration,,Intermediate,Quadriceps,Quadriceps Femoris,Anterior Deltoids,Landmine,None,0,Standing,Single Arm,Neutral,Overhead,Continuous,Knee Dominant,Vertical Push,Sagittal Plane,Full Body,Push,Compound,Unsorted*
Landmine Thruster,Video Demonstration,Video Explanation,Novice,Quadriceps,Quadriceps Femoris,Anterior Deltoids,Landmine,None,0,Standing,Double Arm,Neutral,Overhead,Continuous,Knee Dominant,Vertical Push,Sagittal Plane,Full Body,Push,Compound,Bodybuilding
Landmine Romanian Deadlift,Video Demonstration,Video Explanation,Novice,Hamstrings,Biceps Femoris,Gluteus Maximus,Landmine,None,0,Standing,Double Arm,Neutral,Other,Continuous,Hip Hinge,,Sagittal Plane,Lower Body,Unsorted*,Compound,Bodybuilding
Single Arm Landmine Single Leg Romanian Deadlift,Video Demonstration,Video Explanation,Intermediate,Hamstrings,Biceps Femoris,Gluteus Maximus,Landmine,None,0,Single Leg Standing,Single Arm,Pronated,Other,Continuous,Hip Hinge,,Sagittal Plane,Lower Body,Unsorted*,Compound,Bodybuilding
Landmine Tall Kneeling Oblique Twist,Video Demonstration,Video Explanation,Intermediate,Abdominals,Obliques,Rectus Abdominis,Landmine,None,0,Tall Kneeling,Double Arm,Neutral,Other,Continuous,Rotational,,Transverse Plane,Core,Other,Compound,Unsorted*
Landmine Feet Elevated Russian Twist,Video Demonstration,,Intermediate,Abdominals,Obliques,Rectus Abdominis,Landmine,None,0,Seated Floor,Double Arm,Neutral,Other,Continuous,Rotational,,Transverse Plane,Core,Other,Compound,Unsorted*
Single Arm Landmine Thruster,Video Demonstration,Video Explanation,Intermediate,Quadriceps,Quadriceps Femoris,Anterior Deltoids,Landmine,None,0,Standing,Single Arm,Neutral,Overhead,Continuous,Knee Dominant,Vertical Push,Sagittal Plane,Full Body,Push,Compound,Bodybuilding
Double Kettlebell Tall Kneeling Seesaw Overhead Press,Video Demonstration,,Novice,Shoulders,Anterior Deltoids,Triceps Brachii,Kettlebell,None,0,Tall Kneeling,Double Arm,Pronated,Overhead,Continuous,Vertical Push,,Sagittal Plane,Upper Body,Push,Compound,Bodybuilding
Single Arm Kettlebell Arm Bar,,Video Explanation,Novice,Shoulders,Infraspinatus,Subscapularis,Kettlebell,None,0,Supine,Single Arm,Neutral,Overhead,Continuous,Rotational,,Transverse Plane,Upper Body,Other,Compound,Mobility
Barbell Power Clean to Overhead Press,,Video Explanation,Expert,Shoulders,Anterior Deltoids,Triceps Brachii,Barbell,None,0,Standing,Double Arm,Pronated,Overhead,Continuous,Hip Hinge,Vertical Push,Sagittal Plane,Full Body,Push & Pull,Compound,Olympic Weightlifting 
Single Arm Suspension Mid Row,,,Novice,Back,Latissimus Dorsi,,Suspension Trainer,None,0,Standing,Single Arm,Pronated,No Load,Continuous,Horizontal Pull,,Sagittal Plane,Upper Body,Pull,Compound,Bodybuilding
Landmine Zercher Curtsy Lunge,Video Demonstration,,Intermediate,Quadriceps,Quadriceps Femoris,Gluteus Maximus,Landmine,None,0,Standing,Double Arm,No Grip,Zercher,Continuous,Knee Dominant,,Frontal Plane,Lower Body,Push,Compound,Bodybuilding
Barbell Back Rack Alternating Cossack Squat,Video Demonstration,,Intermediate,Quadriceps,Quadriceps Femoris,Adductor Magnus,Barbell,None,0,Standing,Double Arm,Pronated,Back Rack,Alternating,Knee Dominant,,Frontal Plane,Lower Body,Push,Compound,Bodybuilding
Barbell Front Rack Alternating Cossack Squat,Video Demonstration,,Intermediate,Quadriceps,Quadriceps Femoris,Adductor Magnus,Barbell,None,0,Standing,Double Arm,Pronated,Front Rack,Alternating,Knee Dominant,,Frontal Plane,Lower Body,Push,Compound,Bodybuilding
Slider Double Kettlebell Overhead Lateral Lunge,,,Intermediate,Quadriceps,Quadriceps Femoris,Gluteus Maximus,Sliders,Kettlebell ,2,Standing,Double Arm,Pronated,Overhead,Continuous,Knee Dominant,,Frontal Plane,Lower Body,Other,Compound,Bodybuilding
Dumbbell Goblet Alternating Cossack Squat,Video Demonstration,,Novice,Quadriceps,Quadriceps Femoris,Adductor Magnus,Dumbbell,None,0,Standing,Double Arm,Goblet,Front Rack,Alternating,Knee Dominant,,Frontal Plane,Lower Body,Push,Compound,Bodybuilding
Bodyweight Alternating Cossack Squat,Video Demonstration,Video Explanation,Beginner,Quadriceps,Quadriceps Femoris,Adductor Magnus,Bodyweight,None,0,Standing,No Arms,No Grip,No Load,Alternating,Knee Dominant,,Frontal Plane,Lower Body,Push,Compound,Bodybuilding
Bodyweight Knee Over Toe Split Squat ,Video Demonstration,Video Explanation,Beginner,Quadriceps,Quadriceps Femoris,Gluteus Maximus,Bodyweight,None,0,Knee Over Toe Split Squat,No Arms,No Grip,No Load,Continuous,Knee Dominant,,Sagittal Plane,Lower Body,Push,Compound,Bodybuilding
Barbell Back Rack Knee Over Toe Split Squat,Video Demonstration,,Intermediate,Quadriceps,Quadriceps Femoris,Gluteus Maximus,Barbell,None,0,Knee Over Toe Split Squat,Double Arm,Pronated,Back Rack,Continuous,Knee Dominant,,Sagittal Plane,Lower Body,Push,Compound,Bodybuilding
Barbell Front Rack Knee Over Toe Split Squat,Video Demonstration,,Intermediate,Quadriceps,Quadriceps Femoris,Gluteus Maximus,Barbell,None,0,Knee Over Toe Split Squat,Double Arm,Pronated,Front Rack,Continuous,Knee Dominant,,Sagittal Plane,Lower Body,Push,Compound,Bodybuilding
Barbell Overhead Knee Over Toe Split Squat,,,Advanced,Quadriceps,Quadriceps Femoris,Gluteus Maximus,Barbell,None,0,Knee Over Toe Split Squat,Double Arm,Pronated,Overhead,Continuous,Knee Dominant,,Sagittal Plane,Lower Body,Push,Compound,Bodybuilding
EZ Bar Incline Bench Lying Tricep Extension,Video Demonstration,,Novice,Triceps,Triceps Brachii ,,EZ Bar,Bench (Incline),1,Seated,Double Arm,Pronated,Other,Continuous,Elbow Extension,,Sagittal Plane,Upper Body,Push,Compound,Bodybuilding
EZ Bar Skull Crusher,Video Demonstration,Video Explanation,Novice,Triceps,Triceps Brachii ,Anconeus,EZ Bar,Bench (Flat),1,Supine,Double Arm,Pronated,Other,Continuous,Elbow Extension,,Sagittal Plane,Upper Body,Push,Compound,Bodybuilding
Slider Knee Tuck,Video Demonstration,Video Explanation,Novice,Abdominals,Rectus Abdominis,,Sliders,None,0,Prone,Double Arm,Flat Palm,No Load,Continuous,Spinal Flexion,,Sagittal Plane,Core,Other,Compound,Unsorted*
EZ Bar Incline Bench Skull Crusher,Video Demonstration,Video Explanation,Novice,Triceps,Triceps Brachii ,Anconeus,EZ Bar,Bench (Incline),1,Seated,Double Arm,Pronated,Other,Continuous,Elbow Extension,,Sagittal Plane,Upper Body,Push,Compound,Bodybuilding
EZ Bar Decline Bench Skull Crusher,Video Demonstration,Video Explanation,Novice,Triceps,Triceps Brachii ,Anconeus,EZ Bar,Bench (Decline),1,Supine,Double Arm,Pronated,Other,Continuous,Elbow Extension,,Sagittal Plane,Upper Body,Push,Compound,Bodybuilding
EZ Bar Front Raise,Video Demonstration,,Novice,Shoulders,Anterior Deltoids,Pectoralis Major,EZ Bar,None,0,Standing,Double Arm,Pronated,Other,Continuous,Shoulder Flexion,,Sagittal Plane,Upper Body,Push,Isolation,Bodybuilding
Suspension Pike,Video Demonstration,Video Explanation,Intermediate,Abdominals,Rectus Abdominis,,Suspension Trainer,None,0,Prone,Double Arm,Flat Palm,No Load,Continuous,Spinal Flexion,,Sagittal Plane,Core,Other,Compound,Unsorted*
Suspension Side Plank Reach Through,Video Demonstration,,Advanced,Abdominals,Obliques,Rectus Abdominis,Suspension Trainer,None,0,Side Plank,Single Arm,Flat Palm,No Load,Continuous,Anti-Lateral Flexion,Spinal Rotational,Transverse Plane,Core,Other,Compound,Unsorted*
Bodyweight Cocoon Crunch,Video Demonstration,Video Explanation,Intermediate,Abdominals,Rectus Abdominis,Iliopsoas,Bodyweight,None,0,Supine,Double Arm,No Grip,No Load,Continuous,Spinal Flexion,,Sagittal Plane,Core,Other,Compound,Unsorted*
Ab Wheel Standing Rollout,Video Demonstration,Video Explanation,Advanced,Abdominals,Rectus Abdominis,Latissimus Dorsi,Ab Wheel,None,0,Standing,Double Arm,Pronated,Other,Continuous,Anti-Extension,,Sagittal Plane,Core,Other,Compound,Unsorted*
Cable Fire Hydrant,Video Demonstration,,Novice,Glutes,Gluteus Maximus,Gluteus Medius,Cable,None,0,Quadruped,No Arms,Flat Palm,Other,Continuous,Hip External Rotation,,Transverse Plane,Lower Body,Other,Isolation,Bodybuilding
Cable Tall Kneeling Pull Through,Video Demonstration,,Novice,Glutes,Gluteus Maximus,,Cable,None,0,Tall Kneeling,Double Arm,Neutral,Other,Continuous,Hip Hinge,,Sagittal Plane,Lower Body,Unsorted*,Compound,Bodybuilding
Stability Ball Bent Knee Reverse Hyperextension,,Video Explanation,Novice,Glutes,Gluteus Maximus,,Stability Ball,None,0,Prone,Double Arm,Flat Palm,No Load,Continuous,Hip Extension,,Sagittal Plane,Lower Body,Unsorted*,Isolation,Bodybuilding
Bodyweight Bent Knee Reverse Hyperextension,Video Demonstration,Video Explanation,Novice,Glutes,Gluteus Maximus,,Bodyweight,Bench (Flat),1,Prone,Double Arm,Neutral,No Load,Continuous,Hip Extension,,Sagittal Plane,Lower Body,Unsorted*,Isolation,Bodybuilding
Parallette Tuck L Sit,Video Demonstration,Video Explanation,Intermediate,Abdominals,Rectus Abdominis,,Parallette Bars,None,0,Tuck L Sit,Double Arm,Neutral,No Load,Continuous,Isometric Hold,,Sagittal Plane,Core,Other,Compound,Calisthenics
EZ Bar Close Grip Bicep Curl,Video Demonstration,Video Explanation,Novice,Biceps,Biceps Brachii,Brachialis,EZ Bar,None,0,Standing,Double Arm,Supinated,Other,Continuous,Elbow Flexion,,Sagittal Plane,Upper Body,Pull,Isolation,Bodybuilding
EZ Bar Overhead Press,Video Demonstration,,Novice,Shoulders,Anterior Deltoids,Triceps Brachii,EZ Bar,None,0,Standing,Double Arm,Pronated,Overhead,Continuous,Vertical Push,,Sagittal Plane,Upper Body,Push,Compound,Bodybuilding
Parallette Single Leg L Sit,Video Demonstration,Video Explanation,Intermediate,Abdominals,Rectus Abdominis,,Parallette Bars,None,0,L Sit,Double Arm,Neutral,No Load,Continuous,Isometric Hold,,Sagittal Plane,Core,Other,Compound,Calisthenics
Stability Ball Bottoms Up,,Video Explanation,Intermediate,Abdominals,Rectus Abdominis,,Stability Ball,None,0,Supine,No Arms,No Grip,Other,Continuous,Hip Flexion,,Sagittal Plane,Core,Other,Compound,Unsorted*
Stability Ball Windshield Wiper,Video Demonstration,Video Explanation,Novice,Abdominals,Obliques,Rectus Abdominis,Stability Ball,None,0,Supine,No Arms,No Grip,No Load,Continuous,Rotational,,Transverse Plane,Core,Other,Compound,Unsorted*
Stability Ball Tall Kneeling Balance,Video Demonstration,Video Explanation,Intermediate,Abdominals,Rectus Abdominis,,Stability Ball,None,0,Tall Kneeling,No Arms,No Grip,No Load,Continuous,Isometric Hold,,Sagittal Plane,Core,Other,Compound,Balance
Stability Ball Oblique Crunch ,,Video Explanation,Beginner,Abdominals,Obliques,Rectus Abdominis,Stability Ball,None,0,Supine,No Arms,Head Supported,No Load,Continuous,Rotational,Spinal Flexion,Transverse Plane,Core,Other,Compound,Unsorted*
Stability Ball Forearm Plank,Video Demonstration,Video Explanation,Novice,Abdominals,Rectus Abdominis,,Stability Ball,None,0,Prone,Double Arm,Forearm,No Load,Continuous,Anti-Extension,,Frontal Plane,Core,Other,Compound,Unsorted*
Slider Double Kettlebell Suitcase Lateral Lunge,Video Demonstration,,Novice,Quadriceps,Quadriceps Femoris,Gluteus Maximus,Sliders,Kettlebell ,2,Standing,Double Arm,Neutral,Suitcase,Continuous,Knee Dominant,,Frontal Plane,Lower Body,Other,Compound,Bodybuilding
Slider Kettlebell Horn Grip Lateral Lunge,Video Demonstration,,Novice,Quadriceps,Quadriceps Femoris,Gluteus Maximus,Sliders,Kettlebell ,1,Standing,Double Arm,Horn Grip,Front Rack,Continuous,Knee Dominant,,Frontal Plane,Lower Body,Other,Compound,Bodybuilding
Single Arm Dumbbell Turkish Sit Up,Video Demonstration,,Intermediate,Abdominals,Rectus Abdominis,Anterior Deltoids,Dumbbell,None,0,Supine,Single Arm,Pronated,Overhead,Continuous,Spinal Flexion,,Sagittal Plane,Core,Other,Compound,Unsorted*
Single Arm Landmine Turkish Sit Up,Video Demonstration,Video Explanation,Intermediate,Abdominals,Rectus Abdominis,Anterior Deltoids,Landmine,None,0,Supine,Single Arm,Neutral,Overhead,Continuous,Spinal Flexion,,Sagittal Plane,Core,Other,Compound,Unsorted*
Double Kettlebell Front Rack Cyclist Squat,Video Demonstration,,Novice,Quadriceps,Quadriceps Femoris,Gluteus Maximus,Kettlebell,Slant Board,1,Standing,Double Arm,Neutral,Front Rack,Continuous,Knee Dominant,,Sagittal Plane,Lower Body,Push,Compound,Bodybuilding
Double Dumbbell Turkish Sit Up,Video Demonstration,,Intermediate,Abdominals,Rectus Abdominis,Anterior Deltoids,Dumbbell,None,0,Supine,Double Arm,Pronated,Overhead,Continuous,Spinal Flexion,,Sagittal Plane,Core,Other,Compound,Unsorted*
Single Arm Kettlebell Front Rack Cyclist Squat,Video Demonstration,,Novice,Quadriceps,Quadriceps Femoris,Gluteus Maximus,Kettlebell,Slant Board,1,Standing,Single Arm,Neutral,Front Rack,Continuous,Knee Dominant,,Sagittal Plane,Lower Body,Push,Compound,Bodybuilding
Single Arm Kettlebell Overhead Cyclist Squat,Video Demonstration,,Intermediate,Quadriceps,Quadriceps Femoris,Gluteus Maximus,Kettlebell,Slant Board,1,Standing,Single Arm,Pronated,Overhead,Continuous,Knee Dominant,,Sagittal Plane,Lower Body,Push,Compound,Bodybuilding
Double Dumbbell Front Rack Alternating Cossack Squat,Video Demonstration,,Novice,Quadriceps,Quadriceps Femoris,Adductor Magnus,Dumbbell,None,0,Standing,Double Arm,Neutral,Front Rack,Alternating,Knee Dominant,,Frontal Plane,Lower Body,Push,Compound,Bodybuilding
Kettlebell Horn Grip Cyclist Squat,Video Demonstration,,Novice,Quadriceps,Quadriceps Femoris,Gluteus Maximus,Kettlebell,Slant Board,1,Standing,Double Arm,Horn Grip,Front Rack,Continuous,Knee Dominant,,Sagittal Plane,Lower Body,Push,Compound,Bodybuilding
Kettlebell Bottoms Up Horn Grip Cyclist Squat,,,Novice,Quadriceps,Quadriceps Femoris,Gluteus Maximus,Kettlebell,Slant Board,1,Standing,Double Arm,Bottoms Up Horn Grip,Front Rack,Continuous,Knee Dominant,,Sagittal Plane,Lower Body,Push,Compound,Bodybuilding
Single Arm Kettlebell Bottoms Up Front Rack Cyclist Squat,Video Demonstration,,Intermediate,Quadriceps,Quadriceps Femoris,Gluteus Maximus,Kettlebell,Slant Board,1,Standing,Single Arm,Bottoms Up,Front Rack,Continuous,Knee Dominant,,Sagittal Plane,Lower Body,Push,Compound,Bodybuilding
Double Kettlebell Overhead Cyclist Squat,,,Intermediate,Quadriceps,Quadriceps Femoris,Gluteus Maximus,Kettlebell,Slant Board,1,Standing,Double Arm,Pronated,Overhead,Continuous,Knee Dominant,,Sagittal Plane,Lower Body,Push,Compound,Bodybuilding
Double Kettlebell Bottoms Up Overhead Cyclist Squat,,,Advanced,Quadriceps,Quadriceps Femoris,Gluteus Maximus,Kettlebell,Slant Board,1,Standing,Double Arm,Bottoms Up,Overhead,Continuous,Knee Dominant,,Sagittal Plane,Lower Body,Push,Compound,Bodybuilding
Double Kettlebell Bottoms Up Front Rack Cyclist Squat,,,Intermediate,Quadriceps,Quadriceps Femoris,Gluteus Maximus,Kettlebell,Slant Board,1,Standing,Double Arm,Bottoms Up,Front Rack,Continuous,Knee Dominant,,Sagittal Plane,Lower Body,Push,Compound,Bodybuilding
Single Arm Kettlebell Bottoms Up Overhead Cyclist Squat,,,Advanced,Quadriceps,Quadriceps Femoris,Gluteus Maximus,Kettlebell,Slant Board,1,Standing,Single Arm,Bottoms Up,Overhead,Continuous,Knee Dominant,,Sagittal Plane,Lower Body,Push,Compound,Bodybuilding
EZ Bar Seated Overhead Press,Video Demonstration,,Novice,Shoulders,Anterior Deltoids,Triceps Brachii,EZ Bar,Bench (Flat),1,Seated,Double Arm,Pronated,Overhead,Continuous,Vertical Push,,Sagittal Plane,Upper Body,Push,Compound,Bodybuilding
EZ Bar Tall Kneeling Overhead Tricep Extension,,,Novice,Triceps,Triceps Brachii ,Anterior Deltoids,EZ Bar,None,0,Tall Kneeling,Double Arm,Pronated,Overhead,Continuous,Elbow Extension,,Sagittal Plane,Upper Body,Push,Isolation,Bodybuilding
EZ Bar Reverse Grip Overhead Press,,,Novice,Shoulders,Anterior Deltoids,Triceps Brachii,EZ Bar,None,0,Standing,Double Arm,Supinated,Overhead,Continuous,Vertical Push,,Sagittal Plane,Upper Body,Push,Compound,Bodybuilding
Double Dumbbell Suitcase Knee Over Toe Split Squat,Video Demonstration,Video Explanation,Novice,Quadriceps,Quadriceps Femoris,Gluteus Maximus,Dumbbell,None,0,Knee Over Toe Split Squat,Double Arm,Neutral,Suitcase,Continuous,Knee Dominant,,Sagittal Plane,Lower Body,Push,Compound,Bodybuilding
EZ Bar Reverse Grip Seated Overhead Press,,,Novice,Shoulders,Anterior Deltoids,Triceps Brachii,EZ Bar,Bench (Flat),1,Seated,Double Arm,Supinated,Overhead,Continuous,Vertical Push,,Sagittal Plane,Upper Body,Push,Compound,Bodybuilding
EZ Bar Close Grip Bench Press,Video Demonstration,Video Explanation,Novice,Triceps,Triceps Brachii,Pectoralis Major,EZ Bar,Bench (Flat),1,Supine,Double Arm,Pronated,Above Chest,Continuous,Horizontal Push,,Sagittal Plane,Upper Body,Push,Compound,Bodybuilding
EZ Bar Close Grip Incline Bench Press,Video Demonstration,,Novice,Triceps,Triceps Brachii,Pectoralis Major,EZ Bar,Bench (Incline),1,Seated,Double Arm,Pronated,Above Chest,Continuous,Horizontal Push,,Sagittal Plane,Upper Body,Push,Compound,Bodybuilding
EZ Bar Close Grip Decline Bench Press,Video Demonstration,,Novice,Triceps,Triceps Brachii,Pectoralis Major,EZ Bar,Bench (Decline),1,Supine,Double Arm,Pronated,Above Chest,Continuous,Horizontal Push,,Sagittal Plane,Upper Body,Push,Compound,Bodybuilding
Cable Half Kneeling Pallof Press,Video Demonstration,Video Explanation,Novice,Abdominals,Obliques,Rectus Abdominis,Cable,None,0,Half Kneeling,Double Arm,Neutral,Other,Continuous,Anti-Rotational,,Transverse Plane,Core,Unsorted*,Compound,Unsorted*
Single Arm Kettlebell Cyclist Thruster,,,Novice,Quadriceps,Quadriceps Femoris,Anterior Deltoids,Kettlebell,Slant Board,1,Standing,Single Arm,Pronated,Overhead,Continuous,Knee Dominant,Vertical Push,Sagittal Plane,Full Body,Push,Compound,Bodybuilding
Double Kettlebell Cyclist Thruster,,,Novice,Quadriceps,Quadriceps Femoris,Anterior Deltoids,Kettlebell,Slant Board,1,Standing,Double Arm,Pronated,Overhead,Continuous,Knee Dominant,Vertical Push,Sagittal Plane,Full Body,Push,Compound,Bodybuilding
Alternating Double Kettlebell Cyclist Thruster,,,Novice,Quadriceps,Quadriceps Femoris,Anterior Deltoids,Kettlebell,Slant Board,1,Standing,Double Arm,Pronated,Overhead,Continuous,Knee Dominant,Vertical Push,Sagittal Plane,Full Body,Push,Compound,Bodybuilding
Single Arm Kettlebell Bottoms Up Cyclist Thruster,,,Intermediate,Quadriceps,Quadriceps Femoris,Anterior Deltoids,Kettlebell,Slant Board,1,Standing,Single Arm,Bottoms Up,Overhead,Continuous,Knee Dominant,Vertical Push,Sagittal Plane,Full Body,Push,Compound,Bodybuilding
Double Kettlebell Bottoms Up Cyclist Thruster,,,Intermediate,Quadriceps,Quadriceps Femoris,Anterior Deltoids,Kettlebell,Slant Board,1,Standing,Double Arm,Bottoms Up,Overhead,Continuous,Knee Dominant,Vertical Push,Sagittal Plane,Full Body,Push,Compound,Bodybuilding
Alternating Double Kettlebell Bottoms Up Cyclist Thruster,,,Intermediate,Quadriceps,Quadriceps Femoris,Anterior Deltoids,Kettlebell,Slant Board,1,Standing,Double Arm,Bottoms Up,Overhead,Continuous,Knee Dominant,Vertical Push,Sagittal Plane,Full Body,Push,Compound,Bodybuilding
Barbell Kneeling Rollout,Video Demonstration,Video Explanation,Intermediate,Abdominals,Rectus Abdominis,Latissimus Dorsi,Barbell,None,0,Kneeling,Double Arm,Pronated,Other,Continuous,Anti-Extension,,Sagittal Plane,Core,Other,Compound,Unsorted*
Barbell Reverse Grip Overhead Press,Video Demonstration,Video Explanation,Novice,Shoulders,Anterior Deltoids,Triceps Brachii,Barbell,None,0,Standing,Double Arm,Supinated,Overhead,Continuous,Vertical Push,,Sagittal Plane,Upper Body,Push,Compound,Bodybuilding
Barbell Seated Reverse Grip Overhead Press,,,Novice,Shoulders,Anterior Deltoids,Triceps Brachii,Barbell,Bench (Flat),1,Seated,Double Arm,Supinated,Overhead,Continuous,Vertical Push,,Sagittal Plane,Upper Body,Push,Compound,Bodybuilding
Cable Tall Kneeling Pallof Press,Video Demonstration,,Novice,Abdominals,Obliques,Rectus Abdominis,Cable,None,0,Tall Kneeling,Double Arm,Neutral,Other,Continuous,Anti-Rotational,,Transverse Plane,Core,Other,Compound,Unsorted*
Tire Sledge Hammer Staggered Stance Slam,Video Demonstration,Video Explanation,Novice,Abdominals,Obliques,Rectus Abdominis,Tire,Sledge Hammer,1,Staggered Stance,Double Arm,Neutral,Overhead,Continuous,Rotational,,Transverse Plane,Upper Body,Other,Compound,Ballistics
Tire Macebell Staggered Stance Slam,,,Novice,Abdominals,Obliques,Rectus Abdominis,Tire,Macebell,1,Staggered Stance,Double Arm,Neutral,Overhead,Continuous,Rotational,,Transverse Plane,Upper Body,Other,Compound,Ballistics
Barbell Hang Power Clean,Video Demonstration,Video Explanation,Intermediate,Glutes,Gluteus Maximus,,Barbell,None,0,Standing,Double Arm,Pronated,Front Rack,Continuous,Hip Hinge,,Sagittal Plane,Full Body,Unsorted*,Compound,Olympic Weightlifting
Landmine Goblet Alternating Cossack Squat,Video Demonstration,,Intermediate,Quadriceps,Quadriceps Femoris,Adductor Magnus,Landmine,None,0,Standing,Double Arm,Goblet,Front Rack,Alternating,Knee Dominant,,Frontal Plane,Lower Body,Push,Compound,Bodybuilding
Landmine Low Hold Alternating Cossack Squat,Video Demonstration,,Intermediate,Quadriceps,Quadriceps Femoris,Adductor Magnus,Landmine,None,0,Standing,Double Arm,Neutral,Low Hold,Alternating,Knee Dominant,,Frontal Plane,Lower Body,Push,Compound,Bodybuilding
Bodyweight Push Up,Video Demonstration,Video Explanation,Novice,Chest,Pectoralis Major,Triceps Brachii,Bodyweight,None,0,Prone,Double Arm,Flat Palm,No Load,Continuous,Horizontal Push,,Sagittal Plane,Upper Body,Push,Compound,Calisthenics
Barbell Close Grip Incline Bench Press,Video Demonstration,,Novice,Triceps,Triceps Brachii,Pectoralis Major,Barbell,Bench (Incline),1,Seated,Double Arm,Pronated,Above Chest,Continuous,Horizontal Push,,Sagittal Plane,Upper Body,Push,Compound,Bodybuilding
Barbell Close Grip Decline Bench Press,,Video Explanation,Novice,Triceps,Triceps Brachii,Pectoralis Major,Barbell,Bench (Decline),1,Supine,Double Arm,Pronated,Above Chest,Continuous,Horizontal Push,,Sagittal Plane,Upper Body,Push,Compound,Bodybuilding
Double Dumbbell Push Press,Video Demonstration,,Novice,Shoulders,Anterior Deltoids,Triceps Brachii,Dumbbell,None,0,Standing,Double Arm,Neutral,Overhead,Continuous,Vertical Push,,Sagittal Plane,Upper Body,Push,Compound,Bodybuilding
Single Arm Dumbbell Push Press,Video Demonstration,Video Explanation,Novice,Shoulders,Anterior Deltoids,Triceps Brachii,Dumbbell,None,0,Standing,Single Arm,Neutral,Overhead,Continuous,Vertical Push,,Sagittal Plane,Upper Body,Push,Compound,Unsorted*
Alternating Double Dumbbell Push Press,Video Demonstration,,Novice,Shoulders,Anterior Deltoids,Triceps Brachii,Dumbbell,None,0,Standing,Double Arm,Neutral,Overhead,Continuous,Vertical Push,,Sagittal Plane,Upper Body,Push,Compound,Unsorted*
Single Arm Kettlebell Bottoms Up Push Jerk,,,Novice,Shoulders,Anterior Deltoids,Triceps Brachii,Kettlebell,None,0,Standing,Single Arm,Bottoms Up,Overhead,Continuous,Vertical Push,,Sagittal Plane,Upper Body,Push,Compound,Unsorted*
Cable Rope Tall Kneeling Overhead Tricep Extension,Video Demonstration,,Novice,Triceps,Triceps Brachii ,Anterior Deltoids,Cable,None,0,Tall Kneeling,Double Arm,Neutral,Overhead,Continuous,Elbow Extension,,Sagittal Plane,Upper Body,Push,Isolation,Bodybuilding
Alternating Double Kettlebell Push Jerk,Video Demonstration,,Novice,Shoulders,Anterior Deltoids,Triceps Brachii,Kettlebell,None,0,Standing,Double Arm,Pronated,Overhead,Continuous,Vertical Push,,Sagittal Plane,Upper Body,Push,Compound,Unsorted*
Double Dumbbell Push Jerk,Video Demonstration,Video Explanation,Novice,Shoulders,Anterior Deltoids,Triceps Brachii,Dumbbell,None,0,Standing,Double Arm,Neutral,Overhead,Continuous,Vertical Push,,Sagittal Plane,Upper Body,Push,Compound,Unsorted*
Alternating Double Kettlebell Overhead Press,Video Demonstration,,Novice,Shoulders,Anterior Deltoids,,Kettlebell,None,0,Standing,Double Arm,Neutral,Overhead,Continuous,Vertical Push,,Sagittal Plane,Upper Body,Push,Compound,Bodybuilding
Single Arm Dumbbell Push Jerk,Video Demonstration,,Novice,Shoulders,Anterior Deltoids,Triceps Brachii,Dumbbell,None,0,Standing,Single Arm,Neutral,Overhead,Continuous,Vertical Push,,Sagittal Plane,Upper Body,Push,Compound,Unsorted*
Alternating Double Dumbbell Push Jerk,Video Demonstration,,Novice,Shoulders,Anterior Deltoids,Triceps Brachii,Dumbbell,None,0,Standing,Double Arm,Neutral,Overhead,Continuous,Vertical Push,,Sagittal Plane,Upper Body,Push,Compound,Unsorted*
Double Plate Seated Lu Raise,,,Novice,Shoulders,Infraspinatus,Posterior Deltoids,Weight Plate,Bench (Flat),1,Seated,Double Arm,Other,Overhead,Continuous,Shoulder Abduction,,Frontal Plane,Upper Body,Unsorted*,Compound,Mobility
Double Kettlebell Bottoms Up Floor Press,Video Demonstration,,Novice,Chest,Pectoralis Major,Triceps Brachii,Kettlebell,None,0,Supine,Double Arm,Bottoms Up,Above Chest,Continuous,Horizontal Push,,Sagittal Plane,Upper Body,Push,Compound,Bodybuilding
Alternating Double Kettlebell Bottoms Up Floor Press,,,Novice,Chest,Pectoralis Major,Triceps Brachii,Kettlebell,None,0,Supine,Double Arm,Bottoms Up,Above Chest,Continuous,Horizontal Push,,Sagittal Plane,Upper Body,Push,Compound,Bodybuilding
Single Arm Kettlebell Bottoms Up Floor Press,Video Demonstration,Video Explanation,Novice,Chest,Pectoralis Major,Triceps Brachii,Kettlebell,None,0,Supine,Single Arm,Bottoms Up,Above Chest,Continuous,Horizontal Push,,Sagittal Plane,Upper Body,Push,Compound,Bodybuilding
Trap Bar Bent Over Row,Video Demonstration,Video Explanation,Novice,Back,Latissimus Dorsi,Rhomboids,Trap Bar,None,0,Standing,Double Arm,Neutral,Other,Continuous,Horizontal Pull,,Sagittal Plane,Upper Body,Pull,Compound,Bodybuilding
Trap Bar Pendlay Row,Video Demonstration,,Novice,Back,Latissimus Dorsi,,Trap Bar,None,0,Standing,Double Arm,Neutral,Other,Continuous,Horizontal Pull,,Sagittal Plane,Upper Body,Pull,Compound,Bodybuilding
Trap Bar Shrug,Video Demonstration,,Novice,Trapezius,Upper Trapezius,Levator Scapulae,Trap Bar,None,0,Standing,Double Arm,Neutral,Suitcase,Continuous,Scapular Elevation,,Sagittal Plane,Upper Body,Pull,Isolation,Bodybuilding
Bodyweight Tuck L Sit,Video Demonstration,Video Explanation,Advanced,Abdominals,Rectus Abdominis,,Bodyweight,None,0,Tuck L Sit,Double Arm,Flat Palm,No Load,Continuous,Isometric Hold,,Sagittal Plane,Core,Other,Compound,Calisthenics
Parallette Straddle L Sit,Video Demonstration,,Advanced,Abdominals,Rectus Abdominis,,Parallette Bars,None,0,L Sit,Double Arm,Neutral,No Load,Continuous,Isometric Hold,,Sagittal Plane,Core,Other,Compound,Calisthenics
Ring Turned Out L Sit,,,Expert,Abdominals,Rectus Abdominis,,Gymnastic Rings,None,0,L Sit,Double Arm,Supinated,No Load,Continuous,Isometric Hold,,Sagittal Plane,Core,Other,Compound,Calisthenics
Battle Rope Power Slam,Video Demonstration,Video Explanation,Novice,Abdominals,Rectus Abdominis,,Battle Ropes,None,0,Standing,Double Arm,Neutral,Other,Continuous,Unsorted*,,Sagittal Plane,Upper Body,Other,Compound,Unsorted*
Bodyweight Manna ,Video Demonstration,Video Explanation,Grand Master,Abdominals,Rectus Abdominis,,Bodyweight,None,0,Other,Double Arm,Flat Palm,No Load,Continuous,Isometric Hold,,Sagittal Plane,Full Body,Unsorted*,Compound,Unsorted*
Ring Tuck Back Lever,Video Demonstration,Video Explanation,Advanced,Abdominals,Rectus Abdominis,,Gymnastic Rings,None,0,Hanging,Double Arm,Pronated,No Load,Continuous,Isometric Hold,,Sagittal Plane,Full Body,Other,Compound,Calisthenics
Ring Advanced Tuck Back Lever,,Video Explanation,Advanced,Abdominals,Rectus Abdominis,,Gymnastic Rings,None,0,Hanging,Double Arm,Pronated,No Load,Continuous,Isometric Hold,,Sagittal Plane,Full Body,Other,Compound,Calisthenics
Ring Straddle Back Lever,,Video Explanation,Expert,Abdominals,Rectus Abdominis,,Gymnastic Rings,None,0,Hanging,Double Arm,Pronated,No Load,Continuous,Isometric Hold,,Sagittal Plane,Full Body,Other,Compound,Calisthenics
Ring Half Lay Back Lever,,,Advanced,Abdominals,Rectus Abdominis,,Gymnastic Rings,None,0,Hanging,Double Arm,Pronated,No Load,Continuous,Isometric Hold,,Sagittal Plane,Full Body,Other,Compound,Calisthenics
Ring Single Leg Out Back Lever,,,Advanced,Abdominals,Rectus Abdominis,,Gymnastic Rings,None,0,Hanging,Double Arm,Pronated,No Load,Continuous,Isometric Hold,,Sagittal Plane,Full Body,Other,Compound,Calisthenics
Ring Full Back Lever,Video Demonstration,Video Explanation,Expert,Abdominals,Rectus Abdominis,,Gymnastic Rings,None,0,Hanging,Double Arm,Pronated,No Load,Continuous,Isometric Hold,,Sagittal Plane,Full Body,Other,Compound,Calisthenics
Trap Bar Floor Press,Video Demonstration,,Novice,Chest,Pectoralis Major,Triceps Brachii,Trap Bar,None,0,Supine,Double Arm,Neutral,Above Chest,Continuous,Horizontal Push,,Sagittal Plane,Upper Body,Push,Compound,Bodybuilding
Trap Bar Overhead Press,Video Demonstration,,Novice,Shoulders,Anterior Deltoids,Triceps Brachii,Trap Bar,None,0,Standing,Double Arm,Neutral,Overhead,Continuous,Vertical Push,,Sagittal Plane,Upper Body,Push,Compound,Bodybuilding
Ring Handstand Lower to Back Lever,,,Master,Abdominals,Rectus Abdominis,,Gymnastic Rings,None,0,Inverted,Double Arm,Neutral,No Load,Continuous,Isometric Hold,,Sagittal Plane,Full Body,Unsorted*,Compound,Calisthenics
Ring Tuck Front Lever,Video Demonstration,Video Explanation,Advanced,Abdominals,Rectus Abdominis,,Gymnastic Rings,None,0,Hanging,Double Arm,Pronated,No Load,Continuous,Isometric Hold,,Sagittal Plane,Full Body,Other,Compound,Calisthenics
Ring Advanced Tuck Front Lever,,Video Explanation,Advanced,Abdominals,Rectus Abdominis,,Gymnastic Rings,None,0,Hanging,Double Arm,Pronated,No Load,Continuous,Isometric Hold,,Sagittal Plane,Full Body,Other,Compound,Calisthenics
Ring Straddle Front Lever,Video Demonstration,,Advanced,Abdominals,Rectus Abdominis,,Gymnastic Rings,None,0,Hanging,Double Arm,Pronated,No Load,Continuous,Isometric Hold,,Sagittal Plane,Full Body,Other,Compound,Calisthenics
Ring Half Lay Front Lever,,,Advanced,Abdominals,Rectus Abdominis,,Gymnastic Rings,None,0,Hanging,Double Arm,Pronated,No Load,Continuous,Isometric Hold,,Sagittal Plane,Full Body,Other,Compound,Calisthenics
Ring Single Leg Out Front Lever,,,Advanced,Abdominals,Rectus Abdominis,,Gymnastic Rings,None,0,Hanging,Double Arm,Pronated,No Load,Continuous,Isometric Hold,,Sagittal Plane,Full Body,Other,Compound,Calisthenics
Ring Full Front Lever,Video Demonstration,Video Explanation,Expert,Abdominals,Rectus Abdominis,,Gymnastic Rings,None,0,Hanging,Double Arm,Pronated,No Load,Continuous,Isometric Hold,,Sagittal Plane,Full Body,Other,Compound,Calisthenics
Ring Front Lever Pull to Inverted Hang,,,Expert,Abdominals,Rectus Abdominis,,Gymnastic Rings,None,0,Hanging,Double Arm,Pronated,No Load,Continuous,Isometric Hold,,Sagittal Plane,Full Body,Other,Compound,Calisthenics
Ring Inverted Hang,Video Demonstration,Video Explanation,Advanced,Abdominals,Rectus Abdominis,,Gymnastic Rings,None,0,Hanging,Double Arm,Pronated,No Load,Continuous,Isometric Hold,,Sagittal Plane,Full Body,Other,Compound,Calisthenics
Single Arm Barbell Kneeling Rollout,Video Demonstration,,Advanced,Abdominals,Rectus Abdominis,Latissimus Dorsi,Barbell,None,0,Kneeling,Single Arm,Pronated,Other,Continuous,Anti-Extension,,Sagittal Plane,Core,Other,Compound,Unsorted*
Single Arm Barbell Standing Rollout,,,Expert,Abdominals,Rectus Abdominis,Latissimus Dorsi,Barbell,None,0,Standing,Single Arm,Pronated,No Load,Continuous,Anti-Extension,,Sagittal Plane,Core,Other,Compound,Unsorted*
Ring Circle Front Lever,,,Expert,Abdominals,Rectus Abdominis,,Gymnastic Rings,None,0,Hanging,Double Arm,Pronated,No Load,Continuous,Isometric Hold,,Transverse Plane,Full Body,Other,Compound,Calisthenics
Trap Bar Tall Kneeling Overhead Press,Video Demonstration,,Novice,Shoulders,Anterior Deltoids,Triceps Brachii,Trap Bar,None,0,Tall Kneeling,Double Arm,Neutral,Overhead,Continuous,Vertical Push,,Sagittal Plane,Upper Body,Push,Compound,Bodybuilding
Trap Bar Bench Press,Video Demonstration,,Novice,Chest,Pectoralis Major,Triceps Brachii,Trap Bar,Bench (Flat),1,Supine,Double Arm,Neutral,Above Chest,Continuous,Horizontal Push,,Sagittal Plane,Upper Body,Push,Compound,Bodybuilding
Alternating Double Dumbbell Z Press,Video Demonstration,,Novice,Shoulders,Anterior Deltoids,Triceps Brachii,Dumbbell,None,0,Seated Floor,Double Arm,Neutral,Overhead,Continuous,Vertical Push,,Sagittal Plane,Upper Body,Push,Compound,Bodybuilding
Single Arm Dumbbell Half Kneeling Ipsilateral Overhead Press,,Video Explanation,Novice,Shoulders,Anterior Deltoids,Triceps Brachii,Dumbbell,None,0,Half Kneeling,Single Arm,Neutral,Overhead,Continuous,Vertical Push,,Sagittal Plane,Upper Body,Push,Compound,Bodybuilding
Double Dumbbell Half Kneeling Overhead Press,Video Demonstration,,Novice,Shoulders,Anterior Deltoids,Triceps Brachii,Dumbbell,None,0,Half Kneeling,Double Arm,Neutral,Overhead,Continuous,Vertical Push,,Sagittal Plane,Upper Body,Push,Compound,Bodybuilding
Double Dumbbell Tall Kneeling Overhead Press,Video Demonstration,,Novice,Shoulders,Anterior Deltoids,Triceps Brachii,Dumbbell,None,0,Tall Kneeling,Double Arm,Neutral,Overhead,Continuous,Vertical Push,,Sagittal Plane,Upper Body,Push,Compound,Bodybuilding
Alternating Double Dumbbell Tall Kneeling Overhead Press,Video Demonstration,,Novice,Shoulders,Anterior Deltoids,Triceps Brachii,Dumbbell,None,0,Tall Kneeling,Double Arm,Neutral,Overhead,Continuous,Vertical Push,,Sagittal Plane,Upper Body,Push,Compound,Bodybuilding
Alternating Double Dumbbell Half Kneeling Overhead Press,Video Demonstration,,Novice,Shoulders,Anterior Deltoids,Triceps Brachii,Dumbbell,None,0,Half Kneeling,Double Arm,Neutral,Overhead,Continuous,Vertical Push,,Sagittal Plane,Upper Body,Push,Compound,Bodybuilding
Single Arm Dumbbell Tall Kneeling Overhead Press,Video Demonstration,,Novice,Shoulders,Anterior Deltoids,Triceps Brachii,Dumbbell,None,0,Tall Kneeling,Single Arm,Neutral,Overhead,Continuous,Vertical Push,,Sagittal Plane,Upper Body,Push,Compound,Bodybuilding
Double Plate Incline Bench Prone Y Raise,Video Demonstration,,Novice,Shoulders,Posterior Deltoids,,Weight Plate,Bench (Incline),1,Prone,Double Arm,Neutral,Other,Continuous,Unsorted*,,Frontal Plane,Upper Body,Pull,Pull,Postural
Single Arm Kettlebell Pendlay Row,Video Demonstration,Video Explanation,Novice,Back,Latissimus Dorsi,Biceps Brachii,Kettlebell,None,0,Standing,Single Arm,Neutral,Other,Continuous,Horizontal Pull,,Sagittal Plane,Upper Body,Pull,Compound,Bodybuilding
Barbell Floor Press,Video Demonstration,,Novice,Chest,Pectoralis Major,Triceps Brachii,Barbell,None,0,Supine,Double Arm,Neutral,Above Chest,Continuous,Horizontal Push,,Sagittal Plane,Upper Body,Push,Compound,Bodybuilding
Ring Plank,Video Demonstration,,Novice,Abdominals,Rectus Abdominis,,Gymnastic Rings,None,0,Prone,Double Arm,Neutral,No Load,Continuous,Anti-Extension,,Sagittal Plane,Core,Other,Compound,Calisthenics
Single Arm Ring Plank,Video Demonstration,,Intermediate,Abdominals,Rectus Abdominis,,Gymnastic Rings,None,0,Prone,Single Arm,Neutral,No Load,Continuous,Anti-Rotational,Anti-Extension,Sagittal Plane,Core,Other,Compound,Calisthenics
Battle Rope Alternating Outward Circle,Video Demonstration,,Novice,Shoulders,Anterior Deltoids,Biceps Brachii,Battle Ropes,None,0,Standing,Double Arm,Neutral,Other,Continuous,Unsorted*,,Sagittal Plane,Upper Body,Other,Compound,Unsorted*
Battle Rope Alternating Inward Circle,,,Novice,Shoulders,Anterior Deltoids,Biceps Brachii,Battle Ropes,None,0,Standing,Double Arm,Neutral,Other,Continuous,Unsorted*,,Sagittal Plane,Upper Body,Other,Compound,Unsorted*
Ring Support Hold,Video Demonstration,Video Explanation,Advanced,Abdominals,Rectus Abdominis,,Gymnastic Rings,None,0,Hanging,Double Arm,Neutral,No Load,Continuous,Isometric Hold,,Sagittal Plane,Upper Body,Other,Compound,Calisthenics
Ring Side Plank,Video Demonstration,,Advanced,Abdominals,Obliques,Rectus Abdominis,Gymnastic Rings,None,0,Side Plank,Single Arm,Neutral,No Load,Continuous,Anti-Lateral Flexion,,Frontal Plane,Core,Other,Compound,Calisthenics
Barbell Reverse Grip Bent Over Row,Video Demonstration,Video Explanation,Novice,Back,Latissimus Dorsi,Rhomboids,Barbell,None,0,Standing,Double Arm,Supinated,Other,Continuous,Horizontal Pull,,Sagittal Plane,Upper Body,Pull,Compound,Bodybuilding
Macebell Offset Bent Over Row,Video Demonstration,Video Explanation,Novice,Back,Latissimus Dorsi,Rhomboids,Macebell,None,0,Standing,Double Arm,Pronated,Other,Continuous,Horizontal Pull,Anti-Lateral Flexion,Sagittal Plane,Upper Body,Pull,Compound,Bodybuilding
Macebell Reverse Grip Offset Bent Over Row,Video Demonstration,,Novice,Back,Latissimus Dorsi,Rhomboids,Macebell,None,0,Standing,Double Arm,Supinated,Other,Continuous,Horizontal Pull,Anti-Lateral Flexion,Sagittal Plane,Upper Body,Pull,Compound,Bodybuilding
Alternating Single Arm Kettlebell Pendlay Row,,,Novice,Back,Latissimus Dorsi,Biceps Brachii,Kettlebell,None,0,Standing,Single Arm,Neutral,Other,Continuous,Horizontal Pull,,Sagittal Plane,Upper Body,Pull,Compound,Bodybuilding
Bodyweight Hollow Body Rock ,Video Demonstration,Video Explanation,Intermediate,Abdominals,Rectus Abdominis,,Bodyweight,None,0,Supine,Double Arm,No Grip,No Load,Continuous,Isometric Hold,,Sagittal Plane,Core,Other,Compound,Unsorted*
Single Arm Dumbbell Power Snatch,Video Demonstration,Video Explanation,Intermediate,Glutes,Gluteus Maximus,Anterior Deltoids ,Dumbbell,None,0,Standing,Single Arm,Pronated,Overhead,Continuous,Hip Hinge,,Sagittal Plane,Full Body,Unsorted*,Compound,Unsorted*
Alternating Single Arm Dumbbell Power Snatch,Video Demonstration,,Intermediate,Glutes,Gluteus Maximus,Anterior Deltoids ,Dumbbell,None,0,Standing,Single Arm,Neutral,Overhead,Continuous,Hip Hinge,,Sagittal Plane,Full Body,Unsorted*,Compound,Unsorted*
Single Arm Dumbbell Squat Snatch,Video Demonstration,Video Explanation,Intermediate,Quadriceps,Quadriceps Femoris,Quadriceps Femoris,Dumbbell,None,0,Standing,Single Arm,Pronated,Overhead,Continuous,Knee Dominant,Hip Hinge,Sagittal Plane,Full Body,Unsorted*,Compound,Unsorted*
Alternating Single Arm Dumbbell Squat Snatch,Video Demonstration,,Intermediate,Quadriceps,Quadriceps Femoris,Quadriceps Femoris,Dumbbell,None,0,Standing,Single Arm,Neutral,Overhead,Continuous,Knee Dominant,Hip Hinge,Sagittal Plane,Full Body,Unsorted*,Compound,Unsorted*
Single Arm Cable Single Leg Romanian Deadlift,Video Demonstration,,Intermediate,Hamstrings,Biceps Femoris,Gluteus Maximus,Cable,None,0,Single Leg Standing,Single Arm,Neutral,Other,Continuous,Hip Hinge,,Sagittal Plane,Lower Body,Pull,Compound,Bodybuilding
Double Kettlebell Suitcase Cyclist Squat,Video Demonstration,,Novice,Quadriceps,Quadriceps Femoris,Gluteus Maximus,Kettlebell,Slant Board,1,Standing,Double Arm,Neutral,Suitcase,Continuous,Knee Dominant,,Sagittal Plane,Lower Body,Push,Compound,Bodybuilding
Single Arm Kettlebell Suitcase Cyclist Squat,Video Demonstration,,Novice,Quadriceps,Quadriceps Femoris,Gluteus Maximus,Kettlebell,Slant Board,1,Standing,Single Arm,Neutral,Suitcase,Continuous,Knee Dominant,Anti-Lateral Flexion,Sagittal Plane,Lower Body,Push,Compound,Bodybuilding
Double Kettlebell Front Rack Step Up,Video Demonstration,,Novice,Quadriceps,Quadriceps Femoris,Gluteus Maximus,Kettlebell,Plyo Box,1,Standing,Double Arm,Neutral,Front Rack,Continuous,Knee Dominant,,Sagittal Plane,Lower Body,Push,Compound,Bodybuilding
Double Kettlebell Incline Bench Prone Row,Video Demonstration,Video Explanation,Novice,Back,Latissimus Dorsi,,Kettlebell,Bench (Incline),1,Prone,Double Arm,Neutral,Other,Continuous,Horizontal Pull,,Sagittal Plane,Upper Body,Pull,Compound,Bodybuilding
Single Arm Dumbbell Incline Bench Prone Row,Video Demonstration,,Novice,Back,Latissimus Dorsi,,Dumbbell,Bench (Incline),1,Prone,Single Arm,Neutral,Other,Continuous,Horizontal Pull,,Sagittal Plane,Upper Body,Pull,Compound,Bodybuilding
Single Arm Dumbbell Spider Curl,Video Demonstration,,Novice,Biceps,Biceps Brachii,Brachialis,Dumbbell,Bench (Incline),1,Prone,Single Arm,Supinated,Other,Continuous,Elbow Flexion,,Sagittal Plane,Upper Body,Pull,Isolation,Bodybuilding
Double Kettlebell Spider Curl,,Video Explanation,Novice,Biceps,Biceps Brachii,Brachialis,Kettlebell,Bench (Incline),1,Prone,Double Arm,Supinated,Other,Continuous,Elbow Flexion,,Sagittal Plane,Upper Body,Pull,Isolation,Bodybuilding
Double Kettlebell Bottoms Up Incline Bench Press,Video Demonstration,,Novice,Chest,Pectoralis Major,Triceps Brachii,Kettlebell,Bench (Incline),1,Supine,Double Arm,Bottoms Up,Above Chest,Continuous,Horizontal Push,,Sagittal Plane,Upper Body,Push,Compound,Bodybuilding
Double Dumbbell Seated Good Morning,Video Demonstration,Video Explanation,Novice,Back,Erector Spinae,Gluteus Maximus,Dumbbell,Bench (Flat),1,Seated,Double Arm,Neutral,Low Hold,Continuous,Hip Hinge,,Sagittal Plane,Lower Body,Unsorted*,Compound,Bodybuilding
Bodyweight Hip Thrust,Video Demonstration,,Beginner,Glutes,Gluteus Maximus,Biceps Femoris,Bodyweight,Bench (Flat),1,Bridge,No Arms,No Grip,No Load,Continuous,Hip Extension,,Sagittal Plane,Lower Body,Unsorted*,Compound,Bodybuilding
Double Kettlebell Front Rack Box Pistol Squat,,Video Explanation,Intermediate,Quadriceps,Quadriceps Femoris,Gluteus Maximus,Kettlebell,Plyo Box,1,Single Leg Standing,Double Arm,Neutral,Front Rack,Continuous,Knee Dominant,,Sagittal Plane,Lower Body,Push,Compound,Balance
Alternating Double Kettlebell Bottoms Up Incline Bench Press,,,Novice,Chest,Pectoralis Major,Triceps Brachii,Kettlebell,Bench (Incline),1,Supine,Double Arm,Bottoms Up,Above Chest,Continuous,Horizontal Push,,Sagittal Plane,Upper Body,Push,Compound,Bodybuilding
Single Arm Kettlebell Bottoms Up Incline Bench Press,Video Demonstration,,Novice,Chest,Pectoralis Major,Triceps Brachii,Kettlebell,Bench (Incline),1,Supine,Single Arm,Bottoms Up,Above Chest,Continuous,Horizontal Push,,Sagittal Plane,Upper Body,Push,Compound,Bodybuilding
Alternating Double Kettlebell Incline Bench Prone Row,Video Demonstration,,Novice,Back,Latissimus Dorsi,,Kettlebell,Bench (Incline),1,Prone,Double Arm,Neutral,Other,Continuous,Horizontal Pull,,Sagittal Plane,Upper Body,Pull,Compound,Bodybuilding
Single Arm Kettlebell Incline Bench Prone Row,Video Demonstration,,Novice,Back,Latissimus Dorsi,,Kettlebell,Bench (Incline),1,Prone,Single Arm,Neutral,Other,Continuous,Horizontal Pull,,Sagittal Plane,Upper Body,Pull,Compound,Bodybuilding
Ring Side Plank Reach Through,,,Expert,Abdominals,Obliques,Rectus Abdominis,Gymnastic Rings,None,0,Side Plank,Single Arm,Neutral,No Load,Continuous,Anti-Lateral Flexion,Spinal Rotational,Transverse Plane,Core,Other,Compound,Calisthenics
Single Arm Dumbbell Overhead Contralateral Bulgarian Split Squat,Video Demonstration,Video Explanation,Advanced,Quadriceps,Quadriceps Femoris,Gluteus Maximus,Dumbbell,Bench (Flat),1,Single Leg Supported,Single Arm,Neutral,Overhead,Continuous,Knee Dominant,,Sagittal Plane,Lower Body,Push,Compound,Bodybuilding
Single Arm Dumbbell Overhead Contralateral Knee Over Toe Split Squat,,,Intermediate,Quadriceps,Quadriceps Femoris,Gluteus Maximus,Dumbbell,None,0,Knee Over Toe Split Squat,Single Arm,Neutral,Overhead,Continuous,Knee Dominant,,Sagittal Plane,Lower Body,Push,Compound,Bodybuilding
Double Kettlebell Suitcase Step Up,Video Demonstration,,Novice,Quadriceps,Quadriceps Femoris,Gluteus Maximus,Kettlebell,Plyo Box,1,Standing,Double Arm,Neutral,Suitcase,Continuous,Knee Dominant,,Sagittal Plane,Lower Body,Push,Compound,Bodybuilding
Single Arm Kettlebell Suitcase Contralateral Step Up,Video Demonstration,,Novice,Quadriceps,Quadriceps Femoris,Gluteus Maximus,Kettlebell,Plyo Box,1,Standing,Single Arm,Neutral,Suitcase,Continuous,Knee Dominant,Anti-Lateral Flexion,Sagittal Plane,Lower Body,Push,Compound,Bodybuilding
Single Arm Kettlebell Suitcase Ipsilateral Step Up,,,Novice,Quadriceps,Quadriceps Femoris,Gluteus Maximus,Kettlebell,Plyo Box,1,Standing,Single Arm,Neutral,Suitcase,Continuous,Knee Dominant,Anti-Lateral Flexion,Sagittal Plane,Lower Body,Push,Compound,Bodybuilding
Single Arm Kettlebell Front Rack Contralateral Step Up,,,Novice,Quadriceps,Quadriceps Femoris,Gluteus Maximus,Kettlebell,Plyo Box,1,Standing,Single Arm,Neutral,Front Rack,Continuous,Knee Dominant,,Sagittal Plane,Lower Body,Push,Compound,Bodybuilding
Single Arm Kettlebell Front Rack Ipsilateral Step Up,,,Novice,Quadriceps,Quadriceps Femoris,Gluteus Maximus,Kettlebell,Plyo Box,1,Standing,Single Arm,Neutral,Front Rack,Continuous,Knee Dominant,,Sagittal Plane,Lower Body,Push,Compound,Bodybuilding
Double Kettlebell Overhead Step Up,Video Demonstration,,Intermediate,Quadriceps,Quadriceps Femoris,Gluteus Maximus,Kettlebell,Plyo Box,1,Standing,Double Arm,Pronated,Overhead,Continuous,Knee Dominant,,Sagittal Plane,Lower Body,Push,Compound,Bodybuilding
Single Arm Kettlebell Overhead Contralateral Step Up,,,Intermediate,Quadriceps,Quadriceps Femoris,Gluteus Maximus,Kettlebell,Plyo Box,1,Standing,Single Arm,Pronated,Overhead,Continuous,Knee Dominant,,Sagittal Plane,Lower Body,Push,Compound,Bodybuilding
Single Arm Kettlebell Overhead Ipsilateral Step Up,,,Intermediate,Quadriceps,Quadriceps Femoris,Gluteus Maximus,Kettlebell,Plyo Box,1,Standing,Single Arm,Pronated,Overhead,Continuous,Knee Dominant,,Sagittal Plane,Lower Body,Push,Compound,Bodybuilding
Double Kettlebell Bottoms Up Front Rack Step Up,,,Intermediate,Quadriceps,Quadriceps Femoris,Gluteus Maximus,Kettlebell,Plyo Box,1,Standing,Double Arm,Bottoms Up,Front Rack,Continuous,Knee Dominant,,Sagittal Plane,Lower Body,Push,Compound,Bodybuilding
Single Arm Kettlebell Bottoms Up Front Rack Contralateral Step Up,,,Intermediate,Quadriceps,Quadriceps Femoris,Gluteus Maximus,Kettlebell,Plyo Box,1,Standing,Single Arm,Bottoms Up,Front Rack,Continuous,Knee Dominant,,Sagittal Plane,Lower Body,Push,Compound,Bodybuilding
Single Arm Kettlebell Bottoms Up Front Rack Ipsilateral Step Up,,,Intermediate,Quadriceps,Quadriceps Femoris,Gluteus Maximus,Kettlebell,Plyo Box,1,Standing,Single Arm,Bottoms Up,Front Rack,Continuous,Knee Dominant,,Sagittal Plane,Lower Body,Push,Compound,Bodybuilding
Double Kettlebell Bottoms Up Overhead Step Up,,,Advanced,Quadriceps,Quadriceps Femoris,Gluteus Maximus,Kettlebell,Plyo Box,1,Standing,Double Arm,Bottoms Up,Overhead,Continuous,Knee Dominant,,Sagittal Plane,Lower Body,Push,Compound,Bodybuilding
Single Arm Kettlebell Bottoms Up Overhead Contralateral Step Up,,,Advanced,Quadriceps,Quadriceps Femoris,Gluteus Maximus,Kettlebell,Plyo Box,1,Standing,Single Arm,Bottoms Up,Overhead,Continuous,Knee Dominant,,Sagittal Plane,Lower Body,Push,Compound,Bodybuilding
Single Arm Kettlebell Bottoms Up Overhead Ipsilateral Step Up,,,Advanced,Quadriceps,Quadriceps Femoris,Gluteus Maximus,Kettlebell,Plyo Box,1,Standing,Single Arm,Bottoms Up,Overhead,Continuous,Knee Dominant,,Sagittal Plane,Lower Body,Push,Compound,Bodybuilding
Kettlebell Half Kneeling Low to High Chop,Video Demonstration,Video Explanation,Intermediate,Abdominals,Obliques,Rectus Abdominis,Kettlebell,None,0,Half Kneeling,Double Arm,Horn Grip,Other,Continuous,Rotational,,Transverse Plane,Core,Other,Compound,Unsorted*
Single Arm Kettlebell Windmill,Video Demonstration,Video Explanation,Intermediate,Abdominals,Obliques,Rectus Abdominis,Kettlebell,None,0,Standing,Single Arm,Pronated,Overhead,Continuous,Rotational,,Transverse Plane,Core,Other,Compound,Grinds
Kettlebell Russian Twist,Video Demonstration,Video Explanation,Novice,Abdominals,Obliques,Rectus Abdominis,Kettlebell,None,0,Seated Floor,Double Arm,Horn Grip,Other,Continuous,Rotational,,Transverse Plane,Core,Other,Compound,Unsorted*
Alternating Single Arm Kettlebell Plank Pull Through,Video Demonstration,Video Explanation,Intermediate,Abdominals,Rectus Abdominis,Obliques,Kettlebell,None,0,Prone,Single Arm,Pronated,Other,Continuous,Anti-Extension,Anti-Rotational ,Sagittal Plane,Core,Other,Compound,Unsorted*
Single Arm Kettlebell Single Leg Standing Bent Knee Around The World ,,Video Explanation,Intermediate,Abdominals,Rectus Abdominis,,Kettlebell,None,0,Single Leg Standing Bent Knee,Single Arm,Pronated,Other,Continuous,Unsorted*,,Transverse Plane,Core,Other,Compound,Balance
Single Arm Kettlebell Swing,Video Demonstration,Video Explanation,Novice,Glutes,Gluteus Maximus,Biceps Femoris,Kettlebell,None,0,Standing,Single Arm,Pronated,Other,Continuous,Hip Hinge,,Sagittal Plane,Full Body,Unsorted*,Compound,Ballistics
Double Kettlebell Suitcase Feet Elevated Calf Raise,,Video Explanation,Novice,Calves,Gastrocnemius,Soleus,Kettlebell,None,0,Standing,Double Arm,Neutral,Suitcase,Continuous,Ankle Plantar Flexion,,Sagittal Plane,Lower Body,Push,Isolation,Bodybuilding
Single Arm Kettlebell Spider Curl,,,Novice,Biceps,Biceps Brachii,Brachialis,Kettlebell,Bench (Incline),1,Prone,Single Arm,Supinated,Other,Continuous,Elbow Flexion,,Sagittal Plane,Upper Body,Pull,Isolation,Bodybuilding
Double Kettlebell Bottoms Up Bench Press,Video Demonstration,,Novice,Chest,Pectoralis Major,Triceps Brachii,Kettlebell,Bench (Flat),1,Supine,Double Arm,Bottoms Up,Above Chest,Continuous,Horizontal Push,,Sagittal Plane,Upper Body,Push,Compound,Bodybuilding
Single Arm Kettlebell Suitcase Deadlift,Video Demonstration,Video Explanation,Novice,Back,Latissimus Dorsi,Obliques,Kettlebell,None,0,Standing,Single Arm,Neutral,Suitcase,Continuous,Hip Hinge,Anti-Lateral Flexion,Sagittal Plane,Full Body,Pull,Compound,Bodybuilding
Single Arm Kettlebell Clean,Video Demonstration,Video Explanation,Intermediate,Glutes,Gluteus Maximus,,Kettlebell,None,0,Standing,Single Arm,Neutral,Front Rack,Continuous,Hip Hinge,,Sagittal Plane,Full Body,Unsorted*,Compound,Ballistics
Single Arm Kettlebell Clean to Overhead Press,Video Demonstration,Video Explanation,Intermediate,Shoulders,Anterior Deltoids,Gluteus Maximus,Kettlebell,None,0,Standing,Single Arm,Pronated,Overhead,Continuous,Hip Hinge,Vertical Push,Sagittal Plane,Full Body,Unsorted*,Compound,Ballistics
Alternating Single Arm Dumbbell Pendlay Row,Video Demonstration,,Novice,Back,Latissimus Dorsi,Biceps Brachii,Dumbbell,None,0,Standing,Single Arm,Neutral,Other,Continuous,Horizontal Pull,,Sagittal Plane,Upper Body,Pull,Compound,Bodybuilding
Alternating Double Kettlebell Bottoms Up Bench Press,,,Novice,Chest,Pectoralis Major,Triceps Brachii,Kettlebell,Bench (Flat),1,Supine,Double Arm,Bottoms Up,Above Chest,Continuous,Horizontal Push,,Sagittal Plane,Upper Body,Push,Compound,Bodybuilding
Single Arm Kettlebell Snatch,Video Demonstration,Video Explanation,Intermediate,Shoulders,Anterior Deltoids,Gluteus Maximus,Kettlebell,None,0,Standing,Single Arm,Pronated,Overhead,Continuous,Hip Hinge,,Sagittal Plane,Full Body,Unsorted*,Compound,Ballistics
Kettlebell Sumo Deadlift,Video Demonstration,Video Explanation,Beginner,Back,Latissimus Dorsi,Gluteus Maximus,Kettlebell,None,0,Standing,Double Arm,Pronated,Other,Continuous,Hip Hinge,,Sagittal Plane,Full Body,Pull,Compound,Bodybuilding
Single Arm Kettlebell Turkish Get Up,Video Demonstration,Video Explanation,Intermediate,Abdominals,Obliques,Rectus Abdominis,Kettlebell,None,0,Supine,Single Arm,Pronated,Overhead,Continuous,Rotational,,Transverse Plane,Full Body,Other,Compound,Grinds
Kettlebell Goblet Squat,Video Demonstration,Video Explanation,Beginner,Quadriceps,Quadriceps Femoris,Gluteus Maximus,Kettlebell,None,0,Standing,Double Arm,Goblet,Front Rack,Continuous,Knee Dominant,,Sagittal Plane,Lower Body,Push,Compound,Unsorted*
Single Arm Kettlebell Overhead Squat,Video Demonstration,Video Explanation,Intermediate,Quadriceps,Quadriceps Femoris,Gluteus Maximus,Kettlebell,None,0,Standing,Single Arm,Pronated,Overhead,Continuous,Knee Dominant,,Sagittal Plane,Lower Body,Push,Compound,Unsorted*
Double Kettlebell Front Rack Alternating Cossack Squat,Video Demonstration,,Novice,Quadriceps,Quadriceps Femoris,Adductor Magnus,Kettlebell,None,0,Standing,Double Arm,Neutral,Front Rack,Alternating,Knee Dominant,,Frontal Plane,Lower Body,Push,Compound,Bodybuilding
Single Arm Kettlebell Bottoms Up Bench Press,Video Demonstration,Video Explanation,Novice,Chest,Pectoralis Major,Triceps Brachii,Kettlebell,Bench (Flat),1,Supine,Single Arm,Bottoms Up,Above Chest,Continuous,Horizontal Push,,Sagittal Plane,Upper Body,Push,Compound,Bodybuilding
Single Arm Kettlebell Turkish Sit Up,Video Demonstration,,Intermediate,Abdominals,Rectus Abdominis,Anterior Deltoids,Kettlebell,None,0,Supine,Single Arm,Pronated,Overhead,Continuous,Spinal Flexion,,Sagittal Plane,Core,Other,Compound,Unsorted*
Double Kettlebell Turkish Sit Up,Video Demonstration,,Intermediate,Abdominals,Rectus Abdominis,Anterior Deltoids,Kettlebell,None,0,Supine,Double Arm,Pronated,Overhead,Continuous,Spinal Flexion,,Sagittal Plane,Core,Other,Compound,Unsorted*
Double Kettlebell Turkish Sit Up to Z Press,Video Demonstration,,Intermediate,Abdominals,Rectus Abdominis,Anterior Deltoids,Kettlebell,None,0,Seated Floor,Double Arm,Neutral,Overhead,Continuous,Spinal Flexion,Vertical Push,Sagittal Plane,Full Body,Push,Compound,Bodybuilding
Double Kettlebell Bottoms Up Front Rack Alternating Cossack Squat,Video Demonstration,,Intermediate,Quadriceps,Quadriceps Femoris,Adductor Magnus,Kettlebell,None,0,Standing,Double Arm,Bottoms Up,Front Rack,Alternating,Knee Dominant,,Frontal Plane,Lower Body,Push,Compound,Bodybuilding
Double Kettlebell Swing,Video Demonstration,Video Explanation,Intermediate,Glutes,Gluteus Maximus,Biceps Femoris,Kettlebell,None,0,Standing,Double Arm,Pronated,Other,Continuous,Hip Hinge,,Sagittal Plane,Full Body,Unsorted*,Compound,Ballistics
Double Kettlebell Front Rack Squat,Video Demonstration,Video Explanation,Novice,Quadriceps,Quadriceps Femoris,Gluteus Maximus,Kettlebell,None,0,Standing,Double Arm,Neutral,Front Rack,Continuous,Knee Dominant,,Sagittal Plane,Lower Body,Push,Compound,Bodybuilding
Single Arm Kettlebell Front Rack Squat,Video Demonstration,Video Explanation,Novice,Quadriceps,Quadriceps Femoris,Gluteus Maximus,Kettlebell,None,0,Standing,Single Arm,Neutral,Front Rack,Continuous,Knee Dominant,,Sagittal Plane,Lower Body,Push,Compound,Bodybuilding
Single Arm Kettlebell Front Rack Contralateral Split Squat,Video Demonstration,,Novice,Quadriceps,Quadriceps Femoris,Gluteus Maximus,Kettlebell,None,0,Split Squat,Single Arm,Neutral,Front Rack,Continuous,Knee Dominant,,Sagittal Plane,Lower Body,Push,Compound,Bodybuilding
Single Arm Kettlebell Front Rack Carry,Video Demonstration,Video Explanation,Novice,Abdominals,Rectus Abdominis,,Kettlebell,None,0,Walking,Single Arm,Neutral,Front Rack,Alternating,Loaded Carry,,Sagittal Plane,Full Body,Other,Compound,Unsorted*
Double Kettlebell Bottoms Up Overhead Alternating Cossack Squat,,,Advanced,Quadriceps,Quadriceps Femoris,Adductor Magnus,Kettlebell,None,0,Standing,Double Arm,Bottoms Up,Overhead,Alternating,Knee Dominant,,Frontal Plane,Lower Body,Push,Compound,Bodybuilding
Single Arm Kettlebell Squat Clean,Video Demonstration,,Intermediate,Quadriceps,Quadriceps Femoris,Gluteus Maximus,Kettlebell,None,0,Standing,Single Arm,Neutral,Front Rack,Continuous,Knee Dominant,Hip Hinge,Sagittal Plane,Full Body,Unsorted*,Compound,Ballistics
Double Kettlebell Prone Row,Video Demonstration,,Novice,Back,Latissimus Dorsi,,Kettlebell,Bench (Flat),1,Prone,Double Arm,Neutral,Other,Continuous,Horizontal Pull,,Sagittal Plane,Upper Body,Pull,Compound,Bodybuilding
Single Arm Kettlebell Bottoms Up Front Rack Carry,Video Demonstration,Video Explanation,Intermediate,Abdominals,Rectus Abdominis,,Kettlebell,None,0,Walking,Single Arm,Bottoms Up,Front Rack,Alternating,Loaded Carry,,Sagittal Plane,Full Body,Other,Compound,Unsorted*
Double Kettlebell Bottoms Up Front Rack Carry,Video Demonstration,,Intermediate,Abdominals,Rectus Abdominis,,Kettlebell,None,0,Walking,Double Arm,Bottoms Up,Front Rack,Alternating,Loaded Carry,,Sagittal Plane,Full Body,Other,Compound,Unsorted*
Double Kettlebell Bottoms Up Overhead Walking Lunge,,,Intermediate,Quadriceps,Quadriceps Femoris,Gluteus Maximus,Kettlebell,None,0,Walking,Double Arm,Bottoms Up,Overhead,Alternating,Knee Dominant,,Sagittal Plane,Lower Body,Push,Compound,Bodybuilding
Single Arm Kettlebell Bottoms Up Front Rack Walking Lunge,Video Demonstration,,Intermediate,Quadriceps,Quadriceps Femoris,Gluteus Maximus,Kettlebell,None,0,Walking,Single Arm,Bottoms Up,Front Rack,Alternating,Knee Dominant,,Sagittal Plane,Lower Body,Push,Compound,Bodybuilding
Alternating Double Kettlebell Prone Row,Video Demonstration,,Novice,Back,Latissimus Dorsi,,Kettlebell,Bench (Flat),1,Prone,Double Arm,Neutral,Other,Continuous,Horizontal Pull,,Sagittal Plane,Upper Body,Pull,Compound,Bodybuilding
Double Kettlebell Single Leg Romanian Deadlift ,Video Demonstration,,Intermediate,Hamstrings,Biceps Femoris,Gluteus Maximus,Kettlebell,None,0,Single Leg Standing,Double Arm,Neutral,Other,Continuous,Hip Hinge,,Sagittal Plane,Lower Body,Pull,Compound,Bodybuilding
Double Kettlebell Romanian Deadlift ,Video Demonstration,,Beginner,Hamstrings,Biceps Femoris,Gluteus Maximus,Kettlebell,None,0,Standing,Double Arm,Pronated,Other,Continuous,Hip Hinge,,Sagittal Plane,Lower Body,Pull,Compound,Bodybuilding
Single Arm Kettlebell Contralateral Single Leg Romanian Deadlift,Video Demonstration,Video Explanation,Intermediate,Hamstrings,Biceps Femoris,Gluteus Maximus,Kettlebell,None,0,Single Leg Standing,Single Arm,Neutral,Other,Continuous,Hip Hinge,,Sagittal Plane,Lower Body,Pull,Compound,Bodybuilding
Single Arm Kettlebell Bottoms Up Overhead Squat,Video Demonstration,,Advanced,Quadriceps,Quadriceps Femoris,Gluteus Maximus,Kettlebell,None,0,Standing,Single Arm,Bottoms Up,Overhead,Continuous,Knee Dominant,,Sagittal Plane,Lower Body,Push,Compound,Bodybuilding
Single Arm Kettlebell Prone Row,Video Demonstration,,Novice,Back,Latissimus Dorsi,,Kettlebell,Bench (Flat),1,Prone,Single Arm,Neutral,Other,Continuous,Horizontal Pull,,Sagittal Plane,Upper Body,Pull,Compound,Bodybuilding
Parallette Tuck Planche,Video Demonstration,Video Explanation,Advanced,Abdominals,Rectus Abdominis,Biceps Brachii,Parallette Bars,None,0,Other,Double Arm,Neutral,No Load,Continuous,Isometric Hold,,Sagittal Plane,Full Body,Other,Compound,Calisthenics
Macebell Offset Bicep Curl,Video Demonstration,Video Explanation,Novice,Biceps,Biceps Brachii,Brachialis,Macebell,None,0,Standing,Double Arm,Supinated,Other,Continuous,Elbow Flexion,,Sagittal Plane,Upper Body,Pull,Isolation,Bodybuilding
Double Kettlebell Bottoms Up Decline Bench Press,,,Novice,Chest,Pectoralis Major,Triceps Brachii,Kettlebell,Bench (Decline),1,Supine,Double Arm,Bottoms Up,Above Chest,Continuous,Horizontal Push,,Sagittal Plane,Upper Body,Push,Compound,Bodybuilding
Parallette L Sit to Tuck Planche,Video Demonstration,,Expert,Abdominals,Rectus Abdominis,,Parallette Bars,None,0,L Sit,Double Arm,Neutral,No Load,Continuous,Isometric Hold,,Sagittal Plane,Core,Other,Compound,Calisthenics
Alternating Double Kettlebell Bottoms Up Decline Bench Press,,,Novice,Chest,Pectoralis Major,Triceps Brachii,Kettlebell,Bench (Decline),1,Supine,Double Arm,Bottoms Up,Above Chest,Continuous,Horizontal Push,,Sagittal Plane,Upper Body,Push,Compound,Bodybuilding
Landmine Standing Oblique Twist,Video Demonstration,Video Explanation,Intermediate,Abdominals,Obliques,,Landmine,None,0,Standing,Double Arm,Neutral,Other,Continuous,Rotational,,Transverse Plane,Core,Other,Compound,Unsorted*
Cable Rope Tall Kneeling High to Low Chop,Video Demonstration,,Intermediate,Abdominals,Obliques,Rectus Abdominis,Cable,None,0,Tall Kneeling,Double Arm,Pronated,Other,Continuous,Rotational,,Transverse Plane,Core,Other,Compound,Unsorted*
Single Arm Parallette Plank,Video Demonstration,,Intermediate,Abdominals,Rectus Abdominis,,Parallette Bars,None,0,Prone,Single Arm,Neutral,No Load,Continuous,Anti-Rotational,,Sagittal Plane,Core,Other,Compound,Calisthenics
Single Arm Suspension Plank,Video Demonstration,,Intermediate,Abdominals,Rectus Abdominis,,Suspension Trainer,None,0,Prone,Single Arm,Pronated,No Load,Continuous,Anti-Rotational,,Sagittal Plane,Core,Other,Compound,Unsorted*
Battle Rope Russian Twist,Video Demonstration,,Novice,Abdominals,Obliques,Rectus Abdominis,Battle Ropes,None,0,Seated Floor,Double Arm,Neutral,Other,Continuous,Rotational,,Transverse Plane,Core,Other,Compound,Unsorted*
Bodyweight Bird Dog Knee to Elbow,Video Demonstration,,Beginner,Abdominals,Rectus Abdominis,Obliques,Bodyweight,None,0,Quadruped,Single Arm,Flat Palm,No Load,Continuous,Anti-Rotational,Spinal Rotational,Sagittal Plane,Core,Other,Compound,Unsorted*
Slam Ball Feet Elevated Russian Twist,Video Demonstration,,Intermediate,Abdominals,Obliques,Rectus Abdominis,Slam Ball,None,0,Seated Floor,Double Arm,Neutral,Other,Continuous,Rotational,,Transverse Plane,Core,Other,Compound,Unsorted*
Medicine Ball Feet Elevated Russian Twist,Video Demonstration,,Novice,Abdominals,Obliques,Rectus Abdominis,Medicine Ball,None,0,Seated Floor,Double Arm,Neutral,Other,Continuous,Rotational,,Transverse Plane,Core,Other,Compound,Unsorted*
Alternating Double Dumbbell Prone Row,Video Demonstration,,Novice,Back,Latissimus Dorsi,,Dumbbell,Bench (Flat),1,Prone,Double Arm,Neutral,Other,Continuous,Horizontal Pull,,Sagittal Plane,Upper Body,Pull,Compound,Bodybuilding
Bodyweight Forearm Plank Alternating Knee to Elbow,Video Demonstration,,Intermediate,Abdominals,Rectus Abdominis,,Bodyweight,None,0,Prone,Double Arm,Forearm,No Load,Alternating,Anti-Extension,,Sagittal Plane,Core,Other,Compound,Calisthenics
Bodyweight Loaded Beast to Alternating Kick Through,Video Demonstration,,Intermediate,Abdominals,Rectus Abdominis,,Bodyweight,None,0,Knee Hover Quadruped,Double Arm,Flat Palm,No Load,Alternating,Unsorted*,,Sagittal Plane,Core,Other,Compound,Animal Flow
Single Arm Dumbbell Prone Row,Video Demonstration,,Novice,Back,Latissimus Dorsi,,Dumbbell,Bench (Flat),1,Prone,Single Arm,Neutral,Other,Continuous,Horizontal Pull,,Sagittal Plane,Upper Body,Pull,Compound,Bodybuilding
Double Kettlebell Clean,Video Demonstration,Video Explanation,Intermediate,Glutes,Gluteus Maximus,,Kettlebell,None,0,Standing,Double Arm,Neutral,Front Rack,Continuous,Hip Hinge,,Sagittal Plane,Full Body,Unsorted*,Compound,Ballistics
Double Kettlebell Snatch,Video Demonstration,Video Explanation,Intermediate,Glutes,Gluteus Maximus,Anterior Deltoids ,Kettlebell,None,0,Standing,Double Arm,Pronated,Overhead,Continuous,Hip Hinge,,Sagittal Plane,Full Body,Unsorted*,Compound,Ballistics
Battle Rope Feet Elevated Russian Twist,Video Demonstration,,Intermediate,Abdominals,Obliques,Rectus Abdominis,Battle Ropes,None,0,Seated Floor,Double Arm,Neutral,Other,Continuous,Rotational,,Transverse Plane,Core,Other,Compound,Unsorted*
Superband Dead Bug,Video Demonstration,Video Explanation,Novice,Abdominals,Rectus Abdominis,Obliques,Superband,None,0,Supine,Double Arm,Pronated,Other,Alternating,Anti-Extension,,Sagittal Plane,Core,Other,Compound,Postural
Parallette V Sit,Video Demonstration,Video Explanation,Expert,Abdominals,Rectus Abdominis,,Parallette Bars,None,0,V Sit Seated,Double Arm,Neutral,No Load,Continuous,Isometric Hold,,Sagittal Plane,Core,Other,Compound,Unsorted*
Single Arm Dumbbell Pendlay Row,,,Novice,Back,Latissimus Dorsi,Biceps Brachii,Dumbbell,None,0,Standing,Single Arm,Neutral,Other,Continuous,Horizontal Pull,,Sagittal Plane,Upper Body,Pull,Compound,Bodybuilding
Single Arm Kettlebell Bottoms Up Decline Bench Press,,,Novice,Chest,Pectoralis Major,Triceps Brachii,Kettlebell,Bench (Decline),1,Supine,Single Arm,Bottoms Up,Above Chest,Continuous,Horizontal Push,,Sagittal Plane,Upper Body,Push,Compound,Bodybuilding
Double Kettlebell Split Jerk,Video Demonstration,,Intermediate,Shoulders,Anterior Deltoids,Triceps Brachii,Kettlebell,None,0,Staggered Stance,Double Arm,Pronated,Overhead,Continuous,Vertical Push,Hip Hinge,Sagittal Plane,Full Body,Push,Compound,Unsorted*
Double Kettlebell High Pull,Video Demonstration,Video Explanation,Intermediate,Shoulders,Posterior Deltoids,,Kettlebell,None,0,Standing,Double Arm,Pronated,Other,Continuous,Horizontal Pull,Hip Hinge,Sagittal Plane,Full Body,Pull,Compound,Ballistics
Superband Pallof Press,Video Demonstration,,Beginner,Abdominals,Obliques,Rectus Abdominis,Superband,None,0,Standing,Double Arm,Neutral,Other,Continuous,Anti-Rotational,,Transverse Plane,Core,Other,Compound,Unsorted*
Superband Half Kneeling Pallof Press,Video Demonstration,Video Explanation,Novice,Abdominals,Obliques,Rectus Abdominis,Superband,None,0,Half Kneeling,Double Arm,Neutral,Other,Continuous,Anti-Rotational,,Transverse Plane,Core,Other,Compound,Unsorted*
Superband Single Leg Standing Bent Knee Hip External Rotation,,Video Explanation,Novice,Glutes,Gluteus Maximus,Gluteus Medius,Superband,None,0,Single Leg Standing Bent Knee,No Arms,Hand Assisted,Other,Continuous,Hip External Rotation,,Transverse Plane,Lower Body,Unsorted*,Isolation,Unsorted*
Macebell Reverse Grip Offset Bicep Curl,,,Novice,Forearms,Brachioradialis,Biceps Brachii,Macebell,None,0,Standing,Double Arm,Pronated,Other,Continuous,Elbow Flexion,Anti-Lateral Flexion,Sagittal Plane,Upper Body,Pull,Isolation,Bodybuilding
Ring Archer Row,Video Demonstration,Video Explanation,Novice,Shoulders,Posterior Deltoids,,Gymnastic Rings,None,0,Standing,Double Arm,Neutral,No Load,Continuous,Horizontal Pull,,Frontal Plane,Upper Body,Pull,Compound,Unsorted*
Single Arm Landmine Row to Rotational Shoulder Press,Video Demonstration,Video Explanation,Intermediate,Shoulders,Anterior Deltoids,Triceps Brachii,Landmine,None,0,Standing,Single Arm,Pronated,Overhead,Continuous,Rotational,,Transverse Plane,Full Body,Push & Pull,Compound,Bodybuilding
Bodyweight Hand Assisted Skater Squat,Video Demonstration,,Novice,Quadriceps,Quadriceps Femoris,Gluteus Maximus,Bodyweight,None,0,Single Leg Standing,Single Arm,Hand Assisted,No Load,Continuous,Knee Dominant,,Sagittal Plane,Lower Body,Push,Compound,Calisthenics
Superband Pull Through,Video Demonstration,,Beginner,Glutes,Gluteus Maximus,,Superband,None,0,Standing,Double Arm,Pronated,Other,Continuous,Hip Hinge,,Sagittal Plane,Lower Body,Unsorted*,Compound,Bodybuilding
Miniband Quadruped Hip Extension,Video Demonstration,Video Explanation,Beginner,Glutes,Gluteus Maximus,,Miniband,None,0,Quadruped,No Arms,Flat Palm,No Load,Continuous,Hip Extension,,Sagittal Plane,Lower Body,Unsorted*,Isolation,Bodybuilding
Cable Hip Adduction,Video Demonstration,Video Explanation,Novice,Adductors,Adductor Magnus,,Cable,None,0,Standing,No Arms,Hand Assisted,Other,Continuous,Hip Adduction,,Frontal Plane,Lower Body,Other,Isolation,Unsorted*
Superband Tall Kneeling Pallof Press,Video Demonstration,Video Explanation,Novice,Abdominals,Obliques,Rectus Abdominis,Superband,None,0,Tall Kneeling,Double Arm,Neutral,Other,Continuous,Anti-Rotational,,Transverse Plane,Core,Other,Compound,Unsorted*
Slider Eccentric Hamstring Curl,Video Demonstration,,Beginner,Hamstrings,Biceps Femoris,Gluteus Maximus,Sliders,None,0,Supine,No Arms,No Grip,No Load,Continuous,Knee Dominant,,Sagittal Plane,Lower Body,Pull,Isolation,Unsorted*
Landmine Low Hold Lateral Lunge,Video Demonstration,,Novice,Quadriceps,Quadriceps Femoris,Gluteus Maximus,Landmine,None,0,Standing,Double Arm,Neutral,Low Hold,Continuous,Knee Dominant,,Frontal Plane,Lower Body,Push,Compound,Unsorted*
Double Kettlebell Sumo Deadlift,Video Demonstration,Video Explanation,Beginner,Back,Latissimus Dorsi,Gluteus Maximus,Kettlebell,None,0,Standing,Double Arm,Pronated,Other,Continuous,Hip Hinge,,Sagittal Plane,Full Body,Pull,Compound,Bodybuilding
Slider Kneeling Reach Push Up,Video Demonstration,,Novice,Chest,Pectoralis Major,Triceps Brachii,Sliders,None,0,Kneeling,Single Arm,Flat Palm,No Load,Continuous,Horizontal Push,,Sagittal Plane,Upper Body,Push,Compound,Unsorted*
Slider Parallette Knee Tuck,Video Demonstration,,Novice,Abdominals,Rectus Abdominis,,Sliders,Parallette Bars,2,Prone,Double Arm,Neutral,No Load,Continuous,Spinal Flexion,,Sagittal Plane,Core,Other,Compound,Unsorted*
Superband Shoulder Dislocates,Video Demonstration,Video Explanation,Novice,Shoulders,Posterior Deltoids,Supraspinatus,Superband,None,0,Standing,Double Arm,Pronated,Lateral,Continuous,Unsorted*,,Sagittal Plane,Upper Body,Unsorted*,Compound,Mobility
Superband Alternating Shoulder Dislocates,Video Demonstration,Video Explanation,Novice,Shoulders,Posterior Deltoids,Supraspinatus,Superband,None,0,Standing,Double Arm,Pronated,Lateral,Continuous,Unsorted*,,Sagittal Plane,Upper Body,Unsorted*,Compound,Mobility
Superband Prone Shoulder Dislocates,Video Demonstration,Video Explanation,Novice,Shoulders,Posterior Deltoids,Supraspinatus,Superband,None,0,Prone,Double Arm,Pronated,Lateral,Continuous,Unsorted*,,Sagittal Plane,Upper Body,Unsorted*,Compound,Mobility
Ring L Sit,Video Demonstration,Video Explanation,Advanced,Abdominals,Rectus Abdominis,,Gymnastic Rings,None,0,Hanging,Double Arm,Neutral,No Load,Continuous,Isometric Hold,,Sagittal Plane,Core,Other,Compound,Calisthenics
Resistance Band Prone Shoulder Dislocates,Video Demonstration,,Novice,Shoulders,Posterior Deltoids,Supraspinatus,Resistance Band,None,0,Prone,Double Arm,Pronated,Lateral,Continuous,Unsorted*,,Sagittal Plane,Upper Body,Unsorted*,Compound,Mobility
Resistance Band Alternating Shoulder Dislocates,,,Novice,Shoulders,Posterior Deltoids,Supraspinatus,Resistance Band,None,0,Standing,Double Arm,Pronated,Lateral,Continuous,Unsorted*,,Sagittal Plane,Upper Body,Unsorted*,Compound,Mobility
Cable Straight Bar Spider Curl,Video Demonstration,Video Explanation,Novice,Biceps,Biceps Brachii,Brachialis,Cable,Bench (Incline),1,Prone,Double Arm,Supinated,Other,Continuous,Elbow Flexion,,Sagittal Plane,Upper Body,Pull,Isolation,Bodybuilding
Double Kettlebell Bottoms Up Front Rack Squat,Video Demonstration,,Intermediate,Quadriceps,Quadriceps Femoris,Gluteus Maximus,Kettlebell,None,0,Standing,Double Arm,Bottoms Up,Front Rack,Continuous,Knee Dominant,,Sagittal Plane,Lower Body,Push,Compound,Bodybuilding
Barbell Back Rack Cyclist Squat,Video Demonstration,Video Explanation,Intermediate,Quadriceps,Quadriceps Femoris,Gluteus Maximus,Barbell,Slant Board,1,Standing,Double Arm,Pronated,Other,Continuous,Knee Dominant,,Sagittal Plane,Lower Body,Push,Compound,Bodybuilding
Gravity Boots Inverted Sit Up,Video Demonstration,,Advanced,Abdominals,Rectus Abdominis,,Bodyweight,Gravity Boots,1,Inverted,No Arms,Head Supported,No Load,Continuous,Spinal Flexion,,Sagittal Plane,Core,Other,Compound,Unsorted*
Double Kettlebell Front Rack Knee Over Toe Split Squat,Video Demonstration,,Novice,Quadriceps,Quadriceps Femoris,Gluteus Maximus,Kettlebell,None,0,Knee Over Toe Split Squat,Double Arm,Neutral,Front Rack,Continuous,Knee Dominant,,Sagittal Plane,Lower Body,Push,Compound,Bodybuilding
Double Kettlebell Overhead Knee Over Toe Split Squat,,,Intermediate,Quadriceps,Quadriceps Femoris,Gluteus Maximus,Kettlebell,None,0,Knee Over Toe Split Squat,Double Arm,Pronated,Overhead,Continuous,Knee Dominant,,Sagittal Plane,Lower Body,Push,Compound,Bodybuilding
Barbell Back Rack Step Up,Video Demonstration,Video Explanation,Intermediate,Quadriceps,Quadriceps Femoris,Gluteus Maximus,Barbell,Plyo Box,1,Standing,Double Arm,Pronated,Back Rack,Continuous,Knee Dominant,,Sagittal Plane,Lower Body,Push,Compound,Bodybuilding
Barbell Front Rack Step Up,Video Demonstration,,Intermediate,Quadriceps,Quadriceps Femoris,Gluteus Maximus,Barbell,Plyo Box,1,Standing,Double Arm,Pronated,Front Rack,Continuous,Knee Dominant,,Sagittal Plane,Lower Body,Push,Compound,Bodybuilding
Barbell Standing Rollout,Video Demonstration,,Advanced,Abdominals,Rectus Abdominis,Latissimus Dorsi,Barbell,None,0,Standing,Double Arm,Pronated,Other,Continuous,Anti-Extension,,Sagittal Plane,Core,Other,Compound,Unsorted*
Stability Ball Cable Russian Twist,Video Demonstration,Video Explanation,Novice,Abdominals,Obliques,Rectus Abdominis,Stability Ball,Cable,1,Supine,Double Arm,Neutral,Other,Continuous,Rotational,,Transverse Plane,Core,Other,Compound,Unsorted*
Miniband Frog Pump,Video Demonstration,Video Explanation,Beginner,Glutes,Gluteus Maximus,Biceps Femoris,Miniband,None,0,Bridge,No Arms,No Grip,No Load,Continuous,Hip Extension,,Sagittal Plane,Lower Body,Unsorted*,Compound,Bodybuilding
Miniband Knee Hover Quadruped Fire Hydrant,,,Advanced,Glutes,Gluteus Maximus,Gluteus Medius,Miniband,None,0,Knee Hover Quadruped,Double Arm,Flat Palm,No Load,Continuous,Hip External Rotation,Isometric Hold,Transverse Plane,Lower Body,Other,Isolation,Bodybuilding
Bodyweight Fire Hydrant,Video Demonstration,Video Explanation,Beginner,Glutes,Gluteus Maximus,Gluteus Medius,Bodyweight,None,0,Quadruped,Double Arm,Flat Palm,No Load,Continuous,Hip External Rotation,,Transverse Plane,Lower Body,Other,Isolation,Unsorted*
Bodyweight Knee Hover Quadruped Fire Hydrant,Video Demonstration,,Intermediate,Glutes,Gluteus Maximus,Gluteus Medius,Bodyweight,None,0,Knee Hover Quadruped,Double Arm,Flat Palm,No Load,Continuous,Hip External Rotation,Isometric Hold,Transverse Plane,Lower Body,Other,Isolation,Unsorted*
Dumbbell Crush Grip Spider Curl,,,Novice,Biceps,Biceps Brachii,Brachialis,Dumbbell,Bench (Incline),1,Prone,Double Arm,Crush Grip,Other,Continuous,Elbow Flexion,,Sagittal Plane,Upper Body,Pull,Isolation,Bodybuilding
Alternating Double Dumbbell Spider Curl,Video Demonstration,,Novice,Biceps,Biceps Brachii,Brachialis,Dumbbell,Bench (Incline),1,Prone,Double Arm,Supinated,Other,Continuous,Elbow Flexion,,Sagittal Plane,Upper Body,Pull,Isolation,Bodybuilding
Bodyweight Bent Knee Copenhagen Plank Side Raise,Video Demonstration,Video Explanation,Intermediate,Adductors,Adductor Magnus,,Bodyweight,Bench (Flat),1,Side Plank,Single Arm,Forearm,No Load,Continuous,Hip Adduction,Isometric Hold,Frontal Plane,Lower Body,Other,Compound,Unsorted*
Bodyweight Kneeling Side Plank,Video Demonstration,Video Explanation,Beginner,Abdominals,Obliques,Rectus Abdominis,Bodyweight,None,0,Side Plank,Single Arm,Forearm,No Load,Continuous,Anti-Lateral Flexion,,Frontal Plane,Core,Other,Compound,Calisthenics
Bodyweight Wall Assisted Hip Airplane,Video Demonstration,Video Explanation,Intermediate,Glutes,Gluteus Medius,Gluteus Minimus,Bodyweight,None,0,Standing,Double Arm,Hand Assisted,No Load,Continuous,Rotational,Hip External Rotation,Transverse Plane,Lower Body,Unsorted*,Compound,Unsorted*
Superband Single Leg Tibialis Raise,Video Demonstration,Video Explanation,Beginner,Shins,Tibialis Anterior,Extensor Digitorum Longus,Superband,None,0,Seated Floor,No Arms,No Grip,Other,Continuous,Ankle Dorsiflexion,,Sagittal Plane,Lower Body,Unsorted*,Isolation,Unsorted*
Barbell Zercher Squat,Video Demonstration,Video Explanation,Advanced,Quadriceps,Quadriceps Femoris,Gluteus Maximus,Barbell,None,0,Standing,Double Arm,No Grip,Zercher,Continuous,Knee Dominant,,Sagittal Plane,Lower Body,Push,Compound,Unsorted*
Barbell Squat Snatch,Video Demonstration,Video Explanation,Expert,Quadriceps,Quadriceps Femoris,Quadriceps Femoris,Barbell,None,0,Standing,Double Arm,Pronated,Overhead,Continuous,Knee Dominant,Hip Hinge,Sagittal Plane,Full Body,Unsorted*,Compound,Olympic Weightlifting 
Alternating Double Kettlebell Spider Curl,,,Novice,Biceps,Biceps Brachii,Brachialis,Kettlebell,Bench (Incline),1,Prone,Double Arm,Supinated,Other,Continuous,Elbow Flexion,,Sagittal Plane,Upper Body,Pull,Isolation,Bodybuilding
Barbell Squat Clean to Split Jerk,Video Demonstration,Video Explanation,Expert,Shoulders,Anterior Deltoids,Gluteus Maximus,Barbell,None,0,Staggered Stance,Double Arm,Pronated,Overhead,Continuous,Vertical Push,Hip Hinge,Sagittal Plane,Full Body,Push & Pull,Compound,Olympic Weightlifting 
Slider Kneeling Alternating Reach Push Up,Video Demonstration,Video Explanation,Novice,Chest,Pectoralis Major,Triceps Brachii,Sliders,None,0,Kneeling,Double Arm,Flat Palm,No Load,Continuous,Horizontal Push,,Sagittal Plane,Upper Body,Push,Compound,Unsorted*
Barbell Hang Squat Clean to Thruster,Video Demonstration,,Advanced,Shoulders,Anterior Deltoids,Quadriceps Femoris,Barbell,None,0,Standing,Double Arm,Pronated,Overhead,Continuous,Vertical Push,Knee Dominant,Sagittal Plane,Full Body,Unsorted*,Compound,Unsorted*
Barbell Squat Clean to Thruster,Video Demonstration,Video Explanation,Advanced,Shoulders,Anterior Deltoids,Quadriceps Femoris,Barbell,None,0,Standing,Double Arm,Pronated,Overhead,Continuous,Vertical Push,Knee Dominant,Sagittal Plane,Full Body,Unsorted*,Compound,Unsorted*
Bodyweight Copenhagen Plank,Video Demonstration,Video Explanation,Novice,Adductors,Adductor Magnus,,Bodyweight,Bench (Flat),1,Side Plank,Single Arm,Forearm,No Load,Continuous,Hip Adduction,,Frontal Plane,Lower Body,Other,Compound,Unsorted*
Bodyweight Bent Knee Copenhagen Plank,Video Demonstration,,Novice,Adductors,Adductor Magnus,,Bodyweight,Bench (Flat),1,Side Plank,Single Arm,Forearm,No Load,Continuous,Hip Adduction,,Frontal Plane,Lower Body,Other,Compound,Unsorted*
Single Arm Clubbell Inside Pullover,,Video Explanation,Novice,Back,Latissimus Dorsi,Posterior Deltoids,Clubbell,None,0,Standing,Single Arm,Neutral,Behind Back,Continuous,Unsorted*,,Frontal Plane,Upper Body,Pull,Compound,Unsorted*
Miniband Single Leg Hip Thrust,Video Demonstration,Video Explanation,Novice,Glutes,Gluteus Maximus,Biceps Femoris,Miniband,Bench (Flat),1,Single Leg Bridge,No Arms,No Grip,No Load,Continuous,Hip Extension,,Sagittal Plane,Lower Body,Unsorted*,Compound,Bodybuilding
Barbell Deficit Snatch Grip Deadlift,Video Demonstration,,Intermediate,Back,Latissimus Dorsi,,Barbell,None,0,Standing,Double Arm,Pronated,Other,Continuous,Hip Hinge,,Sagittal Plane,Full Body,Pull,Compound,Bodybuilding
Single Arm Clubbell Outside Pullover,,Video Explanation,Novice,Back,Latissimus Dorsi,Posterior Deltoids,Clubbell,None,0,Standing,Single Arm,Neutral,Behind Back,Continuous,Unsorted*,,Frontal Plane,Upper Body,Pull,Compound,Unsorted*
Bodyweight Hand Assisted Foot Elevated Knee Over Toe Split Squat,Video Demonstration,,Beginner,Quadriceps,Quadriceps Femoris,Gluteus Maximus,Bodyweight,None,0,Knee Over Toe Split Squat,Single Arm,Hand Assisted,No Load,Continuous,Knee Dominant,,Sagittal Plane,Lower Body,Push,Compound,Bodybuilding
Bodyweight Foot Elevated Knee Over Toe Split Squat,Video Demonstration,,Beginner,Quadriceps,Quadriceps Femoris,Gluteus Maximus,Bodyweight,None,0,Knee Over Toe Split Squat,No Arms,No Grip,No Load,Continuous,Knee Dominant,,Sagittal Plane,Lower Body,Push,Compound,Bodybuilding
Double Kettlebell Thruster,Video Demonstration,,Novice,Quadriceps,Quadriceps Femoris,Anterior Deltoids,Kettlebell,None,0,Standing,Double Arm,Pronated,Overhead,Continuous,Knee Dominant,Vertical Push,Sagittal Plane,Full Body,Push,Compound,Bodybuilding
Double Kettlebell Cossack Squat Thruster,Video Demonstration,,Intermediate,Shoulders,Anterior Deltoids,Quadriceps Femoris,Kettlebell,None,0,Standing,Double Arm,Pronated,Overhead,Continuous,Rotational,Knee Dominant,Frontal Plane,Full Body,Push,Compound,Bodybuilding
Double Kettlebell Alternating Cossack Squat Thruster,,,Intermediate,Shoulders,Anterior Deltoids,Quadriceps Femoris,Kettlebell,None,0,Standing,Double Arm,Pronated,Overhead,Alternating,Vertical Push,Knee Dominant,Frontal Plane,Full Body,Push,Compound,Bodybuilding
Single Arm Landmine Shrug,Video Demonstration,,Novice,Trapezius,Upper Trapezius,Levator Scapulae,Landmine,None,0,Standing,Single Arm,Neutral,Suitcase,Continuous,Scapular Elevation,,Sagittal Plane,Upper Body,Pull,Isolation,Bodybuilding
Double Kettlebell Front Rack Walking Lunge,Video Demonstration,Video Explanation,Novice,Quadriceps,Quadriceps Femoris,Gluteus Maximus,Kettlebell,None,0,Walking,Double Arm,Neutral,Front Rack,Alternating,Knee Dominant,,Sagittal Plane,Lower Body,Push,Compound,Bodybuilding
Double Kettlebell Overhead Walking Lunge,Video Demonstration,,Advanced,Quadriceps,Quadriceps Femoris,Gluteus Maximus,Kettlebell,None,0,Walking,Double Arm,Neutral,Overhead,Alternating,Knee Dominant,,Sagittal Plane,Lower Body,Push,Compound,Bodybuilding
Plate Seated Steering Wheel,,,Novice,Shoulders,Anterior Deltoids,,Weight Plate,Bench (Flat),1,Seated,Double Arm,Neutral,Other,Continuous,Isometric Hold,Rotational,Frontal Plane,Upper Body,Unsorted*,Compound,Unsorted*
Parallette L Sit to Handstand,,Video Explanation,Expert,Shoulders,Anterior Deltoids,,Parallette Bars,None,0,Inverted,Double Arm,Neutral,No Load,Continuous,Isometric Hold,,Sagittal Plane,Full Body,Unsorted*,Compound,Calisthenics
Ring Straddle L Sit,Video Demonstration,Video Explanation,Expert,Abdominals,Rectus Abdominis,,Gymnastic Rings,None,0,L Sit,Double Arm,Supinated,No Load,Continuous,Isometric Hold,,Sagittal Plane,Core,Unsorted*,Compound,Calisthenics
Double Kettlebell Seesaw Overhead Press,Video Demonstration,Video Explanation,Novice,Shoulders,Anterior Deltoids,Triceps Brachii,Kettlebell,None,0,Standing,Double Arm,Pronated,Overhead,Continuous,Vertical Push,,Sagittal Plane,Upper Body,Push,Compound,Bodybuilding
Double Kettlebell Half Kneeling Seesaw Overhead Press,Video Demonstration,,Novice,Shoulders,Anterior Deltoids,Triceps Brachii,Kettlebell,None,0,Half Kneeling,Double Arm,Pronated,Overhead,Continuous,Vertical Push,,Sagittal Plane,Upper Body,Push,Compound,Bodybuilding
Double Kettlebell Bottoms Up Seesaw Bench Press,,,Novice,Chest,Pectoralis Major,Triceps Brachii,Kettlebell,Bench (Flat),1,Supine,Double Arm,Bottoms Up,Above Chest,Continuous,Horizontal Push,,Sagittal Plane,Upper Body,Push,Compound,Bodybuilding
Double Kettlebell Bottoms Up Seesaw Incline Bench Press,,,Novice,Chest,Pectoralis Major,Triceps Brachii,Kettlebell,Bench (Incline),1,Supine,Double Arm,Bottoms Up,Above Chest,Continuous,Horizontal Push,,Sagittal Plane,Upper Body,Push,Compound,Bodybuilding
Double Kettlebell Bottoms Up Seesaw Decline Bench Press,,,Novice,Chest,Pectoralis Major,Triceps Brachii,Kettlebell,Bench (Decline),1,Supine,Double Arm,Bottoms Up,Above Chest,Continuous,Horizontal Push,,Sagittal Plane,Upper Body,Push,Compound,Bodybuilding
Double Kettlebell Bottoms Up Seesaw Floor Press,,,Novice,Chest,Pectoralis Major,Triceps Brachii,Kettlebell,None,0,Supine,Double Arm,Bottoms Up,Above Chest,Continuous,Horizontal Push,,Sagittal Plane,Upper Body,Push,Compound,Bodybuilding
Double Dumbbell Tall Kneeling Seesaw Overhead Press,Video Demonstration,,Novice,Shoulders,Anterior Deltoids,Triceps Brachii,Dumbbell,None,0,Tall Kneeling,Double Arm,Neutral,Overhead,Continuous,Vertical Push,,Sagittal Plane,Upper Body,Push,Compound,Bodybuilding
Double Dumbbell Half Kneeling Seesaw Overhead Press,Video Demonstration,,Novice,Shoulders,Anterior Deltoids,Triceps Brachii,Dumbbell,None,0,Half Kneeling,Double Arm,Neutral,Overhead,Continuous,Vertical Push,,Sagittal Plane,Upper Body,Push,Compound,Bodybuilding
Double Dumbbell Seesaw Z Press,Video Demonstration,,Novice,Shoulders,Anterior Deltoids,Triceps Brachii,Dumbbell,None,0,Seated Floor,Double Arm,Neutral,Overhead,Continuous,Vertical Push,,Sagittal Plane,Upper Body,Push,Compound,Bodybuilding
Stability Ball Sit Up,Video Demonstration,Video Explanation,Beginner,Abdominals,Rectus Abdominis,,Stability Ball,None,0,Supine,No Arms,Head Supported,No Load,Continuous,Spinal Flexion,Other,Sagittal Plane,Core,Other,,Unsorted*
EZ Bar Wide Grip Strict Bicep Curl,Video Demonstration,Video Explanation,Novice,Biceps,Biceps Brachii,Brachialis,EZ Bar,None,0,Standing,Double Arm,Supinated,Other,Continuous,Elbow Flexion,,Sagittal Plane,Upper Body,Pull,Isolation,Bodybuilding
Double Kettlebell Squat Clean,Video Demonstration,,Intermediate,Quadriceps,Quadriceps Femoris,Gluteus Maximus,Kettlebell,None,0,Standing,Double Arm,Neutral,Front Rack,Continuous,Knee Dominant,Hip Hinge,Sagittal Plane,Full Body,Unsorted*,Compound,Ballistics
Double Kettlebell Hollow Body Hold,Video Demonstration,,Intermediate,Abdominals,Rectus Abdominis,,Kettlebell,None,0,Supine,Double Arm,Pronated,Other,Continuous,Isometric Hold,,Sagittal Plane,Core,Other,Compound,Unsorted*
Alternating Double Dumbbell Incline Bench Prone Row,Video Demonstration,,Novice,Back,Latissimus Dorsi,,Dumbbell,Bench (Incline),1,Prone,Double Arm,Neutral,Other,Continuous,Horizontal Pull,,Sagittal Plane,Upper Body,Pull,Compound,Bodybuilding
Bodyweight Side Lying Hip Adduction,Video Demonstration,Video Explanation,Beginner,Adductors,Adductor Magnus,,Bodyweight,None,0,Side Lying,No Arms,No Grip,No Load,Continuous,Hip Adduction,,Frontal Plane,Lower Body,Other,Compound,Unsorted*
Superband Hollow Body Hold,Video Demonstration,,Intermediate,Abdominals,Rectus Abdominis,,Superband,None,0,Supine,Double Arm,Pronated,Other,Continuous,Isometric Hold,,Sagittal Plane,Core,Other,Compound,Unsorted*
Parallette Freestanding Handstand Push Up,Video Demonstration,,Master,Shoulders,Anterior Deltoids,Triceps Brachii,Parallette Bars,None,0,Inverted,Double Arm,Neutral,No Load,Continuous,Vertical Push,,Sagittal Plane,Upper Body,Push,Compound,Calisthenics
Slider Single Leg Eccentric Hamstring Curl ,Video Demonstration,Video Explanation,Intermediate,Hamstrings,Biceps Femoris,Gluteus Maximus,Sliders,None,0,Supine,No Arms,No Grip,No Load,Continuous,Knee Dominant,,Sagittal Plane,Lower Body,Pull,Isolation,Unsorted*
Bodyweight Freestanding Handstand Push Up,Video Demonstration,Video Explanation,Master,Shoulders,Anterior Deltoids,Triceps Brachii,Bodyweight,None,0,Inverted,Double Arm,Flat Palm,No Load,Continuous,Vertical Push,,Sagittal Plane,Upper Body,Push,Compound,Calisthenics
Single Arm Ring Grip Push Up,Video Demonstration,,Master,Chest,Pectoralis Major,Triceps Brachii,Gymnastic Rings,None,0,Prone,Single Arm,Neutral,No Load,Continuous,Horizontal Push,,Sagittal Plane,Upper Body,Push,Compound,Calisthenics
Superband Side Plank Hanging Hip Adduction,Video Demonstration,,Intermediate,Adductors,Adductor Magnus,,Superband,None,0,Side Plank,Single Arm,Flat Palm,No Load,Continuous,Hip Adduction,,Frontal Plane,Lower Body,Other,Isolation,Unsorted*
Ring Strap Bulgarian Handstand Push Up,Video Demonstration,,Master,Shoulders,Anterior Deltoids,Triceps Brachii,Gymnastic Rings,None,0,Inverted,Double Arm,Pronated,No Load,Continuous,Vertical Push,,Sagittal Plane,Upper Body,Push,Compound,Calisthenics
Ring Freestanding Handstand Push Up,,,Master,Shoulders,Anterior Deltoids,Triceps Brachii,Gymnastic Rings,None,0,Inverted,Double Arm,Neutral,No Load,Continuous,Vertical Push,,Sagittal Plane,Upper Body,Push,Compound,Calisthenics
Stability Ball Feet Elevated Frog Pump,Video Demonstration,,Novice,Glutes,Gluteus Maximus,Biceps Femoris,Stability Ball,None,0,Bridge,No Arms,No Grip,No Load,Continuous,Hip Extension,,Sagittal Plane,Lower Body,Unsorted*,Compound,Unsorted*
Double Kettlebell Hollow Body Flutter Kicks,Video Demonstration,,Intermediate,Abdominals,Rectus Abdominis,Iliopsoas,Kettlebell,None,0,Supine,Double Arm,Pronated,Other,Alternating,Isometric Hold,,Sagittal Plane,Core,Other,Compound,Unsorted*
Barbell Overhead Cyclist Squat,,,Advanced,Quadriceps,Quadriceps Femoris,Gluteus Maximus,Barbell,Slant Board,1,Standing,Double Arm,Pronated,Overhead,Continuous,Knee Dominant,,Sagittal Plane,Lower Body,Push,Compound,Bodybuilding
Barbell Front Rack Cyclist Squat,Video Demonstration,,Intermediate,Quadriceps,Quadriceps Femoris,Gluteus Maximus,Barbell,Slant Board,1,Standing,Double Arm,Pronated,Front Rack,Continuous,Knee Dominant,,Sagittal Plane,Lower Body,Push,Compound,Bodybuilding
Double Kettlebell Dead Clean to Push Press,Video Demonstration,,Intermediate,Shoulders,Anterior Deltoids,Triceps Brachii,Kettlebell,None,0,Standing,Double Arm,Pronated,Overhead,Continuous,Hip Hinge,Vertical Push,Sagittal Plane,Full Body,Unsorted*,Compound,Ballistics
Bodyweight Bent Arm Press Handstand,Video Demonstration,Video Explanation,Master,Shoulders,Anterior Deltoids,Triceps Brachii,Bodyweight,None,0,Inverted,Double Arm,Flat Palm,No Load,Continuous,Vertical Push,,Sagittal Plane,Upper Body,Push,Compound,Calisthenics
Barbell Cyclist Thruster,,,Intermediate,Quadriceps,Quadriceps Femoris,Anterior Deltoids,Barbell,Slant Board,1,Standing,Double Arm,Pronated,Overhead,Continuous,Knee Dominant,Vertical Push,Sagittal Plane,Full Body,Push,Compound,Bodybuilding
Parallette L Sit to Bent Arm Press Handstand,,Video Explanation,Master,Shoulders,Anterior Deltoids,Triceps Brachii,Parallette Bars,None,0,Inverted,Double Arm,Neutral,No Load,Continuous,Vertical Push,,Sagittal Plane,Upper Body,Push,Compound,Calisthenics
Alternating Single Arm Landmine Thruster,,Video Explanation,Intermediate,Quadriceps,Quadriceps Femoris,Anterior Deltoids,Landmine,None,0,Standing,Single Arm,Neutral,Overhead,Continuous,Knee Dominant,Vertical Push,Sagittal Plane,Full Body,Push,Compound,Bodybuilding
Single Arm Dumbbell Cyclist Thruster,Video Demonstration,,Novice,Quadriceps,Quadriceps Femoris,Anterior Deltoids,Dumbbell,Slant Board,1,Standing,Single Arm,Neutral,Overhead,Continuous,Knee Dominant,Vertical Push,Sagittal Plane,Full Body,Push,Compound,Bodybuilding
Alternating Single Arm Landmine Cyclist Thruster,,,Intermediate,Quadriceps,Quadriceps Femoris,Anterior Deltoids,Landmine,Slant Board,1,Standing,Single Arm,Neutral,Overhead,Continuous,Knee Dominant,Vertical Push,Sagittal Plane,Full Body,Push,Compound,Bodybuilding
Barbell Low Bar Cyclist Squat,,,Intermediate,Quadriceps,Quadriceps Femoris,Gluteus Maximus,Barbell,Slant Board,1,Standing,Double Arm,Pronated,Back Rack,Continuous,Knee Dominant,,Sagittal Plane,Lower Body,Push,Compound,Bodybuilding
Double Kettlebell Front Rack Split Squat,Video Demonstration,,Novice,Quadriceps,Quadriceps Femoris,Gluteus Maximus,Kettlebell,None,0,Split Squat,Double Arm,Neutral,Front Rack,Continuous,Knee Dominant,,Sagittal Plane,Lower Body,Push,Compound,Bodybuilding
Double Kettlebell Front Rack Bulgarian Split Squat,Video Demonstration,,Intermediate,Quadriceps,Quadriceps Femoris,Gluteus Maximus,Kettlebell,Bench (Flat),1,Single Leg Supported,Double Arm,Neutral,Front Rack,Continuous,Knee Dominant,,Sagittal Plane,Lower Body,Push,Compound,Bodybuilding
Double Kettlebell Overhead Squat,Video Demonstration,Video Explanation,Intermediate,Quadriceps,Quadriceps Femoris,Gluteus Maximus,Kettlebell,None,0,Standing,Double Arm,Pronated,Overhead,Continuous,Knee Dominant,,Sagittal Plane,Lower Body,Push,Compound,Bodybuilding
Bodyweight Chest Roll to Straight Body Press Handstand,Video Demonstration,,Master,Shoulders,Anterior Deltoids,Triceps Brachii,Bodyweight,None,0,Inverted,Double Arm,Flat Palm,No Load,Continuous,Vertical Push,,Sagittal Plane,Upper Body,Push,Compound,Calisthenics
Single Arm Kettlebell Overhead Contralateral Knee Over Toe Split Squat,,,Intermediate,Quadriceps,Quadriceps Femoris,Gluteus Maximus,Kettlebell,None,0,Knee Over Toe Split Squat,Single Arm,Pronated,Overhead,Continuous,Knee Dominant,,Sagittal Plane,Lower Body,Push,Compound,Bodybuilding
Ring Bent Arm Bent Body Press Handstand,Video Demonstration,,Master,Shoulders,Anterior Deltoids,Triceps Brachii,Gymnastic Rings,None,0,Inverted,Double Arm,Neutral,No Load,Continuous,Vertical Push,,Sagittal Plane,Upper Body,Push,Compound,Calisthenics
Single Arm Kettlebell Sumo Deadlift,Video Demonstration,,Novice,Back,Latissimus Dorsi,Gluteus Maximus,Kettlebell,None,0,Standing,Single Arm,Pronated,Other,Continuous,Hip Hinge,,Sagittal Plane,Full Body,Pull,Compound,Bodybuilding
Single Arm Kettlebell Front Rack Contralateral Knee Over Toe Split Squat,,,Novice,Quadriceps,Quadriceps Femoris,Gluteus Maximus,Kettlebell,None,0,Knee Over Toe Split Squat,Single Arm,Neutral,Front Rack,Continuous,Knee Dominant,,Sagittal Plane,Lower Body,Push,Compound,Bodybuilding
Ring Dip to Handstand,,,Master,Triceps,Triceps Brachii,Anterior Deltoids,Gymnastic Rings,None,0,Inverted,Double Arm,Neutral,No Load,Continuous,Vertical Push,,Sagittal Plane,Upper Body,Push,Compound,Calisthenics
Ring Handstand to Elbow Lever to Handstand,,,Master,Shoulders,Anterior Deltoids,Triceps Brachii,Gymnastic Rings,None,0,Inverted,Double Arm,Neutral,No Load,Continuous,Isometric Hold,,Sagittal Plane,Upper Body,Unsorted*,Compound,Calisthenics
Ring Dip Straight Body Press to Handstand,,,Master,Shoulders,Anterior Deltoids,Triceps Brachii,Gymnastic Rings,None,0,Inverted,Double Arm,Neutral,No Load,Continuous,Vertical Push,,Sagittal Plane,Upper Body,Push,Compound,Calisthenics
Kettlebell Swing,Video Demonstration,Video Explanation,Novice,Glutes,Gluteus Maximus,,Kettlebell,None,0,Standing,Double Arm,Pronated,Other,Continuous,Hip Hinge,,Sagittal Plane,Full Body,Unsorted*,Compound,Ballistics
Alternating Single Arm Kettlebell Swing,Video Demonstration,Video Explanation,Intermediate,Glutes,Gluteus Maximus,,Kettlebell,None,0,Standing,Single Arm,Pronated,Other,Continuous,Hip Hinge,,Sagittal Plane,Full Body,Unsorted*,Compound,Ballistics
Alternating Single Arm Kettlebell Clean,Video Demonstration,,Intermediate,Glutes,Gluteus Maximus,,Kettlebell,None,0,Standing,Single Arm,Neutral,Front Rack,Continuous,Hip Hinge,,Sagittal Plane,Full Body,Unsorted*,Compound,Ballistics
Alternating Single Arm Kettlebell Snatch,Video Demonstration,,Intermediate,Glutes,Gluteus Maximus,Anterior Deltoids ,Kettlebell,None,0,Standing,Single Arm,Pronated,Overhead,Continuous,Hip Hinge,,Sagittal Plane,Full Body,Unsorted*,Compound,Ballistics
Ring Straight Arm L Sit Straddle Press Handstand,,,Master,Shoulders,Anterior Deltoids,Triceps Brachii,Gymnastic Rings,None,0,Inverted,Double Arm,Supinated,No Load,Continuous,Vertical Push,,Sagittal Plane,Upper Body,Push,Compound,Calisthenics
Single Arm Kettlebell Bottoms Up Overhead Contralateral Knee Over Toe Split Squat,,,Advanced,Quadriceps,Quadriceps Femoris,Gluteus Maximus,Kettlebell,None,0,Knee Over Toe Split Squat,Single Arm,Bottoms Up,Overhead,Continuous,Knee Dominant,,Sagittal Plane,Lower Body,Push,Compound,Bodybuilding
Single Arm Kettlebell Staggered Stance Swing,Video Demonstration,,Intermediate,Glutes,Gluteus Maximus,,Kettlebell,None,0,Staggered Stance,Single Arm,Pronated,Other,Continuous,Hip Hinge,,Sagittal Plane,Full Body,Unsorted*,Compound,Ballistics
Alternating Single Arm Kettlebell Alternating Staggered Stance Swing,Video Demonstration,,Intermediate,Glutes,Gluteus Maximus,,Kettlebell,None,0,Staggered Stance,Single Arm,Pronated,Other,Alternating,Hip Hinge,,Sagittal Plane,Full Body,Unsorted*,Compound,Ballistics
Single Arm Kettlebell Half Kneeling Swing,Video Demonstration,,Intermediate,Glutes,Gluteus Maximus,,Kettlebell,None,0,Half Kneeling,Single Arm,Pronated,Other,Continuous,Hip Hinge,,Sagittal Plane,Full Body,Unsorted*,Compound,Ballistics
Double Kettlebell Outside Swing,Video Demonstration,Video Explanation,Novice,Glutes,Gluteus Maximus,,Kettlebell,None,0,Standing,Double Arm,Neutral,Other,Continuous,Hip Hinge,,Sagittal Plane,Full Body,Unsorted*,Compound,Ballistics
Double Kettlebell Outside Half Snatch,Video Demonstration,,Intermediate,Glutes,Gluteus Maximus,Biceps Femoris,Kettlebell,None,0,Standing,Double Arm,Pronated,Overhead,Continuous,Hip Hinge,,Sagittal Plane,Full Body,Unsorted*,Compound,Ballistics
Double Kettlebell Outside Clean,Video Demonstration,,Intermediate,Glutes,Gluteus Maximus,,Kettlebell,None,0,Standing,Double Arm,Neutral,Front Rack,Continuous,Hip Hinge,,Sagittal Plane,Full Body,Unsorted*,Compound,Ballistics
Single Arm Kettlebell Side Swing,Video Demonstration,,Intermediate,Abdominals,Obliques,,Kettlebell,None,0,Standing,Single Arm,Pronated,Other,Continuous,Rotational,,Transverse Plane,Full Body,Other,Compound,Ballistics
Kettlebell Feet Elevated Russian Twist,Video Demonstration,,Novice,Abdominals,Obliques,Rectus Abdominis,Kettlebell,None,0,Seated Floor,Double Arm,Horn Grip,Other,Continuous,Rotational,,Transverse Plane,Core,Other,Compound,Unsorted*
Single Arm Kettlebell Half Kneeling Windmill,Video Demonstration,Video Explanation,Intermediate,Abdominals,Obliques,Rectus Abdominis,Kettlebell,None,0,Half Kneeling,Single Arm,Pronated,Overhead,Continuous,Rotational,,Transverse Plane,Core,Other,Compound,Grinds
Double Kettlebell Front Rack Skater Squat,,Video Explanation,Expert,Quadriceps,Quadriceps Femoris,Gluteus Maximus,Kettlebell,None,0,Single Leg Standing,Double Arm,Neutral,Front Rack,Continuous,Knee Dominant,,Sagittal Plane,Lower Body,Push,Compound,Balance
Kettlebell Horn Grip Skater Squat,Video Demonstration,,Advanced,Quadriceps,Quadriceps Femoris,Gluteus Maximus,Kettlebell,None,0,Single Leg Standing,Double Arm,Horn Grip,Front Rack,Continuous,Knee Dominant,,Sagittal Plane,Lower Body,Push,Compound,Balance
Double Kettlebell Front Rack Pistol Squat,Video Demonstration,,Advanced,Quadriceps,Quadriceps Femoris,Gluteus Maximus,Kettlebell,None,0,Single Leg Standing,Double Arm,Neutral,Front Rack,Continuous,Knee Dominant,,Sagittal Plane,Lower Body,Push,Compound,Balance
Ring Straight Arm Pike Press Handstand,,,Master,Shoulders,Anterior Deltoids,Triceps Brachii,Gymnastic Rings,None,0,Inverted,Double Arm,Neutral,No Load,Continuous,Vertical Push,,Sagittal Plane,Upper Body,Push,Compound,Calisthenics
Single Arm Kettlebell Hollow Body Flutter Kicks,Video Demonstration,,Intermediate,Abdominals,Rectus Abdominis,Iliopsoas,Kettlebell,None,0,Supine,Single Arm,Pronated,Other,Alternating,Isometric Hold,,Sagittal Plane,Core,Other,Compound,Unsorted*
Ring Back Lever Pullout,Video Demonstration,,Master,Abdominals,Rectus Abdominis,,Gymnastic Rings,None,0,Hanging,Double Arm,Pronated,No Load,Continuous,Vertical Pull,,Sagittal Plane,Upper Body,Pull,Compound,Calisthenics
Double Kettlebell Clean to Overhead Press,Video Demonstration,Video Explanation,Intermediate,Shoulders,Anterior Deltoids,Triceps Brachii,Kettlebell,None,0,Standing,Double Arm,Pronated,Overhead,Continuous,Hip Hinge,Vertical Push,Sagittal Plane,Full Body,Unsorted*,Compound,Ballistics
Kettlebell Alternating Halo to Horn Grip Bottoms Up Squat,Video Demonstration,Video Explanation,Intermediate,Shoulders,Posterior Deltoids,Quadriceps Femoris,Kettlebell,None,0,Standing,Double Arm,Bottoms Up Horn Grip,Front Rack,Continuous,Rotational,Knee Dominant,Transverse Plane,Full Body,Push & Pull,Compound,Unsorted*
Ring German Hang Pullout,Video Demonstration,,Expert,Abdominals,Rectus Abdominis,,Gymnastic Rings,None,0,Hanging,Double Arm,Pronated,No Load,Continuous,Vertical Pull,,Sagittal Plane,Upper Body,Pull,Compound,Calisthenics
Ring Dead Hang to Front Lever Pull Up,,,Master,Back,Latissimus Dorsi,,Gymnastic Rings,None,0,Hanging,Double Arm,Pronated,No Load,Continuous,Horizontal Pull,,Sagittal Plane,Upper Body,Pull,Compound,Calisthenics
Single Arm Kettlebell Side to Side Swing,,Video Explanation,Intermediate,Abdominals,Rectus Abdominis,,Kettlebell,None,0,Standing,Single Arm,Pronated,Other,Continuous,Rotational,,Transverse Plane,Full Body,Other,Compound,Ballistics
Single Arm Kettlebell Bottoms Up Turkish Get Up,Video Demonstration,,Advanced,Abdominals,Obliques,Rectus Abdominis,Kettlebell,None,0,Supine,Single Arm,Bottoms Up,Overhead,Continuous,Rotational,Other,Transverse Plane,Full Body,Other,Compound,Grinds
Single Arm Kettlebell Thruster,Video Demonstration,Video Explanation,Intermediate,Quadriceps,Quadriceps Femoris,Anterior Deltoids,Kettlebell,None,0,Standing,Single Arm,Pronated,Overhead,Continuous,Knee Dominant,Vertical Push,Sagittal Plane,Full Body,Push,Compound,Bodybuilding
Alternating Double Kettlebell Thruster,Video Demonstration,,Intermediate,Quadriceps,Quadriceps Femoris,Anterior Deltoids,Kettlebell,None,0,Standing,Double Arm,Pronated,Overhead,Continuous,Knee Dominant,Vertical Push,Sagittal Plane,Full Body,Push,Compound,Bodybuilding
Single Arm Kettlebell Bottoms Up Dead Clean to Overhead Press,Video Demonstration,,Intermediate,Shoulders,Anterior Deltoids,Gluteus Maximus,Kettlebell,None,0,Standing,Single Arm,Bottoms Up,Overhead,Continuous,Hip Hinge,Vertical Push,Sagittal Plane,Full Body,Unsorted*,Compound,Ballistics
Single Arm Kettlebell Tactical Snatch,Video Demonstration,Video Explanation,Advanced,Glutes,Gluteus Maximus,Anterior Deltoids ,Kettlebell,None,0,Standing,Single Arm,Pronated,Overhead,Continuous,Hip Hinge,,Sagittal Plane,Full Body,Unsorted*,Compound,Ballistics
Single Arm Kettlebell Snatch to Overhead Contralateral Reverse Lunge,Video Demonstration,,Advanced,Quadriceps,Quadriceps Femoris,Gluteus Maximus,Kettlebell,None,0,Standing,Single Arm,Pronated,Overhead,Continuous,Hip Hinge,Knee Dominant,Sagittal Plane,Full Body,Unsorted*,Compound,Ballistics
Double Kettlebell Snatch to Overhead Alternating Reverse Lunge,Video Demonstration,,Advanced,Quadriceps,Quadriceps Femoris,Gluteus Maximus,Kettlebell,None,0,Standing,Double Arm,Pronated,Overhead,Alternating,Hip Hinge,Knee Dominant,Sagittal Plane,Full Body,Unsorted*,Compound,Ballistics
Single Arm Kettlebell Clean to Front Rack Contralateral Reverse Lunge,Video Demonstration,,Intermediate,Quadriceps,Quadriceps Femoris,Gluteus Maximus,Kettlebell,None,0,Standing,Single Arm,Neutral,Front Rack,Continuous,Hip Hinge,Knee Dominant,Sagittal Plane,Full Body,Unsorted*,Compound,Ballistics
Double Kettlebell Clean to Front Rack Alternating Reverse Lunge,,Video Explanation,Intermediate,Quadriceps,Quadriceps Femoris,Gluteus Maximus,Kettlebell,None,0,Standing,Double Arm,Neutral,Front Rack,Alternating,Hip Hinge,Knee Dominant,Sagittal Plane,Full Body,Unsorted*,Compound,Ballistics
Ring Full Front Lever Pull Up,,Video Explanation,Master,Back,Latissimus Dorsi,,Gymnastic Rings,None,0,Hanging,Double Arm,Pronated,No Load,Continuous,Horizontal Pull,,Sagittal Plane,Upper Body,Pull,Compound,Calisthenics
Single Arm Kettlebell Split Jerk,Video Demonstration,Video Explanation,Intermediate,Shoulders,Anterior Deltoids,Triceps Brachii,Kettlebell,None,0,Staggered Stance,Single Arm,Pronated,Overhead,Continuous,Vertical Push,Hip Hinge,Sagittal Plane,Full Body,Push,Compound,Unsorted*
Parallette Stalder Press to Handstand,,Video Explanation,Master,Shoulders,Anterior Deltoids,Rectus Abdominis,Parallette Bars,None,0,Inverted,Double Arm,Neutral,No Load,Continuous,Isometric Hold,,Sagittal Plane,Upper Body,Unsorted*,Compound,Calisthenics
Double Kettlebell Bottoms Up Clean to Front Rack Squat,,,Advanced,Glutes,Gluteus Maximus,Quadriceps Femoris,Kettlebell,None,0,Standing,Double Arm,Bottoms Up,Front Rack,Continuous,Hip Hinge,Knee Dominant,Sagittal Plane,Full Body,Unsorted*,Compound,Ballistics
Single Arm Ring Chin Up,Video Demonstration,Video Explanation,Master,Biceps,Biceps Brachii,Latissimus Dorsi,Gymnastic Rings,None,0,Hanging,Single Arm,Supinated,No Load,Continuous,Vertical Pull,,Sagittal Plane,Upper Body,Pull,Compound,Calisthenics
Double Kettlebell Bottoms Up Overhead Squat,Video Demonstration,,Advanced,Quadriceps,Quadriceps Femoris,Gluteus Maximus,Kettlebell,None,0,Standing,Double Arm,Bottoms Up,Overhead,Continuous,Knee Dominant,,Sagittal Plane,Lower Body,Push,Compound,Unsorted*
Double Kettlebell Bottoms Up Thruster,Video Demonstration,,Intermediate,Quadriceps,Quadriceps Femoris,Anterior Deltoids,Kettlebell,None,0,Standing,Double Arm,Bottoms Up,Overhead,Continuous,Knee Dominant,Vertical Push,Sagittal Plane,Full Body,Push,Compound,Bodybuilding
Ring Iron Cross,Video Demonstration,Video Explanation,Master,Back,Latissimus Dorsi,Biceps Brachii,Gymnastic Rings,None,0,Hanging,Double Arm,Pronated,No Load,Continuous,Isometric Hold,,Sagittal Plane,Upper Body,Unsorted*,Compound,Calisthenics
Parallette Full Planche Push Up,,,Master,Chest,Pectoralis Major,Triceps Brachii,Parallette Bars,None,0,Prone,Double Arm,Neutral,No Load,Continuous,Horizontal Push,Isometric Hold,Sagittal Plane,Full Body,Push,Compound,Calisthenics
Parallette Straddle Planche Push Up,,,Master,Chest,Pectoralis Major,Triceps Brachii,Parallette Bars,None,0,Prone,Double Arm,Neutral,No Load,Continuous,Horizontal Push,Isometric Hold,Sagittal Plane,Full Body,Push,Compound,Calisthenics
Bar Dead Hang to Front Lever Pull Up,,,Master,Back,Latissimus Dorsi,,Pull Up Bar,None,0,Hanging,Double Arm,Pronated,No Load,Continuous,Horizontal Pull,,Sagittal Plane,Upper Body,Pull,Compound,Calisthenics
Bar Full Front Lever Pull Up,,,Master,Back,Latissimus Dorsi,,Pull Up Bar,None,0,Hanging,Double Arm,Pronated,No Load,Continuous,Horizontal Pull,,Sagittal Plane,Upper Body,Pull,Compound,Calisthenics
Barbell Overhead Bulgarian Split Squat ,Video Demonstration,,Advanced,Quadriceps,Quadriceps Femoris,Gluteus Maximus,Barbell,Bench (Flat),1,Single Leg Supported,Double Arm,Pronated,Overhead,Continuous,Knee Dominant,,Sagittal Plane,Lower Body,Push,Compound,Bodybuilding
Barbell Bulgarian Split Squat Thruster,,,Advanced,Shoulders,Anterior Deltoids,Quadriceps Femoris,Barbell,Bench (Flat),1,Single Leg Supported,Double Arm,Pronated,Overhead,Continuous,Vertical Push,Knee Dominant,Sagittal Plane,Full Body,Push,Compound,Bodybuilding
Single Arm Barbell Overhead Bulgarian Split Squat ,,,Expert,Quadriceps,Quadriceps Femoris,Gluteus Maximus,Barbell,Bench (Flat),1,Single Leg Supported,Single Arm,Pronated,Overhead,Continuous,Knee Dominant,,Sagittal Plane,Lower Body,Push,Compound,Bodybuilding
Bodyweight Full Planche Push Up,,,Master,Chest,Pectoralis Major,Triceps Brachii,Bodyweight,None,0,Prone,Double Arm,Flat Palm,No Load,Continuous,Horizontal Push,Isometric Hold,Sagittal Plane,Full Body,Push,Compound,Calisthenics
Bodyweight Straddle Planche Push Up,Video Demonstration,,Master,Chest,Pectoralis Major,Triceps Brachii,Bodyweight,None,0,Prone,Double Arm,Flat Palm,No Load,Continuous,Horizontal Push,Isometric Hold,Sagittal Plane,Full Body,Push,Compound,Calisthenics
Ring Grip Full Planche Push Up,,,Legendary,Chest,Pectoralis Major,Triceps Brachii,Gymnastic Rings,None,0,Prone,Double Arm,Neutral,No Load,Continuous,Horizontal Push,Isometric Hold,Sagittal Plane,Full Body,Push,Compound,Calisthenics
Bodyweight Two Finger Full Planche Push Up,Video Demonstration,,Legendary,Chest,Pectoralis Major,Triceps Brachii,Bodyweight,None,0,Prone,Double Arm,Fingertip,No Load,Continuous,Horizontal Push,Isometric Hold,Sagittal Plane,Full Body,Push,Compound,Calisthenics
Ring Grip Straddle Planche Push Up,,,Legendary,Chest,Pectoralis Major,Triceps Brachii,Gymnastic Rings,None,0,Prone,Double Arm,Neutral,No Load,Continuous,Horizontal Push,Isometric Hold,Sagittal Plane,Full Body,Push,Compound,Calisthenics
Bodyweight Push Up to Alternating Kick Through,Video Demonstration,,Intermediate,Chest,Pectoralis Major,Rectus Abdominis,Bodyweight,None,0,Prone,Double Arm,Flat Palm,No Load,Alternating,Horizontal Push,,Sagittal Plane,Upper Body,Push,Compound,Animal Flow
Bodyweight Standing Walkout Push Up ,Video Demonstration,,Intermediate,Chest,Pectoralis Major,Rectus Abdominis,Bodyweight,None,0,Prone,Double Arm,Flat Palm,No Load,Continuous,Horizontal Push,,Sagittal Plane,Upper Body,Push,Compound,Unsorted*
Ring Pull Up,Video Demonstration,,Intermediate,Back,Latissimus Dorsi,,Gymnastic Rings,None,0,Hanging,Double Arm,Pronated,No Load,Continuous,Vertical Pull,,Sagittal Plane,Upper Body,Pull,Compound,Calisthenics
Single Arm Plate Windmill,Video Demonstration,,Advanced,Abdominals,Obliques,Rectus Abdominis,Weight Plate,None,0,Standing,Single Arm,Flat Palm,Overhead,Continuous,Rotational,,Transverse Plane,Core,Other,Compound,Grinds
Single Arm Plate Turkish Get Up,Video Demonstration,,Advanced,Abdominals,Obliques,Rectus Abdominis,Weight Plate,None,0,Supine,Single Arm,Flat Palm,Overhead,Continuous,Rotational,,Transverse Plane,Full Body,Other,Compound,Grinds
Bodyweight Pike Push Up,Video Demonstration,Video Explanation,Intermediate,Shoulders,Anterior Deltoids,Triceps Brachii,Bodyweight,None,0,Inverted,Double Arm,Flat Palm,No Load,Continuous,Vertical Push,,Sagittal Plane,Upper Body,Push,Compound,Calisthenics
Parallette Feet Elevated Pike Push Up ,Video Demonstration,,Intermediate,Shoulders,Anterior Deltoids,Triceps Brachii,Parallette Bars,Bench (Flat),1,Inverted,Double Arm,Neutral,No Load,Continuous,Vertical Push,,Sagittal Plane,Upper Body,Push,Compound,Calisthenics
Barbell Sots Press,Video Demonstration,Video Explanation,Intermediate,Shoulders,Anterior Deltoids,Triceps Brachii,Barbell,None,0,Other,Double Arm,Pronated,Overhead,Continuous,Vertical Push,,Sagittal Plane,Upper Body,Push,Compound,Bodybuilding
Double Kettlebell Bottoms Up Snatch,Video Demonstration,,Advanced,Glutes,Gluteus Maximus,Anterior Deltoids ,Kettlebell,None,0,Standing,Double Arm,Bottoms Up,Overhead,Continuous,Hip Hinge,,Sagittal Plane,Full Body,Unsorted*,Compound,Ballistics
Alternating Single Arm Kettlebell Bottoms Up Snatch,,,Advanced,Glutes,Gluteus Maximus,Anterior Deltoids ,Kettlebell,None,0,Standing,Single Arm,Bottoms Up,Overhead,Continuous,Hip Hinge,,Sagittal Plane,Full Body,Unsorted*,Compound,Ballistics
Alternating Single Arm Kettlebell Around the World High Catch,,Video Explanation,Intermediate,Abdominals,Rectus Abdominis,,Kettlebell,None,0,Standing,Single Arm,Pronated,Other,Continuous,Anti-Rotational,Knee Dominant,Transverse Plane,Core,Other,Compound,Unsorted*
Alternating Single Arm Kettlebell Tall Kneeling Around the World High Catch,,,Intermediate,Abdominals,Rectus Abdominis,,Kettlebell,None,0,Tall Kneeling,Single Arm,Pronated,Other,Continuous,Anti-Rotational,,Transverse Plane,Core,Other,Compound,Unsorted*
Single Arm Kettlebell Around the World,Video Demonstration,Video Explanation,Novice,Abdominals,Rectus Abdominis,,Kettlebell,None,0,Standing,Single Arm,Pronated,Other,Continuous,Anti-Rotational,,Transverse Plane,Core,Other,Compound,Unsorted*
Single Arm Dumbbell Z Press,Video Demonstration,,Intermediate,Shoulders,Anterior Deltoids,Triceps Brachii,Dumbbell,None,0,Seated Floor,Single Arm,Neutral,Overhead,Continuous,Vertical Push,,Sagittal Plane,Upper Body,Push,Compound,Bodybuilding
Parallette Feet Elevated Push Up,Video Demonstration,,Intermediate,Chest,Pectoralis Major,Triceps Brachii,Parallette Bars,Bench (Flat),1,Prone,Double Arm,Neutral,No Load,Continuous,Horizontal Push,,Sagittal Plane,Upper Body,Push,Compound,Calisthenics
Stability Ball Feet Elevated Diamond Push Up,Video Demonstration,,Intermediate,Triceps,Triceps Brachii ,Pectoralis Major,Stability Ball,None,0,Prone,Double Arm,Flat Palm,No Load,Continuous,Horizontal Push,,Sagittal Plane,Upper Body,Push,Compound,Unsorted*
Bodyweight Tricep Extension,Video Demonstration,Video Explanation,Intermediate,Triceps,Triceps Brachii ,,Bodyweight,None,0,Prone,Double Arm,Forearm,No Load,Continuous,Elbow Extension,,Sagittal Plane,Upper Body,Push,Isolation,Calisthenics
Alternating Single Arm Kettlebell Around the World,Video Demonstration,,Novice,Abdominals,Rectus Abdominis,,Kettlebell,None,0,Standing,Single Arm,Pronated,Other,Continuous,Anti-Rotational,,Transverse Plane,Core,Other,Compound,Unsorted*
Single Arm Kettlebell Tall Kneeling Around the World,Video Demonstration,,Novice,Abdominals,Rectus Abdominis,,Kettlebell,None,0,Tall Kneeling,Single Arm,Pronated,Other,Continuous,Anti-Rotational,,Transverse Plane,Core,Other,Compound,Unsorted*
Alternating Single Arm Tall Kneeling Around the World,,,Novice,Abdominals,Rectus Abdominis,,Kettlebell,None,0,Tall Kneeling,Single Arm,Pronated,Other,Continuous,Anti-Rotational,,Transverse Plane,Core,Other,Compound,Unsorted*
Single Arm Kettlebell Waiter Clean,Video Demonstration,Video Explanation,Advanced,Glutes,Gluteus Maximus,,Kettlebell,None,0,Standing,Single Arm,Waiter Hold,Front Rack,Continuous,Hip Hinge,,Sagittal Plane,Full Body,Unsorted*,Compound,Ballistics
Alternating Single Arm Kettlebell Waiter Clean,Video Demonstration,,Advanced,Glutes,Gluteus Maximus,,Kettlebell,None,0,Standing,Single Arm,Waiter Hold,Front Rack,Continuous,Hip Hinge,,Sagittal Plane,Full Body,Unsorted*,Compound,Ballistics
Double Kettlebell Waiter Clean,Video Demonstration,,Advanced,Glutes,Gluteus Maximus,,Kettlebell,None,0,Standing,Double Arm,Waiter Hold,Front Rack,Continuous,Hip Hinge,,Sagittal Plane,Full Body,Unsorted*,Compound,Ballistics
Double Kettlebell Waiter Clean to Overhead Press,Video Demonstration,,Advanced,Glutes,Gluteus Maximus,,Kettlebell,None,0,Standing,Double Arm,Waiter Hold,Overhead,Continuous,Hip Hinge,Vertical Push,Sagittal Plane,Full Body,Unsorted*,Compound,Ballistics
Single Arm Kettlebell Tactical Waiter Clean,,,Advanced,Glutes,Gluteus Maximus,,Kettlebell,None,0,Standing,Single Arm,Waiter Hold,Front Rack,Continuous,Hip Hinge,,Sagittal Plane,Full Body,Unsorted*,Compound,Ballistics
Double Kettlebell Waiter Clean to Alternating Overhead Press,Video Demonstration,,Advanced,Glutes,Gluteus Maximus,Anterior Deltoids,Kettlebell,None,0,Standing,Double Arm,Waiter Hold,Overhead,Continuous,Hip Hinge,Vertical Push,Sagittal Plane,Full Body,Unsorted*,Compound,Ballistics
Single Arm Kettlebell Waiter Snatch,,,Advanced,Glutes,Gluteus Maximus,Anterior Deltoids ,Kettlebell,None,0,Standing,Single Arm,Waiter Hold,Overhead,Continuous,Hip Hinge,,Sagittal Plane,Full Body,Unsorted*,Compound,Ballistics
Alternating Single Arm Kettlebell Waiter Snatch,,,Advanced,Glutes,Gluteus Maximus,Anterior Deltoids ,Kettlebell,None,0,Standing,Single Arm,Waiter Hold,Overhead,Continuous,Hip Hinge,,Sagittal Plane,Full Body,Unsorted*,Compound,Ballistics
Barbell Overhead Pistol Squat,,,Expert,Quadriceps,Quadriceps Femoris,Gluteus Maximus,Barbell,None,0,Single Leg Standing,Double Arm,Pronated,Overhead,Continuous,Knee Dominant,,Sagittal Plane,Lower Body,Push,Compound,Balance
Barbell Seated Wrist Curl,Video Demonstration,Video Explanation,Intermediate,Forearms,Brachioradialis,,Barbell,Bench (Flat),1,Seated,Double Arm,Supinated,Other,Continuous,Wrist Flexion,,Sagittal Plane,Upper Body,Pull,Isolation,Unsorted*
Single Arm Dumbbell Hollow Body Chest Press,Video Demonstration,,Intermediate,Chest,Pectoralis Major,Triceps Brachii,Dumbbell,None,0,Supine,Single Arm,Pronated,Above Chest,Continuous,Horizontal Push,Isometric Hold,Sagittal Plane,Upper Body,Push,Compound,Bodybuilding
Single Arm Kettlebell Tactical Waiter Snatch,,,Advanced,Glutes,Gluteus Maximus,Anterior Deltoids ,Kettlebell,None,0,Standing,Single Arm,Waiter Hold,Overhead,Continuous,Hip Hinge,,Sagittal Plane,Full Body,Unsorted*,Compound,Ballistics
Single Arm Barbell Overhead Knee Over Toe Split Squat,,,Expert,Quadriceps,Quadriceps Femoris,Gluteus Maximus,Barbell,None,0,Knee Over Toe Split Squat,Single Arm,Pronated,Overhead,Continuous,Knee Dominant,,Sagittal Plane,Lower Body,Push,Compound,Bodybuilding
Single Arm Barbell Knee Over Toe Split Squat Thruster,,,Expert,Shoulders,Anterior Deltoids,Quadriceps Femoris,Barbell,None,0,Knee Over Toe Split Squat,Single Arm,Pronated,Overhead,Continuous,Vertical Push,Knee Dominant,Sagittal Plane,Full Body,Push,Compound,Bodybuilding
Barbell Knee Over Toe Split Squat Thruster,,,Advanced,Shoulders,Anterior Deltoids,Quadriceps Femoris,Barbell,None,0,Knee Over Toe Split Squat,Double Arm,Pronated,Overhead,Continuous,Vertical Push,Knee Dominant,Sagittal Plane,Full Body,Push,Compound,Bodybuilding
Double Kettlebell Waiter Snatch,,,Advanced,Glutes,Gluteus Maximus,Anterior Deltoids ,Kettlebell,None,0,Standing,Double Arm,Waiter Hold,Overhead,Continuous,Hip Hinge,,Sagittal Plane,Full Body,Unsorted*,Compound,Ballistics
Double Kettlebell Waiter Clean to Thruster,Video Demonstration,,Advanced,Shoulders,Anterior Deltoids,Quadriceps Femoris,Kettlebell,None,0,Standing,Double Arm,Waiter Hold,Overhead,Continuous,Vertical Push,Knee Dominant,Sagittal Plane,Full Body,Unsorted*,Compound,Ballistics
Kettlebell Start Stop Swing,Video Demonstration,Video Explanation,Novice,Glutes,Gluteus Maximus,,Kettlebell,None,0,Standing,Double Arm,Pronated,Other,Continuous,Hip Hinge,,Sagittal Plane,Full Body,Unsorted*,Compound,Ballistics
Double Kettlebell Dead Clean,Video Demonstration,Video Explanation,Intermediate,Glutes,Gluteus Maximus,Biceps Femoris,Kettlebell,None,0,Standing,Double Arm,Neutral,Front Rack,Continuous,Hip Hinge,,Sagittal Plane,Full Body,Unsorted*,Compound,Ballistics
Single Arm Barbell Bulgarian Split Squat Thruster,,,Expert,Shoulders,Anterior Deltoids,Quadriceps Femoris,Barbell,Bench (Flat),1,Single Leg Supported,Single Arm,Pronated,Overhead,Continuous,Vertical Push,Knee Dominant,Sagittal Plane,Full Body,Push,Compound,Bodybuilding
Single Arm Barbell Windmill,,,Expert,Abdominals,Obliques,Rectus Abdominis,Barbell,None,0,Standing,Single Arm,Pronated,Overhead,Continuous,Rotational,,Transverse Plane,Core,Other,Compound,Grinds
Bodyweight Windmill,Video Demonstration,,Novice,Abdominals,Obliques,Rectus Abdominis,Bodyweight,None,0,Standing,Double Arm,No Grip,No Load,Continuous,Rotational,,Transverse Plane,Core,Other,Compound,Grinds
Superband Isometric Split Squat Pallof Press,Video Demonstration,,Intermediate,Abdominals,Obliques,Rectus Abdominis,Superband,None,0,Isometric Split Squat,Double Arm,Neutral,Other,Continuous,Anti-Rotational,Isometric Hold,Transverse Plane,Full Body,Other,Compound,Balance
Single Arm Barbell Turkish Get Up,Video Demonstration,,Expert,Abdominals,Obliques,Rectus Abdominis,Barbell,None,0,Supine,Single Arm,Pronated,Overhead,Continuous,Rotational,,Transverse Plane,Full Body,Other,Compound,Grinds
Bodyweight Plate Plyometric Push Up,Video Demonstration,Video Explanation,Intermediate,Chest,Pectoralis Major,Triceps Brachii,Bodyweight,None,0,Prone,Double Arm,Flat Palm,No Load,Continuous,Horizontal Push,,Sagittal Plane,Upper Body,Push,Compound,Plyometric
Single Arm Dumbbell Single Leg Contralateral Bent Over Row,Video Demonstration,,Intermediate,Back,Latissimus Dorsi,Rhomboids,Dumbbell,None,0,Single Leg Standing,Single Arm,Neutral,Other,Continuous,Horizontal Pull,,Sagittal Plane,Upper Body,Pull,Compound,Bodybuilding
Double Dumbbell Single Leg Bent Over Row,Video Demonstration,Video Explanation,Intermediate,Back,Latissimus Dorsi,Rhomboids,Dumbbell,None,0,Single Leg Standing,Double Arm,Neutral,Other,Continuous,Horizontal Pull,,Sagittal Plane,Upper Body,Pull,Compound,Bodybuilding
Single Arm Kettlebell Bottoms Up Thruster,Video Demonstration,,Intermediate,Quadriceps,Quadriceps Femoris,Anterior Deltoids,Kettlebell,None,0,Standing,Single Arm,Bottoms Up,Overhead,Continuous,Knee Dominant,Vertical Push,Sagittal Plane,Full Body,Push,Compound,Bodybuilding
Alternating Double Kettlebell Bottoms Up Thruster,,,Intermediate,Quadriceps,Quadriceps Femoris,Anterior Deltoids,Kettlebell,None,0,Standing,Double Arm,Bottoms Up,Overhead,Continuous,Knee Dominant,Vertical Push,Sagittal Plane,Full Body,Push,Compound,Bodybuilding
Single Arm Kettlebell Dead Clean,Video Demonstration,Video Explanation,Intermediate,Glutes,Gluteus Maximus,Biceps Femoris,Kettlebell,None,0,Standing,Single Arm,Neutral,Front Rack,Continuous,Hip Hinge,,Sagittal Plane,Full Body,Unsorted*,Compound,Ballistics
Alternating Single Arm Kettlebell Dead Clean,Video Demonstration,,Intermediate,Glutes,Gluteus Maximus,Biceps Femoris,Kettlebell,None,0,Standing,Single Arm,Neutral,Front Rack,Continuous,Hip Hinge,,Sagittal Plane,Full Body,Unsorted*,Compound,Ballistics
Single Arm Dumbbell Bird Dog Row,Video Demonstration,,Intermediate,Back,Latissimus Dorsi,Rectus Abdominis,Dumbbell,None,0,Quadruped,Single Arm,Neutral,Other,Continuous,Horizontal Pull,,Sagittal Plane,Upper Body,Pull,Compound,Bodybuilding
Single Arm Kettlebell Bottoms Up Half Kneeling Windmill,Video Demonstration,,Advanced,Abdominals,Obliques,Rectus Abdominis,Kettlebell,None,0,Half Kneeling,Single Arm,Bottoms Up,Overhead,Continuous,Rotational,,Transverse Plane,Core,Other,Compound,Grinds
Alternating Single Arm Kettlebell Half Kneeling Around the World High Catch,,,Intermediate,Abdominals,Rectus Abdominis,,Kettlebell,None,0,Half Kneeling,Single Arm,Pronated,Other,Continuous,Anti-Rotational,,Transverse Plane,Core,Other,Compound,Unsorted*
Double Dumbbell Renegade Row ,Video Demonstration,Video Explanation,Intermediate,Back,Latissimus Dorsi,,Dumbbell,None,0,Prone,Double Arm,Neutral,Other,Continuous,Horizontal Pull,Anti-Extension,Sagittal Plane,Upper Body,Pull,Compound,Bodybuilding
Single Arm Barbell Overhead Toe Balance Squat,,,Expert,Quadriceps,Quadriceps Femoris,Gluteus Maximus,Barbell,None,0,Toe Balance,Single Arm,Pronated,Overhead,Continuous,Knee Dominant,,Sagittal Plane,Lower Body,Push,Compound,Balance
Barbell Overhead Toe Balance Squat,,,Advanced,Quadriceps,Quadriceps Femoris,Gluteus Maximus,Barbell,None,0,Toe Balance,Double Arm,Pronated,Overhead,Continuous,Knee Dominant,,Sagittal Plane,Lower Body,Push,Compound,Balance
Ring Kneeling Rollout,Video Demonstration,,Intermediate,Abdominals,Rectus Abdominis,Latissimus Dorsi,Gymnastic Rings,None,0,Kneeling,Double Arm,Pronated,No Load,Continuous,Anti-Extension,,Sagittal Plane,Core,Other,Compound,Calisthenics
Single Arm Ring Kneeling Rollout,,,Advanced,Abdominals,Rectus Abdominis,Latissimus Dorsi,Gymnastic Rings,None,0,Kneeling,Single Arm,Pronated,No Load,Continuous,Anti-Extension,,Sagittal Plane,Core,Other,Compound,Calisthenics
Ring Standing Rollout,Video Demonstration,,Advanced,Abdominals,Rectus Abdominis,Latissimus Dorsi,Gymnastic Rings,None,0,Standing,Double Arm,Pronated,No Load,Continuous,Anti-Extension,,Sagittal Plane,Core,Other,Compound,Calisthenics
Single Arm Landmine Shoulder Press,Video Demonstration,Video Explanation,Intermediate,Shoulders,Anterior Deltoids,,Landmine,None,0,Standing,Single Arm,Neutral,Overhead,Continuous,Vertical Push,,Sagittal Plane,Upper Body,Push,Compound,Unsorted*
Alternating Single Arm Landmine Shoulder Press,Video Demonstration,,Intermediate,Shoulders,Anterior Deltoids,,Landmine,None,0,Standing,Single Arm,Neutral,Overhead,Continuous,Vertical Push,,Sagittal Plane,Upper Body,Push,Compound,Unsorted*
Single Arm Kettlebell Bent Press,Video Demonstration,Video Explanation,Intermediate,Shoulders,Anterior Deltoids,Triceps Brachii,Kettlebell,None,0,Standing,Single Arm,Pronated,Overhead,Continuous,Rotational,Vertical Push,Transverse Plane,Full Body,Push,Compound,Grinds
Alternating Single Arm Kettlebell Around the World High Catch to Squat,,,Intermediate,Abdominals,Rectus Abdominis,Quadriceps Femoris,Kettlebell,None,0,Standing,Single Arm,Pronated,Other,Continuous,Rotational,Knee Dominant,Transverse Plane,Core,Push,Compound,Unsorted*
Double Kettlebell Overhead Alternating Cossack Squat,,,Intermediate,Quadriceps,Quadriceps Femoris,Adductor Magnus,Kettlebell,None,0,Standing,Double Arm,Pronated,Overhead,Alternating,Knee Dominant,,Frontal Plane,Lower Body,Push,Compound,Bodybuilding
Double Kettlebell Front Rack Cossack Squat,Video Demonstration,,Novice,Quadriceps,Quadriceps Femoris,Adductor Magnus,Kettlebell,None,0,Standing,Double Arm,Neutral,Front Rack,Continuous,Knee Dominant,,Frontal Plane,Lower Body,Push,Compound,Bodybuilding
Double Kettlebell Front Rack Low Switch Cossack Squat,Video Demonstration,,Intermediate,Quadriceps,Quadriceps Femoris,Adductor Magnus,Kettlebell,None,0,Standing,Double Arm,Neutral,Front Rack,Alternating,Knee Dominant,,Frontal Plane,Lower Body,Push,Compound,Bodybuilding
Alternating Single Arm Kettlebell Bottoms Up Clean to Overhead Press,,,Intermediate,Shoulders,Anterior Deltoids,Gluteus Maximus,Kettlebell,None,0,Standing,Single Arm,Bottoms Up,Overhead,Continuous,Vertical Push,Hip Hinge,Sagittal Plane,Full Body,Unsorted*,Compound,Ballistics
Double Kettlebell Bottoms Up Clean to Overhead Press,,,Intermediate,Shoulders,Anterior Deltoids,Gluteus Maximus,Kettlebell,None,0,Standing,Double Arm,Bottoms Up,Overhead,Continuous,Vertical Push,Hip Hinge,Sagittal Plane,Full Body,Unsorted*,Compound,Ballistics
Double Kettlebell Bottoms Up Overhead Knee Over Toe Split Squat,,,Advanced,Quadriceps,Quadriceps Femoris,Gluteus Maximus,Kettlebell,None,0,Knee Over Toe Split Squat,Double Arm,Bottoms Up,Overhead,Continuous,Knee Dominant,,Sagittal Plane,Lower Body,Push,Compound,Bodybuilding
Single Arm Landmine Half Kneeling Contralateral Shoulder Press,Video Demonstration,Video Explanation,Intermediate,Shoulders,Anterior Deltoids,,Landmine,None,0,Half Kneeling,Single Arm,Neutral,Overhead,Continuous,Vertical Push,,Sagittal Plane,Upper Body,Push,Compound,Unsorted*
Bodyweight Bulgarian Split Squat,Video Demonstration,,Novice,Quadriceps,Quadriceps Femoris,Gluteus Maximus,Bodyweight,Bench (Flat),1,Single Leg Supported,No Arms,No Grip,No Load,Continuous,Knee Dominant,,Sagittal Plane,Lower Body,Push,Compound,Bodybuilding
Plate Otis Up,Video Demonstration,Video Explanation,Novice,Abdominals,Rectus Abdominis,Iliopsoas,Weight Plate,None,0,Supine,Double Arm,Neutral,Overhead,Continuous,Spinal Flexion,,Sagittal Plane,Core,Other,Compound,Unsorted*
Double Kettlebell Overhead Pistol Squat,,,Expert,Quadriceps,Quadriceps Femoris,Gluteus Maximus,Kettlebell,None,0,Single Leg Standing,Double Arm,Pronated,Overhead,Continuous,Knee Dominant,,Sagittal Plane,Lower Body,Push,Compound,Balance
Double Kettlebell Bottoms Up Front Rack Pistol Squat,Video Demonstration,,Expert,Quadriceps,Quadriceps Femoris,Gluteus Maximus,Kettlebell,None,0,Single Leg Standing,Double Arm,Bottoms Up,Front Rack,Continuous,Knee Dominant,,Sagittal Plane,Lower Body,Push,Compound,Balance
Double Kettlebell Bottoms Up Overhead Pistol Squat,,,Expert,Quadriceps,Quadriceps Femoris,Gluteus Maximus,Kettlebell,None,0,Single Leg Standing,Double Arm,Bottoms Up,Overhead,Continuous,Knee Dominant,,Sagittal Plane,Lower Body,Push,Compound,Balance
Double Kettlebell Clean to Sots Press,Video Demonstration,,Intermediate,Shoulders,Anterior Deltoids,Gluteus Maximus,Kettlebell,None,0,Standing,Double Arm,Pronated,Overhead,Continuous,Hip Hinge,Vertical Push,Sagittal Plane,Full Body,Unsorted*,Compound,Ballistics
Double Kettlebell Bottoms Up Clean to Sots Press,,,Advanced,Shoulders,Anterior Deltoids,Gluteus Maximus,Kettlebell,None,0,Standing,Double Arm,Bottoms Up,Overhead,Continuous,Vertical Push,Hip Hinge,Sagittal Plane,Full Body,Unsorted*,Compound,Ballistics
Single Arm Landmine Tall Kneeling Shoulder Press,Video Demonstration,,Intermediate,Shoulders,Anterior Deltoids,,Landmine,None,0,Tall Kneeling,Single Arm,Neutral,Overhead,Continuous,Vertical Push,,Sagittal Plane,Upper Body,Push,Compound,Unsorted*
Single Arm Landmine Z Press,Video Demonstration,,Intermediate,Shoulders,Anterior Deltoids,Triceps Brachii,Landmine,None,0,Seated Floor,Single Arm,Neutral,Overhead,Continuous,Vertical Push,,Sagittal Plane,Upper Body,Push,Compound,Bodybuilding
Barbell Z Press,Video Demonstration,Video Explanation,Intermediate,Shoulders,Anterior Deltoids,Triceps Brachii,Barbell,None,0,Seated Floor,Double Arm,Pronated,Overhead,Continuous,Vertical Push,,Sagittal Plane,Upper Body,Push,Compound,Bodybuilding
Single Arm Suspension Bicep Curl,Video Demonstration,Video Explanation,Intermediate,Biceps,Biceps Brachii,Brachialis,Suspension Trainer,None,0,Standing,Single Arm,Supinated,No Load,Continuous,Elbow Flexion,,Sagittal Plane,Upper Body,Pull,Isolation,Unsorted*
Suspension Atomic Push Up,Video Demonstration,,Intermediate,Chest,Pectoralis Major,Rectus Abdominis,Suspension Trainer,None,0,Prone,Double Arm,Flat Palm,No Load,Continuous,Horizontal Push,,Sagittal Plane,Upper Body,Push,Compound,Unsorted*
Parallette Feet Elevated Close Grip Push Up,,,Intermediate,Triceps,Triceps Brachii,Pectoralis Major,Parallette Bars,Bench (Flat),1,Prone,Double Arm,Pronated,No Load,Continuous,Horizontal Push,,Sagittal Plane,Upper Body,Push,Compound,Calisthenics
Double Kettlebell Clean to Thruster,Video Demonstration,,Intermediate,Shoulders,Anterior Deltoids,Gluteus Maximus,Kettlebell,None,0,Standing,Double Arm,Pronated,Overhead,Continuous,Hip Hinge,Vertical Push,Sagittal Plane,Full Body,Unsorted*,Compound,Unsorted*
Bodyweight Archer Push Up,Video Demonstration,Video Explanation,Intermediate,Chest,Pectoralis Major,,Bodyweight,None,0,Prone,Double Arm,Flat Palm,No Load,Continuous,Horizontal Push,,Frontal Plane,Upper Body,Push,Compound,Calisthenics
Parallette Archer Push Up,Video Demonstration,,Intermediate,Chest,Pectoralis Major,,Parallette Bars,None,0,Prone,Double Arm,Neutral,No Load,Continuous,Horizontal Push,,Frontal Plane,Upper Body,Push,Compound,Calisthenics
Single Arm Suspension Push Up,Video Demonstration,,Intermediate,Chest,Pectoralis Major,Triceps Brachii,Suspension Trainer,None,0,Standing,Single Arm,Pronated,No Load,Continuous,Anti-Rotational,,Sagittal Plane,Upper Body,Push,Compound,Unsorted*
Ring Skin the Cat,Video Demonstration,Video Explanation,Intermediate,Back,Latissimus Dorsi,Rectus Abdominis,Gymnastic Rings,None,0,Hanging,Double Arm,Pronated,No Load,Continuous,Rotational,,Sagittal Plane,Upper Body,Pull,Compound,Calisthenics
Double Kettlebell Bottoms Up Overhead Bulgarian Split Squat,,,Advanced,Quadriceps,Quadriceps Femoris,Gluteus Maximus,Kettlebell,Bench (Flat),1,Single Leg Supported,Double Arm,Bottoms Up,Overhead,Continuous,Knee Dominant,,Sagittal Plane,Lower Body,Push,Compound,Bodybuilding
Single Arm Kettlebell Bottoms Up Overhead Contralateral Bulgarian Split Squat,,,Advanced,Quadriceps,Quadriceps Femoris,Gluteus Maximus,Kettlebell,Bench (Flat),1,Single Leg Supported,Single Arm,Bottoms Up,Overhead,Continuous,Knee Dominant,,Sagittal Plane,Lower Body,Push,Compound,Bodybuilding
Single Arm Kettlebell Suitcase Contralateral Bulgarian Split Squat,Video Demonstration,,Intermediate,Quadriceps,Quadriceps Femoris,Gluteus Maximus,Kettlebell,Bench (Flat),1,Single Leg Supported,Single Arm,Neutral,Suitcase,Continuous,Knee Dominant,Anti-Lateral Flexion,Sagittal Plane,Lower Body,Push,Compound,Bodybuilding
Single Arm Kettlebell Suitcase Ipsilateral Bulgarian Split Squat,,Video Explanation,Intermediate,Quadriceps,Quadriceps Femoris,Gluteus Maximus,Kettlebell,Bench (Flat),1,Single Leg Supported,Single Arm,Neutral,Suitcase,Continuous,Knee Dominant,Anti-Lateral Flexion,Sagittal Plane,Lower Body,Push,Compound,Bodybuilding
Double Kettlebell Bottoms Up Front Rack Bulgarian Split Squat,,,Intermediate,Quadriceps,Quadriceps Femoris,Gluteus Maximus,Kettlebell,Bench (Flat),1,Single Leg Supported,Double Arm,Bottoms Up,Front Rack,Continuous,Knee Dominant,,Sagittal Plane,Lower Body,Push,Compound,Bodybuilding
Double Kettlebell Suitcase Bulgarian Split Squat,Video Demonstration,,Intermediate,Quadriceps,Quadriceps Femoris,Gluteus Maximus,Kettlebell,Bench (Flat),1,Single Leg Supported,Double Arm,Neutral,Suitcase,Continuous,Knee Dominant,,Sagittal Plane,Lower Body,Push,Compound,Bodybuilding
Double Kettlebell Bulgarian Split Squat Thruster ,,,Advanced,Shoulders,Anterior Deltoids,Quadriceps Femoris,Kettlebell,Bench (Flat),1,Single Leg Supported,Double Arm,Pronated,Overhead,Continuous,Vertical Push,Knee Dominant,Sagittal Plane,Full Body,Push,Compound,Bodybuilding
Double Kettlebell Bottoms Up Bulgarian Split Squat Thruster,,,Advanced,Shoulders,Anterior Deltoids,Quadriceps Femoris,Kettlebell,Bench (Flat),1,Single Leg Supported,Double Arm,Bottoms Up,Overhead,Continuous,Vertical Push,Knee Dominant,Sagittal Plane,Full Body,Push,Compound,Bodybuilding
Single Arm Kettlebell Bottoms Up Front Rack Contralateral Bulgarian Split Squat,,Video Explanation,Intermediate,Quadriceps,Quadriceps Femoris,Gluteus Maximus,Kettlebell,Bench (Flat),1,Single Leg Supported,Single Arm,Bottoms Up,Front Rack,Continuous,Knee Dominant,,Sagittal Plane,Lower Body,Push,Compound,Bodybuilding
Single Arm Kettlebell Front Rack Contralateral Bulgarian Split Squat,,Video Explanation,Intermediate,Quadriceps,Quadriceps Femoris,Gluteus Maximus,Kettlebell,Bench (Flat),1,Single Leg Supported,Single Arm,Neutral,Front Rack,Continuous,Knee Dominant,,Sagittal Plane,Lower Body,Push,Compound,Bodybuilding
Ring Feet Elevated Row,Video Demonstration,Video Explanation,Intermediate,Back,Latissimus Dorsi,Biceps Brachii,Gymnastic Rings,Bench (Flat),1,Supine,Double Arm,Neutral,No Load,Continuous,Horizontal Pull,,Sagittal Plane,Upper Body,Pull,Compound,Calisthenics
Single Arm Kettlebell Bottoms Up Front Rack Ipsilateral Bulgarian Split Squat,,Video Explanation,Intermediate,Quadriceps,Quadriceps Femoris,Gluteus Maximus,Kettlebell,Bench (Flat),1,Single Leg Supported,Single Arm,Bottoms Up,Front Rack,Continuous,Knee Dominant,,Sagittal Plane,Lower Body,Push,Compound,Bodybuilding
Ring Feet Elevated Bulgarian Row,Video Demonstration,Video Explanation,Intermediate,Back,Latissimus Dorsi,Biceps Brachii,Gymnastic Rings,Bench (Flat),1,Supine,Double Arm,Pronated,No Load,Continuous,Horizontal Pull,,Sagittal Plane,Upper Body,Pull,Compound,Calisthenics
Ring Feet Elevated Archer Row,,,Intermediate,Back,Latissimus Dorsi,Biceps Brachii,Gymnastic Rings,Bench (Flat),1,Supine,Double Arm,Neutral,No Load,Continuous,Horizontal Pull,,Sagittal Plane,Upper Body,Pull,Compound,Calisthenics
Ring Push Up,Video Demonstration,Video Explanation,Intermediate,Chest,Pectoralis Major,Triceps Brachii,Gymnastic Rings,None,0,Prone,Double Arm,Neutral,No Load,Continuous,Horizontal Push,,Sagittal Plane,Upper Body,Push,Compound,Calisthenics
Ring Chest Fly,Video Demonstration,Video Explanation,Intermediate,Chest,Pectoralis Major,Anterior Deltoids,Gymnastic Rings,None,0,Prone,Double Arm,Neutral,No Load,Continuous,Horizontal Adduction,,Transverse Plane,Upper Body,Push,Isolation,Unsorted*
Double Kettlebell Feet Elevated Push Up,Video Demonstration,,Intermediate,Chest,Pectoralis Major,Triceps Brachii,Kettlebell,Bench (Flat),1,Prone,Double Arm,Neutral,No Load,Continuous,Horizontal Push,,Sagittal Plane,Upper Body,Push,Compound,Calisthenics
Single Arm Kettlebell Bottoms Up Half Kneeling Contralateral Overhead Press,Video Demonstration,,Intermediate,Shoulders,Anterior Deltoids,Triceps Brachii,Kettlebell,None,0,Half Kneeling,Single Arm,Bottoms Up,Overhead,Continuous,Vertical Push,,Sagittal Plane,Upper Body,Push,Compound,Bodybuilding
Parallette Alternating Shoulder Tap Push Up,Video Demonstration,,Intermediate,Chest,Pectoralis Major,Triceps Brachii,Parallette Bars,None,0,Prone,Double Arm,Neutral,No Load,Continuous,Horizontal Push,,Sagittal Plane,Upper Body,Push,Compound,Calisthenics
Parallette Dive Bomber Push Up,Video Demonstration,Video Explanation,Intermediate,Chest,Pectoralis Major,Triceps Brachii,Parallette Bars,None,0,Prone,Double Arm,Neutral,No Load,Continuous,Horizontal Push,,Sagittal Plane,Upper Body,Push,Compound,Calisthenics
Barbell Front Rack Bulgarian Split Squat,Video Demonstration,,Intermediate,Quadriceps,Quadriceps Femoris,Gluteus Maximus,Barbell,Bench (Flat),1,Single Leg Supported,Double Arm,Pronated,Front Rack,Continuous,Knee Dominant,,Sagittal Plane,Lower Body,Push,Compound,Bodybuilding
Barbell Back Rack Bulgarian Split Squat,Video Demonstration,,Intermediate,Quadriceps,Quadriceps Femoris,Gluteus Maximus,Barbell,Bench (Flat),1,Single Leg Supported,Double Arm,Pronated,Back Rack,Continuous,Knee Dominant,,Sagittal Plane,Lower Body,Push,Compound,Bodybuilding
Single Arm Suspension Contralateral Pistol Squat,,,Advanced,Quadriceps,Quadriceps Femoris,Gluteus Maximus,Suspension Trainer,None,0,Single Leg Standing,Single Arm,Neutral,No Load,Continuous,Knee Dominant,,Sagittal Plane,Lower Body,Push,Compound,Balance
Barbell Front Rack Alternating Curtsy Lunge,Video Demonstration,,Intermediate,Quadriceps,Quadriceps Femoris,Gluteus Maximus,Barbell,None,0,Standing,Double Arm,Pronated,Front Rack,Alternating,Knee Dominant,,Frontal Plane,Lower Body,Push,Compound,Bodybuilding
Bodyweight Dragon Flag,Video Demonstration,Video Explanation,Advanced,Abdominals,Rectus Abdominis,,Bodyweight,None,0,Supine,Double Arm,Pronated,No Load,Continuous,Isometric Hold,,Sagittal Plane,Core,Other,Compound,Calisthenics
Single Arm Kettlebell Front Rack Ipsilateral Bulgarian Split Squat,,Video Explanation,Intermediate,Quadriceps,Quadriceps Femoris,Gluteus Maximus,Kettlebell,Bench (Flat),1,Single Leg Supported,Single Arm,Neutral,Front Rack,Continuous,Knee Dominant,,Sagittal Plane,Lower Body,Push,Compound,Bodybuilding
Bodyweight Dive Bomber Push Up,Video Demonstration,Video Explanation,Intermediate,Chest,Pectoralis Major,Triceps Brachii,Bodyweight,None,0,Prone,Double Arm,Flat Palm,No Load,Continuous,Horizontal Push,,Sagittal Plane,Upper Body,Push,Compound,Calisthenics
Barbell Staggered Stance Push Press,,,Intermediate,Shoulders,Anterior Deltoids,Triceps Brachii,Barbell,None,0,Staggered Stance,Double Arm,Pronated,Overhead,Continuous,Vertical Push,,Sagittal Plane,Upper Body,Push,Compound,Unsorted*
Parallette Full Planche,Video Demonstration,,Expert,Abdominals,Rectus Abdominis,,Parallette Bars,None,0,Prone,Double Arm,Neutral,No Load,Continuous,Isometric Hold,,Sagittal Plane,Full Body,Other,Compound,Calisthenics
Double Dumbbell Renegade Row to Push Up,Video Demonstration,,Intermediate,Back,Latissimus Dorsi,,Dumbbell,None,0,Prone,Double Arm,Neutral,Other,Continuous,Horizontal Pull,Horizontal Push,Sagittal Plane,Upper Body,Push & Pull,Compound,Bodybuilding
Ring Inverted Iron Cross,Video Demonstration,,Grand Master,Back,Latissimus Dorsi,Biceps Brachii,Gymnastic Rings,None,0,Inverted,Double Arm,Neutral,No Load,Continuous,Isometric Hold,,Sagittal Plane,Full Body,Unsorted*,Compound,Calisthenics
Barbell Reverse Grip Front Raise,Video Demonstration,,Novice,Shoulders,Anterior Deltoids,Pectoralis Major,Barbell,None,0,Standing,Double Arm,Supinated,Other,Continuous,Shoulder Flexion,,Sagittal Plane,Upper Body,Push,Isolation,Bodybuilding
Ring Tuck Planche,Video Demonstration,,Advanced,Abdominals,Rectus Abdominis,Biceps Brachii,Gymnastic Rings,None,0,Other,Double Arm,Neutral,No Load,Continuous,Isometric Hold,,Sagittal Plane,Full Body,Other,Compound,Calisthenics
Barbell Seated Reverse Grip Wrist Curl,,Video Explanation,Intermediate,Forearms,Brachioradialis,,Barbell,Bench (Flat),1,Seated,Double Arm,Pronated,Other,Continuous,Wrist Extension,,Sagittal Plane,Upper Body,Pull,Isolation,Unsorted*
Ring Full Planche,,,Master,Abdominals,Rectus Abdominis,,Gymnastic Rings,None,0,Prone,Double Arm,Supinated,No Load,Continuous,Isometric Hold,,Sagittal Plane,Full Body,Other,Compound,Calisthenics
Alternating Single Arm Parallette Push Up,,,Intermediate,Chest,Pectoralis Major,Triceps Brachii,Parallette Bars,None,0,Prone,Single Arm,Neutral,No Load,Continuous,Horizontal Push,,Frontal Plane,Upper Body,Push,Compound,Calisthenics
Ring Scapular Pull Up,,,Intermediate,Back,Latissimus Dorsi,Rhomboids,Gymnastic Rings,None,0,Hanging,Double Arm,Pronated,No Load,Continuous,Vertical Pull,,Sagittal Plane,Upper Body,Pull,Compound,Calisthenics
Ring Grip Full Planche,,,Grand Master,Abdominals,Rectus Abdominis,,Gymnastic Rings,None,0,Prone,Double Arm,Neutral,No Load,Continuous,Isometric Hold,,Sagittal Plane,Full Body,Other,Compound,Calisthenics
Bodyweight Full Planche,Video Demonstration,,Expert,Abdominals,Rectus Abdominis,,Bodyweight,None,0,Prone,Double Arm,Flat Palm,No Load,Continuous,Isometric Hold,,Sagittal Plane,Full Body,Other,Compound,Calisthenics
Cable Quadruped Hip Abduction,Video Demonstration,,Novice,Abductors,Gluteus Medius,Gluteus Minimus,Cable,None,0,Quadruped,No Arms,Flat Palm,Other,Continuous,Hip Abduction,,Sagittal Plane,Lower Body,Other,Isolation,Unsorted*
Barbell Reverse Grip Bench Press,Video Demonstration,Video Explanation,Intermediate,Chest,Pectoralis Major,,Barbell,Bench (Flat),1,Supine,Double Arm,Supinated,Above Chest,Continuous,Horizontal Push,,Sagittal Plane,Upper Body,Push,Compound,Bodybuilding
Double Kettlebell Turkish Get Up,Video Demonstration,Video Explanation,Advanced,Abdominals,Obliques,Rectus Abdominis,Kettlebell,None,0,Supine,Double Arm,Pronated,Overhead,Continuous,Rotational,,Transverse Plane,Full Body,Other,Compound,Grinds
Single Arm Kettlebell Rotational Overhead Press,Video Demonstration,,Intermediate,Shoulders,Anterior Deltoids,,Kettlebell,None,0,Standing,Single Arm,Neutral,Overhead,Continuous,Vertical Push,Spinal Rotational,Transverse Plane,Upper Body,Push,Compound,Bodybuilding
Single Arm Kettlebell Z Press,Video Demonstration,Video Explanation,Intermediate,Shoulders,Anterior Deltoids,Triceps Brachii,Kettlebell,None,0,Seated Floor,Single Arm,Pronated,Overhead,Continuous,Vertical Push,,Sagittal Plane,Upper Body,Push,Compound,Bodybuilding
Parallette Straddle Planche,Video Demonstration,,Expert,Abdominals,Rectus Abdominis,,Parallette Bars,None,0,Prone,Double Arm,Neutral,No Load,Continuous,Isometric Hold,,Sagittal Plane,Full Body,Other,Compound,Calisthenics
Single Arm Kettlebell Sots Press,Video Demonstration,,Intermediate,Shoulders,Anterior Deltoids,Triceps Brachii,Kettlebell,None,0,Standing,Single Arm,Pronated,Overhead,Continuous,Vertical Push,,Sagittal Plane,Upper Body,Push,Compound,Bodybuilding
Ring Straddle Planche,,,Master,Abdominals,Rectus Abdominis,,Gymnastic Rings,None,0,Prone,Double Arm,Supinated,No Load,Continuous,Isometric Hold,,Sagittal Plane,Full Body,Other,Compound,Calisthenics
Double Kettlebell Renegade Row ,Video Demonstration,Video Explanation,Intermediate,Back,Latissimus Dorsi,,Kettlebell,None,0,Prone,Double Arm,Neutral,Other,Continuous,Horizontal Pull,Anti-Extension,Sagittal Plane,Upper Body,Pull,Compound,Bodybuilding
Barbell Turkish Sit Up,Video Demonstration,,Intermediate,Abdominals,Rectus Abdominis,Anterior Deltoids,Barbell,None,0,Supine,Double Arm,Pronated,Overhead,Continuous,Spinal Flexion,,Sagittal Plane,Core,Other,Compound,Unsorted*
Plate Turkish Sit Up,Video Demonstration,,Intermediate,Abdominals,Rectus Abdominis,Anterior Deltoids,Weight Plate,None,0,Supine,Double Arm,Neutral,Overhead,Continuous,Spinal Flexion,,Sagittal Plane,Core,Other,Compound,Unsorted*
Double Kettlebell Renegade Row to Push Up,Video Demonstration,,Intermediate,Back,Latissimus Dorsi,,Kettlebell,None,0,Prone,Double Arm,Neutral,Other,Continuous,Horizontal Pull,Horizontal Push,Sagittal Plane,Upper Body,Push & Pull,Compound,Bodybuilding
Single Arm Barbell Turkish Sit Up,,,Advanced,Abdominals,Rectus Abdominis,Anterior Deltoids,Barbell,None,0,Supine,Single Arm,Pronated,Overhead,Continuous,Spinal Flexion,,Sagittal Plane,Core,Other,Compound,Unsorted*
Dumbbell Crush Grip Romanian Deadlift,Video Demonstration,,Beginner,Hamstrings,Biceps Femoris,Gluteus Maximus,Dumbbell,None,0,Standing,Double Arm,Crush Grip,Other,Continuous,Hip Hinge,,Sagittal Plane,Lower Body,Pull,Compound,Bodybuilding
Single Arm Kettlebell Half Kneeling Contralateral Overhead Press,Video Demonstration,Video Explanation,Intermediate,Shoulders,Anterior Deltoids,Triceps Brachii,Kettlebell,None,0,Half Kneeling,Single Arm,Pronated,Overhead,Continuous,Vertical Push,,Sagittal Plane,Upper Body,Push,Compound,Bodybuilding
Double Kettlebell Knee Over Toe Split Squat Thruster,,,Advanced,Shoulders,Anterior Deltoids,Quadriceps Femoris,Kettlebell,None,0,Knee Over Toe Split Squat,Double Arm,Pronated,Overhead,Continuous,Vertical Push,Knee Dominant,Sagittal Plane,Full Body,Push,Compound,Bodybuilding
Double Kettlebell Bottoms Up Knee Over Toe Split Squat Thruster,,,Advanced,Shoulders,Anterior Deltoids,Quadriceps Femoris,Kettlebell,None,0,Knee Over Toe Split Squat,Double Arm,Bottoms Up,Overhead,Continuous,Vertical Push,Knee Dominant,Sagittal Plane,Full Body,Push,Compound,Bodybuilding
Single Arm Kettlebell Bottoms Up Z Press,Video Demonstration,,Intermediate,Shoulders,Anterior Deltoids,Triceps Brachii,Kettlebell,None,0,Seated Floor,Single Arm,Bottoms Up,Overhead,Continuous,Vertical Push,,Sagittal Plane,Upper Body,Push,Compound,Bodybuilding
Double Kettlebell Bottoms Up Z Press,Video Demonstration,,Intermediate,Shoulders,Anterior Deltoids,Triceps Brachii,Kettlebell,None,0,Seated Floor,Double Arm,Bottoms Up,Overhead,Continuous,Vertical Push,,Sagittal Plane,Upper Body,Push,Compound,Bodybuilding
Double Kettlebell Sots Press,Video Demonstration,,Intermediate,Shoulders,Anterior Deltoids,Triceps Brachii,Kettlebell,None,0,Standing,Double Arm,Pronated,Overhead,Continuous,Vertical Push,,Sagittal Plane,Upper Body,Push,Compound,Bodybuilding
Alternating Double Kettlebell Sots Press,Video Demonstration,,Intermediate,Shoulders,Anterior Deltoids,Triceps Brachii,Kettlebell,None,0,Standing,Double Arm,Pronated,Overhead,Continuous,Vertical Push,,Sagittal Plane,Upper Body,Push,Compound,Bodybuilding
Double Kettlebell Seesaw Sots Press,Video Demonstration,,Intermediate,Shoulders,Anterior Deltoids,Triceps Brachii,Kettlebell,None,0,Standing,Double Arm,Pronated,Overhead,Continuous,Vertical Push,,Sagittal Plane,Upper Body,Push,Compound,Bodybuilding
Dumbbell Crush Grip Hollow Body Flutter Kicks,Video Demonstration,,Intermediate,Abdominals,Rectus Abdominis,Iliopsoas,Dumbbell,None,0,Supine,Double Arm,Crush Grip,Other,Alternating,Isometric Hold,,Sagittal Plane,Core,Other,Compound,Unsorted*
Double Kettlebell Bottoms Up Seesaw Overhead Press,Video Demonstration,,Intermediate,Shoulders,Anterior Deltoids,Triceps Brachii,Kettlebell,None,0,Standing,Double Arm,Bottoms Up,Overhead,Continuous,Vertical Push,,Sagittal Plane,Upper Body,Push,Compound,Unsorted*
Parallette Crow Pose,Video Demonstration,,Intermediate,Abdominals,Rectus Abdominis,,Parallette Bars,None,0,Inverted,Double Arm,Neutral,No Load,Continuous,Isometric Hold,,Sagittal Plane,Full Body,Other,Compound,Calisthenics
Double Kettlebell Bottoms Up Seesaw Z Press,,,Intermediate,Shoulders,Anterior Deltoids,Triceps Brachii,Kettlebell,None,0,Seated Floor,Double Arm,Bottoms Up,Overhead,Continuous,Vertical Push,,Sagittal Plane,Upper Body,Push,Compound,Bodybuilding
Suspension Single Leg Standing Bent Knee Reverse Fly,,,Intermediate,Shoulders,Posterior Deltoids,,Suspension Trainer,None,0,Single Leg Standing Bent Knee,Double Arm,Neutral,No Load,Continuous,Horizontal Pull,,Sagittal Plane,Upper Body,Pull,Compound,Balance
Kettlebell Bottoms Up Horn Grip Goblet Bulgarian Split Squat,,,Intermediate,Quadriceps,Quadriceps Femoris,Gluteus Maximus,Kettlebell,Bench (Flat),1,Single Leg Supported,Double Arm,Bottoms Up Horn Grip,Front Rack,Continuous,Knee Dominant,,Sagittal Plane,Lower Body,Push,Compound,Bodybuilding
Double Kettlebell Snatch to Overhead Squat,,,Advanced,Quadriceps,Quadriceps Femoris,Gluteus Maximus,Kettlebell,None,0,Standing,Double Arm,Pronated,Overhead,Continuous,Hip Hinge,Knee Dominant,Sagittal Plane,Full Body,Unsorted*,Compound,Ballistics
Suspension Single Leg Standing Bent Knee Y Raise,,,Intermediate,Shoulders,Posterior Deltoids,,Suspension Trainer,None,0,Single Leg Standing Bent Knee,Double Arm,Pronated,No Load,Continuous,Unsorted*,,Sagittal Plane,Upper Body,Pull,Compound,Balance
Suspension Single Leg Standing Bent Knee Face Pull,,,Intermediate,Shoulders,Posterior Deltoids,Infraspinatus,Suspension Trainer,None,0,Single Leg Standing Bent Knee,Double Arm,Pronated,No Load,Continuous,Shoulder External Rotation,,Transverse Plane,Upper Body,Pull,Compound,Balance
Single Arm Kettlebell Half Kneeling Dead Clean,,,Intermediate,Glutes,Gluteus Maximus,Biceps Femoris,Kettlebell,None,0,Half Kneeling,Single Arm,Neutral,Front Rack,Continuous,Hip Hinge,,Sagittal Plane,Full Body,Unsorted*,Compound,Ballistics
Barbell Overhead March,Video Demonstration,,Intermediate,Hip Flexors,Iliopsoas,Rectus Abdominis,Barbell,None,0,March,Double Arm,Pronated,Overhead,Alternating,Locomotion,,Sagittal Plane,Core,Other,Compound,Balance
Single Arm Barbell Overhead March,,,Advanced,Hip Flexors,Iliopsoas,Rectus Abdominis,Barbell,None,0,March,Single Arm,Pronated,Overhead,Alternating,Locomotion,,Sagittal Plane,Core,Other,Compound,Balance
Single Arm Kettlebell Half Kneeling Clean,Video Demonstration,Video Explanation,Intermediate,Glutes,Gluteus Maximus,,Kettlebell,None,0,Half Kneeling,Single Arm,Neutral,Front Rack,Continuous,Hip Hinge,,Sagittal Plane,Full Body,Unsorted*,Compound,Ballistics
Single Arm Kettlebell Half Kneeling Snatch,Video Demonstration,Video Explanation,Intermediate,Glutes,Gluteus Maximus,Anterior Deltoids ,Kettlebell,None,0,Half Kneeling,Single Arm,Pronated,Overhead,Continuous,Hip Hinge,,Sagittal Plane,Full Body,Unsorted*,Compound,Ballistics
Double Kettlebell Front Rack Alternating Curtsy Lunge,Video Demonstration,,Novice,Quadriceps,Quadriceps Femoris,Gluteus Maximus,Kettlebell,None,0,Standing,Double Arm,Neutral,Front Rack,Alternating,Knee Dominant,,Frontal Plane,Lower Body,Push,Compound,Bodybuilding
Slider Lateral Lunge,Video Demonstration,,Beginner,Quadriceps,Quadriceps Femoris,Gluteus Maximus,Sliders,None,0,Standing,No Arms,No Grip,No Load,Continuous,Knee Dominant,,Frontal Plane,Lower Body,Other,Compound,Bodybuilding
Kettlebell Bottoms Up Horn Grip Toe Balance Squat,,,Intermediate,Quadriceps,Quadriceps Femoris,Gluteus Maximus,Kettlebell,None,0,Toe Balance,Double Arm,Bottoms Up Horn Grip,Front Rack,Continuous,Knee Dominant,,Sagittal Plane,Lower Body,Push,Compound,Balance
Double Kettlebell Dead Clean to Overhead Press,Video Demonstration,Video Explanation,Intermediate,Shoulders,Anterior Deltoids,Gluteus Maximus,Kettlebell,None,0,Standing,Double Arm,Neutral,Overhead,Continuous,Hip Hinge,Vertical Push,Sagittal Plane,Full Body,Unsorted*,Compound,Ballistics
Double Kettlebell Dead Clean to Thruster,Video Demonstration,,Intermediate,Shoulders,Anterior Deltoids,Quadriceps Femoris,Kettlebell,None,0,Standing,Double Arm,Neutral,Overhead,Continuous,Hip Hinge,Vertical Push,Sagittal Plane,Full Body,Unsorted*,Compound,Ballistics
Suspension Single Leg Standing Bent Knee Face Pull to Overhead Press,,,Intermediate,Shoulders,Posterior Deltoids,Infraspinatus,Suspension Trainer,None,0,Single Leg Standing Bent Knee,Double Arm,Pronated,Overhead,Continuous,Shoulder External Rotation,Vertical Push,Transverse Plane,Upper Body,Push & Pull,Compound,Balance
Suspension Single Leg Standing Bent Knee Cuban Press,,,Intermediate,Shoulders,Posterior Deltoids,Triceps Brachii,Suspension Trainer,None,0,Single Leg Standing Bent Knee,Double Arm,Pronated,No Load,Continuous,Shoulder External Rotation,Vertical Push,Transverse Plane,Upper Body,Push & Pull,Compound,Balance
Double Kettlebell Single Leg Standing Bent Knee Overhead Press,,,Intermediate,Shoulders,Anterior Deltoids,Triceps Brachii,Kettlebell,None,0,Single Leg Standing Bent Knee,Double Arm,Pronated,Overhead,Continuous,Vertical Push,,Sagittal Plane,Upper Body,Push,Compound,Balance
Single Arm Kettlebell Dead Snatch,Video Demonstration,,Intermediate,Glutes,Gluteus Maximus,Anterior Deltoids ,Kettlebell,None,0,Standing,Single Arm,Pronated,Overhead,Continuous,Hip Hinge,,Sagittal Plane,Full Body,Unsorted*,Compound,Ballistics
Alternating Single Arm Kettlebell Dead Snatch,Video Demonstration,Video Explanation,Intermediate,Glutes,Gluteus Maximus,Anterior Deltoids ,Kettlebell,None,0,Standing,Single Arm,Pronated,Overhead,Continuous,Hip Hinge,,Sagittal Plane,Full Body,Unsorted*,Compound,Ballistics
Double Kettlebell Dead Half Snatch,Video Demonstration,,Intermediate,Glutes,Gluteus Maximus,Biceps Femoris,Kettlebell,None,0,Standing,Double Arm,Pronated,Overhead,Continuous,Hip Hinge,,Sagittal Plane,Full Body,Unsorted*,Compound,Ballistics
Slider Barbell Overhead Reverse Lunge,,,Advanced,Quadriceps,Quadriceps Femoris,Gluteus Maximus,Sliders,Barbell,1,Standing,Double Arm,Pronated,Overhead,Continuous,Knee Dominant,,Sagittal Plane,Lower Body,Push,Compound,Bodybuilding
Single Arm Kettlebell Single Leg Standing Bent Knee Contralateral Overhead Press,,,Intermediate,Shoulders,Anterior Deltoids,Triceps Brachii,Kettlebell,None,0,Single Leg Standing Bent Knee,Single Arm,Pronated,Overhead,Continuous,Vertical Push,,Sagittal Plane,Upper Body,Push,Compound,Balance
Suspension Single Leg Standing Bent Knee Bicep Curl,,,Intermediate,Biceps,Biceps Brachii,Brachialis,Suspension Trainer,None,0,Single Leg Standing Bent Knee,Double Arm,Supinated,No Load,Continuous,Elbow Flexion,,Sagittal Plane,Upper Body,Pull,Isolation,Balance
Double Kettlebell Otis Up,,,Novice,Abdominals,Rectus Abdominis,Iliopsoas,Kettlebell,None,0,Supine,Double Arm,Pronated,Overhead,Continuous,Spinal Flexion,,Sagittal Plane,Core,Other,Compound,Unsorted*
Single Arm Kettlebell Otis Up,,,Novice,Abdominals,Rectus Abdominis,Iliopsoas,Kettlebell,None,0,Supine,Single Arm,Pronated,Overhead,Continuous,Spinal Flexion,,Sagittal Plane,Core,Other,Compound,Unsorted*
Kettlebell Horn Grip Otis Up,,,Novice,Abdominals,Rectus Abdominis,Iliopsoas,Kettlebell,None,0,Supine,Double Arm,Horn Grip,Overhead,Continuous,Spinal Flexion,,Sagittal Plane,Core,Other,Compound,Unsorted*
Double Kettlebell Bottoms Up Otis Up,,,Intermediate,Abdominals,Rectus Abdominis,Iliopsoas,Kettlebell,None,0,Supine,Double Arm,Bottoms Up,Overhead,Continuous,Spinal Flexion,,Sagittal Plane,Core,Other,Compound,Unsorted*
Single Arm Kettlebell Bottoms Up Otis Up,,,Intermediate,Abdominals,Rectus Abdominis,Iliopsoas,Kettlebell,None,0,Supine,Single Arm,Bottoms Up,Overhead,Continuous,Spinal Flexion,,Sagittal Plane,Core,Other,Compound,Unsorted*
Double Dumbbell Staggered Stance Romanian Deadlift,Video Demonstration,Video Explanation,Novice,Hamstrings,Biceps Femoris,Gluteus Maximus,Dumbbell,None,0,Staggered Stance,Double Arm,Pronated,Other,Continuous,Hip Hinge,,Sagittal Plane,Lower Body,Pull,Compound,Bodybuilding
Barbell Staggered Stance Romanian Deadlift,Video Demonstration,,Intermediate,Hamstrings,Biceps Femoris,Gluteus Maximus,Barbell,None,0,Staggered Stance,Double Arm,Pronated,Other,Continuous,Hip Hinge,,Sagittal Plane,Lower Body,Pull,Compound,Bodybuilding
Single Arm Kettlebell Bottoms Up Turkish Sit Up,,,Intermediate,Abdominals,Rectus Abdominis,Anterior Deltoids,Kettlebell,None,0,Supine,Single Arm,Bottoms Up,Overhead,Continuous,Spinal Flexion,,Sagittal Plane,Core,Other,Compound,Unsorted*
Ring Hanging Knees to Elbows,Video Demonstration,,Advanced,Abdominals,Rectus Abdominis,Iliopsoas,Gymnastic Rings,None,0,Hanging,Double Arm,Pronated,No Load,Continuous,Spinal Flexion,,Sagittal Plane,Core,Other,Compound,Calisthenics
Single Arm Plate Teacup,,Video Explanation,Intermediate,Shoulders,Posterior Deltoids,Anterior Deltoids,Weight Plate,None,0,Standing,Single Arm,Supinated,Other,Continuous,Rotational,,Transverse Plane,Upper Body,Unsorted*,Compound,Mobility
Double Kettlebell Bottoms Up Turkish Sit Up,,,Intermediate,Abdominals,Rectus Abdominis,Anterior Deltoids,Kettlebell,None,0,Supine,Double Arm,Bottoms Up,Overhead,Continuous,Spinal Flexion,,Sagittal Plane,Core,Other,Compound,Unsorted*
Superband Assisted Nordic Hamstring Curl,Video Demonstration,,Intermediate,Hamstrings,Biceps Femoris,Gluteus Maximus,Superband,None,0,Tall Kneeling,No Arms,No Grip,No Load,Continuous,Knee Dominant,,Sagittal Plane,Lower Body,Pull,Compound,Unsorted*
Double Kettlebell Bottoms Up Turkish Sit Up to Z Press,,,Intermediate,Abdominals,Rectus Abdominis,,Kettlebell,None,0,Seated Floor,Double Arm,Bottoms Up,Overhead,Continuous,Spinal Flexion,Vertical Push,Sagittal Plane,Full Body,Push,Compound,Bodybuilding
Bodyweight Alternating Shin Box Hip Extension,Video Demonstration,,Intermediate,Glutes,Gluteus Maximus,,Bodyweight,None,0,Shin Box Seated,No Arms,No Grip,No Load,Alternating,Hip Extension,,Transverse Plane,Lower Body,Unsorted*,Compound,Mobility
Single Arm Kettlebell Turkish Sit Up to Z Press,Video Demonstration,,Intermediate,Abdominals,Rectus Abdominis,,Kettlebell,None,0,Seated Floor,Single Arm,Pronated,Overhead,Continuous,Spinal Flexion,Vertical Push,Sagittal Plane,Full Body,Push,Compound,Bodybuilding
Single Arm Kettlebell Bottoms Up Turkish Sit Up to Z Press,,,Intermediate,Abdominals,Rectus Abdominis,,Kettlebell,None,0,Seated Floor,Single Arm,Bottoms Up,Overhead,Continuous,Spinal Flexion,Vertical Push,Sagittal Plane,Full Body,Push,Compound,Bodybuilding
Ring Chin Up,Video Demonstration,,Intermediate,Biceps,Biceps Brachii,Latissimus Dorsi,Gymnastic Rings,None,0,Hanging,Double Arm,Supinated,No Load,Continuous,Vertical Pull,,Sagittal Plane,Upper Body,Pull,Compound,Calisthenics
Single Arm Kettlebell Rotational Thruster,Video Demonstration,,Novice,Quadriceps,Quadriceps Femoris,Anterior Deltoids,Kettlebell,None,0,Standing,Single Arm,Neutral,Overhead,Continuous,Rotational,Knee Dominant,Transverse Plane,Full Body,Push,Compound,Bodybuilding
Double Kettlebell Bottoms Up Front Rack Low Switch Cossack Squat,,,Advanced,Quadriceps,Quadriceps Femoris,Adductor Magnus,Kettlebell,None,0,Standing,Double Arm,Bottoms Up,Front Rack,Alternating,Knee Dominant,,Frontal Plane,Lower Body,Push,Compound,Bodybuilding
Double Kettlebell Bottoms Up Dead Clean,,,Intermediate,Glutes,Gluteus Maximus,Biceps Femoris,Kettlebell,None,0,Standing,Double Arm,Bottoms Up,Front Rack,Continuous,Hip Hinge,,Sagittal Plane,Full Body,Unsorted*,Compound,Unsorted*
Single Arm Dumbbell Suitcase Carry,Video Demonstration,,Beginner,Forearms,Brachioradialis,,Dumbbell,None,0,Walking,Single Arm,Neutral,Suitcase,Alternating,Loaded Carry,Anti-Lateral Flexion,Sagittal Plane,Full Body,Other,Compound,Unsorted*
Double Dumbbell Glute Bridge Isometric Bench Press,Video Demonstration,,Novice,Chest,Pectoralis Major,Triceps Brachii,Dumbbell,Bench (Flat),1,Bridge,Double Arm,Pronated,Above Chest,Continuous,Horizontal Push,Isometric Hold,Sagittal Plane,Full Body,Push,Compound,Bodybuilding
Double Kettlebell Bottoms Up Dead Clean to Overhead Press,,,Intermediate,Shoulders,Anterior Deltoids,Gluteus Maximus,Kettlebell,None,0,Standing,Double Arm,Bottoms Up,Overhead,Continuous,Vertical Push,Hip Hinge,Sagittal Plane,Full Body,Unsorted*,Compound,Unsorted*
Double Kettlebell Bottoms Up Dead Clean to Thruster,,,Intermediate,Shoulders,Anterior Deltoids,Quadriceps Femoris,Kettlebell,None,0,Standing,Double Arm,Bottoms Up,Overhead,Continuous,Vertical Push,Knee Dominant,Sagittal Plane,Full Body,Unsorted*,Compound,Unsorted*
Bodyweight Foot Elevated Cossack Squat,Video Demonstration,,Beginner,Quadriceps,Quadriceps Femoris,Adductor Magnus,Bodyweight,None,0,Standing,No Arms,No Grip,No Load,Continuous,Knee Dominant,,Frontal Plane,Lower Body,Push,Compound,Bodybuilding
Barbell Overhead Foot Elevated Cossack Squat,,,Advanced,Quadriceps,Quadriceps Femoris,Adductor Magnus,Barbell,None,0,Standing,Double Arm,Pronated,Overhead,Continuous,Knee Dominant,,Frontal Plane,Lower Body,Push,Compound,Bodybuilding
Landmine Isometric Split Squat Oblique Twist,,,Advanced,Abdominals,Obliques,,Landmine,None,0,Isometric Split Squat,Double Arm,Neutral,Other,Continuous,Rotational,,Transverse Plane,Core,Other,Compound,Balance
Barbell Back Rack Foot Elevated Cossack Squat,,,Advanced,Quadriceps,Quadriceps Femoris,Adductor Magnus,Barbell,None,0,Standing,Double Arm,Pronated,Back Rack,Continuous,Knee Dominant,,Frontal Plane,Lower Body,Push,Compound,Bodybuilding
Barbell Front Rack Foot Elevated Cossack Squat,,,Advanced,Quadriceps,Quadriceps Femoris,Adductor Magnus,Barbell,None,0,Standing,Double Arm,Pronated,Front Rack,Continuous,Knee Dominant,,Frontal Plane,Lower Body,Push,Compound,Bodybuilding
Barbell Feet Elevated Inverted Row,Video Demonstration,,Intermediate,Back,Latissimus Dorsi,Biceps Brachii,Barbell,Bench (Flat),1,Supine,Double Arm,Pronated,No Load,Continuous,Horizontal Pull,,Sagittal Plane,Upper Body,Pull,Compound,Calisthenics
Barbell Overhead Low Switch Cossack Squat,,,Advanced,Quadriceps,Quadriceps Femoris,Adductor Magnus,Barbell,None,0,Standing,Double Arm,Pronated,Overhead,Alternating,Knee Dominant,,Frontal Plane,Lower Body,Push,Compound,Bodybuilding
Double Kettlebell Windmill,Video Demonstration,Video Explanation,Advanced,Abdominals,Obliques,Rectus Abdominis,Kettlebell,None,0,Standing,Double Arm,Neutral,Overhead,Continuous,Rotational,,Transverse Plane,Core,Other,Compound,Grinds
Double Kettlebell Dragon Flag,Video Demonstration,Video Explanation,Expert,Abdominals,Rectus Abdominis,,Kettlebell,None,0,Supine,Double Arm,Pronated,Other,Continuous,Isometric Hold,,Sagittal Plane,Core,Other,Compound,Unsorted*
Barbell Staggered Stance Overhead Press,Video Demonstration,,Intermediate,Shoulders,Anterior Deltoids,Triceps Brachii,Barbell,None,0,Staggered Stance,Double Arm,Pronated,Overhead,Continuous,Vertical Push,,Sagittal Plane,Upper Body,Push,Compound,Unsorted*
Double Kettlebell Front Rack 90/90 Hip Shift to Alternating Overhead Press,,,Advanced,Shoulders,Anterior Deltoids,,Kettlebell,None,0,90/90 Seated,Double Arm,Pronated,Overhead,Alternating,Vertical Push,,Sagittal Plane,Full Body,Unsorted*,Compound,Unsorted*
Kettlebell Dead Bug,Video Demonstration,,Novice,Abdominals,Rectus Abdominis,Obliques,Kettlebell,None,0,Supine,Double Arm,Goblet,Other,Alternating,Anti-Extension,,Sagittal Plane,Core,Other,Compound,Postural
Battle Rope Isometric Split Squat Alternating Side Slam,,,Advanced,Abdominals,Obliques,Rectus Abdominis,Battle Ropes,None,0,Isometric Split Squat,Double Arm,Neutral,Other,Continuous,Rotational,,Transverse Plane,Core,Other,Compound,Balance
Superband Standing Hip Adduction,Video Demonstration,,Novice,Adductors,Adductor Magnus,,Superband,None,0,Standing,No Arms,Hand Assisted,No Load,Continuous,Hip Adduction,,Frontal Plane,Lower Body,Other,Compound,Unsorted*
Superband Lateral Step Hip Adduction,Video Demonstration,,Novice,Adductors,Adductor Magnus,,Superband,None,0,Standing,No Arms,No Grip,No Load,Continuous,Hip Adduction,,Frontal Plane,Lower Body,Other,Compound,Unsorted*
Double Kettlebell Bottoms Up Front Rack Walking Lunge,,,Intermediate,Quadriceps,Quadriceps Femoris,Gluteus Maximus,Kettlebell,None,0,Walking,Double Arm,Bottoms Up,Front Rack,Alternating,Knee Dominant,,Sagittal Plane,Lower Body,Push,Compound,Bodybuilding
Kettlebell Dead Clean to Horn Grip Squat,Video Demonstration,,Intermediate,Quadriceps,Quadriceps Femoris,Gluteus Maximus,Kettlebell,None,0,Standing,Double Arm,Horn Grip,Front Rack,Continuous,Knee Dominant,,Sagittal Plane,Lower Body,Unsorted*,Compound,Ballistics
Double Kettlebell Bottoms Up Front Rack March,Video Demonstration,,Intermediate,Hip Flexors,Iliopsoas,Rectus Abdominis,Kettlebell,None,0,March,Double Arm,Bottoms Up,Front Rack,Alternating,Locomotion,,Sagittal Plane,Core,Other,Compound,Balance
Double Kettlebell Bottoms Up Overhead March,,,Intermediate,Hip Flexors,Iliopsoas,Rectus Abdominis,Kettlebell,None,0,March,Double Arm,Bottoms Up,Overhead,Alternating,Locomotion,,Sagittal Plane,Core,Other,Compound,Balance
Suspension Alternating Cossack Squat,Video Demonstration,Video Explanation,Beginner,Quadriceps,Quadriceps Femoris,Adductor Magnus,Suspension Trainer,None,0,Standing,Double Arm,Neutral,No Load,Alternating,Knee Dominant,,Frontal Plane,Lower Body,Push,Compound,Bodybuilding
Battle Rope Single Leg Standing Alternating Wave,Video Demonstration,Video Explanation,Intermediate,Biceps,Biceps Brachii,,Battle Ropes,None,0,Single Leg Standing,Double Arm,Neutral,Other,Continuous,Unsorted*,,Sagittal Plane,Upper Body,Other,Compound,Balance
Superband Assisted Dips,Video Demonstration,Video Explanation,Novice,Triceps,Triceps Brachii ,Pectoralis Major,Superband,None,0,Other,Double Arm,Neutral,No Load,Continuous,Vertical Push,,Sagittal Plane,Upper Body,Push,Compound,Calisthenics
Battle Rope Isometric Split Squat Alternating Wave,,,Advanced,Biceps,Biceps Brachii,Quadriceps Femoris,Battle Ropes,None,0,Isometric Split Squat,Double Arm,Neutral,Other,Continuous,Unsorted*,,Sagittal Plane,Full Body,Other,Compound,Balance
Alternating Single Arm Kettlebell Ballistic Row,Video Demonstration,,Intermediate,Back,Latissimus Dorsi,Biceps Brachii,Kettlebell,None,0,Standing,Single Arm,Neutral,Other,Continuous,Horizontal Pull,,Sagittal Plane,Upper Body,Pull,Compound,Ballistics
Double Kettlebell Bottoms Up Overhead Press,Video Demonstration,Video Explanation,Intermediate,Shoulders,Anterior Deltoids,Triceps Brachii,Kettlebell,None,0,Standing,Double Arm,Bottoms Up,Overhead,Continuous,Vertical Push,,Sagittal Plane,Upper Body,Push,Compound,Unsorted*
Suspension Split Squat,Video Demonstration,,Beginner,Quadriceps,Quadriceps Femoris,Gluteus Maximus,Suspension Trainer,None,0,Split Squat,Double Arm,Neutral,No Load,Continuous,Knee Dominant,,Sagittal Plane,Lower Body,Push,Compound,Bodybuilding
Single Arm Kettlebell Tactical Clean,Video Demonstration,,Advanced,Glutes,Gluteus Maximus,,Kettlebell,None,0,Standing,Single Arm,Neutral,Front Rack,Continuous,Hip Hinge,,Sagittal Plane,Full Body,Unsorted*,Compound,Ballistics
Suspension Cyclist Squat,Video Demonstration,Video Explanation,Beginner,Quadriceps,Quadriceps Femoris,Gluteus Maximus,Suspension Trainer,Slant Board,1,Standing,Double Arm,Neutral,No Load,Continuous,Knee Dominant,,Sagittal Plane,Lower Body,Push,Compound,Bodybuilding
Macebell 360,Video Demonstration,,Intermediate,Shoulders,Posterior Deltoids,Rectus Abdominis,Macebell,None,0,Standing,Double Arm,Neutral,Behind Back,Continuous,Rotational,,Transverse Plane,Upper Body,Pull,Compound,Ballistics
Single Arm Suspension Contralateral Skater Squat,Video Demonstration,,Intermediate,Quadriceps,Quadriceps Femoris,Gluteus Maximus,Suspension Trainer,None,0,Single Leg Standing,Single Arm,Neutral,No Load,Continuous,Knee Dominant,,Sagittal Plane,Lower Body,Push,Compound,Balance
Single Arm Macebell 360,Video Demonstration,,Intermediate,Shoulders,Posterior Deltoids,Rectus Abdominis,Macebell,None,0,Standing,Single Arm,Neutral,Behind Back,Continuous,Rotational,,Transverse Plane,Upper Body,Pull,Compound,Ballistics
Double Kettlebell Front Rack Pivot Split Squat,,,Intermediate,Quadriceps,Quadriceps Femoris,Gluteus Maximus,Kettlebell,None,0,Split Squat,Double Arm,Neutral,Front Rack,Alternating,Rotational,Knee Dominant,Transverse Plane,Lower Body,Push,Compound,Bodybuilding
Double Kettlebell Bottoms Up Front Rack Pivot Split Squat,,,Advanced,Quadriceps,Quadriceps Femoris,Gluteus Maximus,Kettlebell,None,0,Split Squat,Double Arm,Bottoms Up,Front Rack,Alternating,Rotational,Knee Dominant,Transverse Plane,Lower Body,Push,Compound,Bodybuilding
Double Kettlebell Bottoms Up Overhead Pivot Split Squat,,,Advanced,Quadriceps,Quadriceps Femoris,Gluteus Maximus,Kettlebell,None,0,Split Squat,Double Arm,Bottoms Up,Overhead,Alternating,Rotational,Knee Dominant,Transverse Plane,Lower Body,Push,Compound,Bodybuilding
Bodyweight Cyclist Squat,Video Demonstration,Video Explanation,Beginner,Quadriceps,Quadriceps Femoris,Gluteus Maximus,Bodyweight,Slant Board,1,Standing,No Arms,No Grip,No Load,Continuous,Knee Dominant,,Sagittal Plane,Lower Body,Push,Compound,Bodybuilding
Kettlebell Half Kneeling Rotational Swing,Video Demonstration,,Intermediate,Abdominals,Obliques,Rectus Abdominis,Kettlebell,None,0,Half Kneeling,Double Arm,Pronated,Other,Continuous,Rotational,,Transverse Plane,Full Body,Other,Compound,Ballistics
Double Kettlebell Clean to Push Jerk,Video Demonstration,,Intermediate,Shoulders,Anterior Deltoids,Triceps Brachii,Kettlebell,None,0,Standing,Double Arm,Pronated,Overhead,Continuous,Hip Hinge,Vertical Push,Sagittal Plane,Full Body,Unsorted*,Compound,Ballistics
Alternating Single Arm Kettlebell Clean to Push Jerk,,,Intermediate,Shoulders,Anterior Deltoids,Gluteus Maximus,Kettlebell,None,0,Standing,Single Arm,Pronated,Overhead,Continuous,Hip Hinge,Vertical Push,Sagittal Plane,Full Body,Unsorted*,Compound,Ballistics
Kettlebell Isometric Split Squat Low to High Chop,Video Demonstration,,Advanced,Abdominals,Obliques,Rectus Abdominis,Kettlebell,None,0,Isometric Split Squat,Double Arm,Bottoms Up Horn Grip,Other,Continuous,Rotational,,Transverse Plane,Core,Other,Compound,Balance
Kettlebell Isometric Split Squat Alternating Halo,,,Advanced,Shoulders,Posterior Deltoids,Medial Deltoids,Kettlebell,None,0,Isometric Split Squat,Double Arm,Bottoms Up Horn Grip,Other,Continuous,Rotational,,Transverse Plane,Full Body,Pull,Compound,Balance
Double Kettlebell Front Rack March,Video Demonstration,,Novice,Hip Flexors,Iliopsoas,Rectus Abdominis,Kettlebell,None,0,March,Double Arm,Neutral,Front Rack,Alternating,Locomotion,,Sagittal Plane,Core,Other,Compound,Balance
Double Kettlebell Suitcase March,Video Demonstration,,Novice,Hip Flexors,Iliopsoas,Rectus Abdominis,Kettlebell,None,0,March,Double Arm,Neutral,Suitcase,Alternating,Locomotion,,Sagittal Plane,Core,Other,Compound,Balance
Single Arm Kettlebell Rotational Half Snatch,Video Demonstration,Video Explanation,Advanced,Shoulders,Anterior Deltoids,Obliques,Kettlebell,None,0,Standing,Single Arm,Pronated,Overhead,Continuous,Rotational,,Transverse Plane,Full Body,Unsorted*,Compound,Ballistics
Double Kettlebell Dead Clean to Front Rack Squat,,,Intermediate,Quadriceps,Quadriceps Femoris,Gluteus Maximus,Kettlebell,None,0,Standing,Double Arm,Neutral,Front Rack,Continuous,Hip Hinge,Knee Dominant,Sagittal Plane,Lower Body,Unsorted*,Compound,Ballistics
Double Kettlebell Front Rack Alternating Shin Box Hip Extension,,,Advanced,Glutes,Gluteus Maximus,,Kettlebell,None,0,Shin Box Seated,Double Arm,Neutral,Front Rack,Alternating,Hip Extension,,Transverse Plane,Lower Body,Unsorted*,Compound,Mobility
Double Kettlebell Overhead Alternating Shin Box Hip Extension,,,Advanced,Glutes,Gluteus Maximus,,Kettlebell,None,0,Shin Box Seated,Double Arm,Pronated,Overhead,Alternating,Hip Extension,,Transverse Plane,Lower Body,Unsorted*,Compound,Mobility
Double Kettlebell Bottoms Up Turkish Get Up,,,Expert,Abdominals,Obliques,Rectus Abdominis,Kettlebell,None,0,Supine,Double Arm,Bottoms Up,Overhead,Continuous,Rotational,,Transverse Plane,Full Body,Other,Compound,Grinds
Slider Single Leg Hamstring Curl,Video Demonstration,,Advanced,Hamstrings,Biceps Femoris,Gluteus Maximus,Sliders,None,0,Supine,No Arms,No Grip,No Load,Continuous,Knee Dominant,,Sagittal Plane,Lower Body,Pull,Isolation,Bodybuilding
Kettlebell Staggered Stance Rotational Swing,Video Demonstration,,Intermediate,Abdominals,Obliques,Rectus Abdominis,Kettlebell,None,0,Staggered Stance,Double Arm,Pronated,Other,Continuous,Rotational,,Transverse Plane,Full Body,Other,Compound,Unsorted*
Single Arm Suspension Cyclist Squat,,Video Explanation,Beginner,Quadriceps,Quadriceps Femoris,Gluteus Maximus,Suspension Trainer,Slant Board,1,Standing,Single Arm,Neutral,No Load,Continuous,Knee Dominant,,Sagittal Plane,Lower Body,Push,Compound,Bodybuilding
Single Arm Kettlebell Suitcase Alternating Curtsy Lunge Pass Through,,,Intermediate,Quadriceps,Quadriceps Femoris,Gluteus Maximus,Kettlebell,None,0,Standing,Single Arm,Neutral,Suitcase,Alternating,Knee Dominant,Anti-Lateral Flexion,Frontal Plane,Lower Body,Push,Compound,Bodybuilding
Barbell Low Bar Pause Back Squat,Video Demonstration,,Intermediate,Quadriceps,Quadriceps Femoris,Gluteus Maximus,Barbell,None,0,Standing,Double Arm,Pronated,Other,Continuous,Hip Dominant,,Sagittal Plane,Lower Body,Push,Compound,Powerlifting
Barbell Front Rack Pause Squat,Video Demonstration,Video Explanation,Intermediate,Quadriceps,Quadriceps Femoris,Gluteus Maximus,Barbell,None,0,Standing,Double Arm,Pronated,Front Rack,Continuous,Knee Dominant,,Sagittal Plane,Lower Body,Push,Compound,Olympic Weightlifting 
Barbell High Bar Pause Back Squat,,,Intermediate,Quadriceps,Quadriceps Femoris,Gluteus Maximus,Barbell,None,0,Standing,Double Arm,Pronated,Other,Continuous,Knee Dominant,,Sagittal Plane,Lower Body,Push,Compound,Unsorted*
Barbell Overhead Pause Squat,,Video Explanation,Intermediate,Quadriceps,Quadriceps Femoris,Gluteus Maximus,Barbell,None,0,Standing,Double Arm,Pronated,Overhead,Continuous,Knee Dominant,,Sagittal Plane,Lower Body,Push,Compound,Unsorted*
Single Arm Kettlebell Suitcase Walking Lunge Pass Through,Video Demonstration,Video Explanation,Intermediate,Quadriceps,Quadriceps Femoris,Gluteus Maximus,Kettlebell,None,0,Walking,Single Arm,Neutral,Suitcase,Alternating,Knee Dominant,Anti-Lateral Flexion,Sagittal Plane,Lower Body,Push,Compound,Bodybuilding
Ring Hanging Knees to Wrists,,,Advanced,Abdominals,Rectus Abdominis,Iliopsoas,Gymnastic Rings,None,0,Hanging,Double Arm,Pronated,No Load,Continuous,Spinal Flexion,,Sagittal Plane,Core,Other,Compound,Calisthenics
Slider Suspension Lateral Lunge,,,Beginner,Quadriceps,Quadriceps Femoris,Gluteus Maximus,Sliders,Suspension Trainer,1,Standing,Double Arm,Neutral,No Load,Continuous,Knee Dominant,,Frontal Plane,Lower Body,Other,Compound,Bodybuilding
Macebell 10 to 2 ,Video Demonstration,,Intermediate,Shoulders,Posterior Deltoids,Rectus Abdominis,Macebell,None,0,Standing,Double Arm,Neutral,Behind Back,Continuous,Rotational,,Transverse Plane,Upper Body,Pull,Compound,Ballistics
Dumbbell Goblet Cyclist Squat,Video Demonstration,Video Explanation,Novice,Quadriceps,Quadriceps Femoris,Gluteus Maximus,Dumbbell,Slant Board,1,Standing,Double Arm,Goblet,Front Rack,Continuous,Knee Dominant,,Sagittal Plane,Lower Body,Push,Compound,Bodybuilding
Slider Barbell Front Rack Lateral Lunge,,,Intermediate,Quadriceps,Quadriceps Femoris,Gluteus Maximus,Sliders,Barbell,1,Standing,Double Arm,Pronated,Front Rack,Continuous,Knee Dominant,,Frontal Plane,Lower Body,Other,Compound,Bodybuilding
Slider Barbell Back Rack Lateral Lunge,,,Intermediate,Quadriceps,Quadriceps Femoris,Gluteus Maximus,Sliders,Barbell,1,Standing,Double Arm,Pronated,Back Rack,Continuous,Knee Dominant,,Frontal Plane,Lower Body,Other,Compound,Bodybuilding
Barbell Overhead Alternating Cossack Squat,Video Demonstration,,Advanced,Quadriceps,Quadriceps Femoris,Adductor Magnus,Barbell,None,0,Standing,Double Arm,Pronated,Overhead,Alternating,Knee Dominant,,Frontal Plane,Lower Body,Push,Compound,Bodybuilding
Barbell Overhead Alternating Reverse Lunge,Video Demonstration,,Advanced,Quadriceps,Quadriceps Femoris,Gluteus Maximus,Barbell,None,0,Standing,Double Arm,Pronated,Overhead,Alternating,Knee Dominant,,Sagittal Plane,Lower Body,Push,Compound,Bodybuilding
Macebell Single Leg Standing Bent Knee Ballistic Curl,,,Intermediate,Biceps,Biceps Brachii,,Macebell,None,0,Single Leg Standing Bent Knee,Double Arm,Mixed Grip,Other,Continuous,Unsorted*,,Transverse Plane,Upper Body,Pull,Compound,Balance
Double Kettlebell Suitcase Carry,Video Demonstration,Video Explanation,Beginner,Forearms,Brachioradialis,,Kettlebell,None,0,Walking,Double Arm,Neutral,Suitcase,Alternating,Loaded Carry,,Sagittal Plane,Full Body,Other,Compound,Unsorted*
Single Arm Kettlebell Suitcase Carry,Video Demonstration,Video Explanation,Beginner,Forearms,Brachioradialis,Obliques,Kettlebell,None,0,Walking,Single Arm,Neutral,Suitcase,Alternating,Loaded Carry,Anti-Lateral Flexion,Sagittal Plane,Full Body,Other,Compound,Unsorted*
Double Kettlebell Bottoms Up Front Rack Cossack Squat,Video Demonstration,,Intermediate,Quadriceps,Quadriceps Femoris,Adductor Magnus,Kettlebell,None,0,Standing,Double Arm,Bottoms Up,Front Rack,Continuous,Knee Dominant,,Frontal Plane,Lower Body,Push,Compound,Bodybuilding
Alternating Single Arm Kettlebell Knee Hover Quadruped Pull Through,Video Demonstration,,Intermediate,Abdominals,Rectus Abdominis,Obliques,Kettlebell,None,0,Knee Hover Quadruped,Single Arm,Pronated,Other,Continuous,Anti-Extension,Anti-Rotational ,Sagittal Plane,Core,Unsorted*,Compound,Unsorted*
Single Arm Kettlebell High Pull,Video Demonstration,Video Explanation,Intermediate,Shoulders,Posterior Deltoids,,Kettlebell,None,0,Standing,Single Arm,Pronated,Other,Continuous,Horizontal Pull,Hip Hinge,Sagittal Plane,Full Body,Pull,Compound,Ballistics
Double Indian Club Outer Heart Shaped Swing,Video Demonstration,Video Explanation,Intermediate,Shoulders,Posterior Deltoids,,Indian Club,None,0,Standing,Double Arm,Neutral,Other,Continuous,Shoulder External Rotation,,Transverse Plane,Upper Body,Unsorted*,,Mobility
Alternating Single Arm Kettlebell Thruster,,,Intermediate,Quadriceps,Quadriceps Femoris,Anterior Deltoids,Kettlebell,None,0,Standing,Single Arm,Pronated,Overhead,Continuous,Knee Dominant,Vertical Push,Sagittal Plane,Full Body,Push,Compound,Bodybuilding
Double Kettlebell Suitcase Knee Over Toe Split Squat,,Video Explanation,Novice,Quadriceps,Quadriceps Femoris,Gluteus Maximus,Kettlebell,None,0,Knee Over Toe Split Squat,Double Arm,Neutral,Suitcase,Continuous,Knee Dominant,,Sagittal Plane,Lower Body,Push,Compound,Bodybuilding
Double Kettlebell Sumo Deadlift to Push Up,,,Intermediate,Back,Latissimus Dorsi,Gluteus Maximus,Kettlebell,None,0,Standing,Double Arm,Neutral,Other,Continuous,Knee Dominant,Horizontal Push,Sagittal Plane,Full Body,Push & Pull,Compound,Bodybuilding
Alternating Single Arm Kettlebell Clean to Thruster,,,Intermediate,Shoulders,Anterior Deltoids,Gluteus Maximus,Kettlebell,None,0,Standing,Single Arm,Neutral,Overhead,Continuous,Hip Hinge,Vertical Push,Sagittal Plane,Full Body,Unsorted*,Compound,Unsorted*
Suspension Alternating Curtsy Lunge,Video Demonstration,,Novice,Quadriceps,Quadriceps Femoris,Gluteus Maximus,Suspension Trainer,None,0,Standing,Double Arm,Neutral,No Load,Alternating,Knee Dominant,,Frontal Plane,Lower Body,Push,Compound,Bodybuilding
Single Arm Kettlebell Single Leg Balance Transfer,Video Demonstration,,Intermediate,Abdominals,Rectus Abdominis,Gluteus Medius,Kettlebell,None,0,Single Leg Standing,Single Arm,Neutral,Suitcase,Continuous,Knee Dominant,,Frontal Plane,Full Body,Other,Compound,Balance
Barbell Front Rack Alternating Forward Lunge,Video Demonstration,,Intermediate,Quadriceps,Quadriceps Femoris,Gluteus Maximus,Barbell,None,0,Standing,Double Arm,Pronated,Front Rack,Alternating,Knee Dominant,,Sagittal Plane,Lower Body,Push,Compound,Bodybuilding
Barbell Front Rack Alternating Reverse Lunge,Video Demonstration,,Intermediate,Quadriceps,Quadriceps Femoris,Gluteus Maximus,Barbell,None,0,Standing,Double Arm,Pronated,Front Rack,Alternating,Knee Dominant,,Sagittal Plane,Lower Body,Push,Compound,Bodybuilding
Barbell Overhead Alternating Forward Lunge,Video Demonstration,Video Explanation,Advanced,Quadriceps,Quadriceps Femoris,Gluteus Maximus,Barbell,None,0,Standing,Double Arm,Pronated,Overhead,Alternating,Knee Dominant,,Sagittal Plane,Lower Body,Push,Compound,Bodybuilding
Macebell Alternating 360,,,Intermediate,Shoulders,Posterior Deltoids,Rectus Abdominis,Macebell,None,0,Standing,Double Arm,Neutral,Behind Back,Continuous,Rotational,,Transverse Plane,Upper Body,Pull,Compound,Ballistics
Clubbell Shield Cast,,Video Explanation,Intermediate,Shoulders,Posterior Deltoids,Rectus Abdominis,Clubbell,None,0,Standing,Double Arm,Neutral,Behind Back,Continuous,Rotational,,Transverse Plane,Upper Body,Pull,Compound,Ballistics
Single Arm Clubbell Shield Cast,Video Demonstration,Video Explanation,Intermediate,Shoulders,Posterior Deltoids,Rectus Abdominis,Clubbell,None,0,Standing,Single Arm,Neutral,Behind Back,Continuous,Rotational,,Transverse Plane,Upper Body,Pull,Compound,Ballistics
Macebell Barbarian Squat,Video Demonstration,,Novice,Quadriceps,Quadriceps Femoris,Posterior Deltoids,Macebell,None,0,Standing,Double Arm,Neutral,Overhead,Continuous,Knee Dominant,,Sagittal Plane,Full Body,Push & Pull,Compound,Unsorted*
Single Arm Macebell Barbarian Squat,,,Intermediate,Quadriceps,Quadriceps Femoris,Posterior Deltoids,Macebell,None,0,Standing,Single Arm,Neutral,Overhead,Continuous,Knee Dominant,,Sagittal Plane,Full Body,Push & Pull,Compound,Unsorted*
Alternating Double Clubbell Shield Cast,Video Demonstration,Video Explanation,Intermediate,Shoulders,Posterior Deltoids,Rectus Abdominis,Clubbell,None,0,Standing,Double Arm,Neutral,Behind Back,Continuous,Rotational,,Transverse Plane,Upper Body,Pull,Compound,Ballistics
Double Clubbell Side Shoulder Cast,,Video Explanation,Intermediate,Shoulders,Posterior Deltoids,,Clubbell,None,0,Standing,Double Arm,Neutral,Overhead,Continuous,Unsorted*,,Frontal Plane,Upper Body,Pull,Compound,Unsorted*
Macebell Isometric Split Squat Low to High Chop,,,Advanced,Abdominals,Obliques,Rectus Abdominis,Macebell,None,0,Isometric Split Squat,Double Arm,Mixed Grip,Other,Continuous,Rotational,,Transverse Plane,Full Body,Other,Compound,Balance
Double Clubbell Side Shoulder Cast to Side Flag Press,,Video Explanation,Intermediate,Shoulders,Posterior Deltoids,,Clubbell,None,0,Standing,Double Arm,Neutral,Other,Continuous,Shoulder Abduction,,Frontal Plane,Upper Body,Push & Pull,Compound,Unsorted*
Clubbell Mill,Video Demonstration,,Intermediate,Shoulders,Posterior Deltoids,Gluteus Maximus,Clubbell,None,0,Standing,Double Arm,Neutral,Behind Back,Continuous,Rotational,,Transverse Plane,Upper Body,Pull,Compound,Ballistics
Clubbell Half Kneeling Shield Cast,,,Intermediate,Shoulders,Posterior Deltoids,Rectus Abdominis,Clubbell,None,0,Half Kneeling,Double Arm,Neutral,Behind Back,Continuous,Rotational,,Transverse Plane,Upper Body,Pull,Compound,Ballistics
Double Clubbell Iron Cross,Video Demonstration,Video Explanation,Intermediate,Shoulders,Posterior Deltoids,,Clubbell,None,0,Standing,Double Arm,Neutral,Overhead,Continuous,Unsorted*,,Frontal Plane,Upper Body,Pull,Compound,Unsorted*
Double Clubbell Half Kneeling Iron Cross,,,Intermediate,Shoulders,Posterior Deltoids,,Clubbell,None,0,Half Kneeling,Double Arm,Neutral,Overhead,Continuous,Unsorted*,,Frontal Plane,Upper Body,Pull,Compound,Unsorted*
Clubbell Gamma Cast,,Video Explanation,Intermediate,Shoulders,Posterior Deltoids,Rectus Abdominis,Clubbell,None,0,Standing,Double Arm,Neutral,Behind Back,Continuous,Rotational,,Transverse Plane,Upper Body,Pull,Compound,Unsorted*
Clubbell Half Kneeling Gamma Cast,,,Intermediate,Shoulders,Posterior Deltoids,Rectus Abdominis,Clubbell,None,0,Half Kneeling,Double Arm,Neutral,Behind Back,Continuous,Rotational,,Transverse Plane,Upper Body,Pull,Compound,Unsorted*
Double Clubbell Side Flag Press,Video Demonstration,Video Explanation,Intermediate,Shoulders,Lateral Deltoids,,Clubbell,None,0,Standing,Double Arm,Neutral,Other,Continuous,Shoulder Abduction,,Frontal Plane,Upper Body,Push,Compound,Unsorted*
Single Arm Kettlebell Suitcase Foot Elevated Contralateral Knee Over Toe Split Squat,,,Novice,Quadriceps,Quadriceps Femoris,Gluteus Maximus,Kettlebell,None,0,Knee Over Toe Split Squat,Single Arm,Neutral,Suitcase,Continuous,Knee Dominant,Anti-Lateral Flexion,Sagittal Plane,Lower Body,Push,Compound,Bodybuilding
Single Arm Kettlebell Suitcase Contralateral Knee Over Toe Split Squat,Video Demonstration,,Novice,Quadriceps,Quadriceps Femoris,Gluteus Maximus,Kettlebell,None,0,Knee Over Toe Split Squat,Single Arm,Neutral,Suitcase,Continuous,Knee Dominant,Anti-Lateral Flexion,Sagittal Plane,Lower Body,Push,Compound,Bodybuilding
Double Indian Club Inner Heart Shaped Swing,Video Demonstration,Video Explanation,Intermediate,Shoulders,Posterior Deltoids,,Indian Club,None,0,Standing,Double Arm,Neutral,Other,Continuous,Unsorted*,,Frontal Plane,Upper Body,Unsorted*,,Mobility
Alternating Double Indian Club Inner Heart Shaped Swing,Video Demonstration,Video Explanation,Intermediate,Shoulders,Posterior Deltoids,,Indian Club,None,0,Standing,Double Arm,Neutral,Other,Continuous,Unsorted*,,Frontal Plane,Upper Body,Unsorted*,,Mobility
Alternating Double Clubbell Side Flag Press,,,Intermediate,Shoulders,Lateral Deltoids,,Clubbell,None,0,Standing,Double Arm,Neutral,Other,Continuous,Shoulder Abduction,,Frontal Plane,Upper Body,Push,Compound,Unsorted*
Single Arm Clubbell Side Flag Press,Video Demonstration,,Intermediate,Shoulders,Lateral Deltoids,,Clubbell,None,0,Standing,Single Arm,Neutral,Other,Continuous,Shoulder Abduction,,Frontal Plane,Upper Body,Push,Compound,Unsorted*
Single Arm Clubbell Inside Circle,Video Demonstration,Video Explanation,Intermediate,Abdominals,Rectus Abdominis,Gluteus Maximus,Clubbell,None,0,Standing,Single Arm,Neutral,Other,Continuous,Rotational,,Transverse Plane,Full Body,Other,Compound,Ballistics
Alternating Double Clubbell Inside Circle,,Video Explanation,Intermediate,Abdominals,Rectus Abdominis,Gluteus Maximus,Clubbell,None,0,Standing,Double Arm,Neutral,Other,Continuous,Rotational,,Transverse Plane,Full Body,Other,Compound,Ballistics
Single Arm Clubbell Side Shoulder Cast,,,Intermediate,Shoulders,Posterior Deltoids,,Clubbell,None,0,Standing,Single Arm,Neutral,Overhead,Continuous,Unsorted*,,Frontal Plane,Upper Body,Pull,Compound,Unsorted*
Barbell Reverse Grip Bicep Curl,Video Demonstration,Video Explanation,Novice,Forearms,Brachioradialis,Biceps Brachii,Barbell,None,0,Standing,Double Arm,Pronated,Other,Continuous,Elbow Flexion,,Sagittal Plane,Upper Body,Pull,Isolation,Bodybuilding
Single Arm Clubbell Reverse Mill,Video Demonstration,Video Explanation,Intermediate,Shoulders,Posterior Deltoids,Gluteus Maximus,Clubbell,None,0,Standing,Single Arm,Neutral,Behind Back,Continuous,Rotational,,Transverse Plane,Upper Body,Pull,Compound,Ballistics
Clubbell Clean to Barbarian Squat,,,Intermediate,Quadriceps,Quadriceps Femoris,Gluteus Maximus,Clubbell,None,0,Standing,Double Arm,Neutral,Overhead,Continuous,Knee Dominant,Hip Hinge,Sagittal Plane,Full Body,Push & Pull,,Unsorted*
Clubbell Tall Kneeling Gamma Cast,,,Intermediate,Shoulders,Posterior Deltoids,Rectus Abdominis,Clubbell,None,0,Tall Kneeling,Double Arm,Neutral,Behind Back,Continuous,Rotational,,Transverse Plane,Upper Body,Pull,Compound,Unsorted*
Clubbell Inside Circle,,Video Explanation,Intermediate,Abdominals,Rectus Abdominis,Gluteus Maximus,Clubbell,None,0,Standing,Double Arm,Neutral,Order,Continuous,Rotational,,Transverse Plane,Full Body,Other,Compound,Ballistics
Clubbell Tall Kneeling Shield Cast,,,Intermediate,Shoulders,Posterior Deltoids,Rectus Abdominis,Clubbell,None,0,Tall Kneeling,Double Arm,Neutral,Behind Back,Continuous,Rotational,,Transverse Plane,Upper Body,Pull,Compound,Ballistics
Clubbell Isometric Split Squat Shield Cast,,,Advanced,Shoulders,Posterior Deltoids,Quadriceps Femoris,Clubbell,None,0,Isometric Split Squat,Double Arm,Neutral,Behind Back,Continuous,Rotational,Isometric Hold,Transverse Plane,Full Body,Pull,Compound,Balance
Clubbell Single Leg Standing Bent Knee Shield Cast,,,Advanced,Shoulders,Posterior Deltoids,Rectus Abdominis,Clubbell,None,0,Single Leg Standing Bent Knee,Double Arm,Neutral,Behind Back,Continuous,Rotational,,Transverse Plane,Full Body,Pull,Compound,Balance
Single Arm Clubbell Tall Kneeling Shield Cast,,,Intermediate,Shoulders,Posterior Deltoids,Rectus Abdominis,Clubbell,None,0,Tall Kneeling,Single Arm,Neutral,Behind Back,Continuous,Rotational,,Transverse Plane,Upper Body,Pull,Compound,Ballistics
Single Arm Clubbell Mill,Video Demonstration,Video Explanation,Intermediate,Shoulders,Posterior Deltoids,Gluteus Maximus,Clubbell,None,0,Standing,Single Arm,Neutral,Behind Back,Continuous,Rotational,,Transverse Plane,Upper Body,Pull,Compound,Ballistics
Double Clubbell Isometric Split Squat Iron Cross,,,Advanced,Shoulders,Posterior Deltoids,Quadriceps Femoris,Clubbell,None,0,Isometric Split Squat,Double Arm,Neutral,Overhead,Continuous,Unsorted*,,Frontal Plane,Full Body,Pull,Compound,Balance
Double Clubbell Single Leg Standing Bent Knee Iron Cross,,,Advanced,Shoulders,Posterior Deltoids,Quadriceps Femoris,Clubbell,None,0,Single Leg Standing Bent Knee,Double Arm,Neutral,Overhead,Continuous,Unsorted*,,Frontal Plane,Full Body,Pull,Compound,Unsorted*
Double Kettlebell Suitcase Deadlift,Video Demonstration,Video Explanation,Beginner,Back,Latissimus Dorsi,Gluteus Maximus,Kettlebell,None,0,Standing,Double Arm,Neutral,Other,Continuous,Hip Hinge,,Sagittal Plane,Full Body,Pull,Compound,Bodybuilding
Double Kettlebell Bottoms Up Clean,Video Demonstration,,Intermediate,Glutes,Gluteus Maximus,,Kettlebell,None,0,Standing,Double Arm,Bottoms Up,Front Rack,Continuous,Hip Hinge,,Sagittal Plane,Full Body,Unsorted*,Compound,Ballistics
Double Clubbell Mill,Video Demonstration,,Intermediate,Shoulders,Posterior Deltoids,Gluteus Maximus,Clubbell,None,0,Standing,Double Arm,Neutral,Behind Back,Continuous,Rotational,,Transverse Plane,Upper Body,Pull,Compound,Ballistics
Alternating Single Arm Clubbell Mill,Video Demonstration,,Intermediate,Shoulders,Posterior Deltoids,Gluteus Maximus,Clubbell,None,0,Standing,Single Arm,Neutral,Behind Back,Continuous,Rotational,,Transverse Plane,Upper Body,Pull,Compound,Ballistics
Clubbell Isometric Split Squat Gamma Cast,,,Advanced,Shoulders,Posterior Deltoids,Quadriceps Femoris,Clubbell,None,0,Isometric Split Squat,Double Arm,Neutral,Behind Back,Continuous,Rotational,Isometric Hold,Transverse Plane,Full Body,Pull,Compound,Balance
Clubbell Single Leg Standing Bent Knee Gamma Cast,,,Advanced,Shoulders,Posterior Deltoids,Rectus Abdominis,Clubbell,None,0,Single Leg Standing Bent Knee,Double Arm,Neutral,Behind Back,Continuous,Rotational,,Transverse Plane,Full Body,Pull,Compound,Unsorted*
Macebell Alternating 360 to Ballistic Curl,Video Demonstration,,Intermediate,Shoulders,Posterior Deltoids,Biceps Brachii,Macebell,None,0,Standing,Double Arm,Neutral,Behind Back,Continuous,Rotational,,Transverse Plane,Upper Body,Pull,Compound,Ballistics
Bar Chin Up,Video Demonstration,,Intermediate,Biceps,Biceps Brachii,Latissimus Dorsi,Pull Up Bar,None,0,Hanging,Double Arm,Supinated,No Load,Continuous,Vertical Pull,,Sagittal Plane,Upper Body,Pull,Compound,Calisthenics
Bar Pull Up,Video Demonstration,Video Explanation,Intermediate,Back,Latissimus Dorsi,Biceps Brachii,Pull Up Bar,None,0,Hanging,Double Arm,Pronated,No Load,Continuous,Vertical Pull,,Sagittal Plane,Upper Body,Pull,Compound,Calisthenics
Single Arm Clubbell Side Swing,,,Intermediate,Abdominals,Obliques,Gluteus Maximus,Clubbell,None,0,Standing,Single Arm,Neutral,Other,Continuous,Rotational,,Transverse Plane,Full Body,Other,Compound,Ballistics
Single Arm Clubbell Inside Pendulum,Video Demonstration,Video Explanation,Intermediate,Abdominals,Obliques,Gluteus Maximus,Clubbell,None,0,Standing,Single Arm,Neutral,Order,Continuous,Rotational,,Transverse Plane,Full Body,Other,Compound,Ballistics
Double Clubbell Swipe,Video Demonstration,Video Explanation,Intermediate,Glutes,Gluteus Maximus,Biceps Femoris,Clubbell,None,0,Standing,Double Arm,Neutral,Other,Continuous,Hip Hinge,,Sagittal Plane,Full Body,Unsorted*,Compound,Ballistics
Single Arm Clubbell Swipe,Video Demonstration,Video Explanation,Intermediate,Glutes,Gluteus Maximus,Biceps Femoris,Clubbell,None,0,Standing,Single Arm,Neutral,Other,Continuous,Hip Hinge,,Sagittal Plane,Full Body,Unsorted*,Compound,Ballistics
Single Arm Clubbell Cross Body Swipe,,Video Explanation,Intermediate,Abdominals,Obliques,Gluteus Maximus,Clubbell,None,0,Standing,Single Arm,Neutral,Other,Continuous,Rotational,Hip Hinge,Transverse Plane,Full Body,Unsorted*,Compound,Ballistics
Bar Scapular Pull Up,Video Demonstration,,Intermediate,Back,Latissimus Dorsi,Rhomboids,Pull Up Bar,None,0,Hanging,Double Arm,Pronated,No Load,Continuous,Vertical Pull,,Sagittal Plane,Upper Body,Pull,Compound,Calisthenics
Single Arm Clubbell Inside Circle to Shield Cast,,Video Explanation,Advanced,Shoulders,Posterior Deltoids,Rectus Abdominis,Clubbell,None,0,Standing,Single Arm,Neutral,Behind Back,Continuous,Rotational,,Transverse Plane,Full Body,Pull,Compound,Ballistics
Clubbell Barbarian Squat,Video Demonstration,Video Explanation,Novice,Quadriceps,Quadriceps Femoris,Posterior Deltoids,Clubbell,None,0,Standing,Double Arm,Neutral,Overhead,Continuous,Knee Dominant,,Sagittal Plane,Full Body,Push & Pull,Compound,Unsorted*
Single Arm Clubbell Inside Circle to Outside Circle,,Video Explanation,Intermediate,Abdominals,Rectus Abdominis,Gluteus Maximus,Clubbell,None,0,Standing,Single Arm,Neutral,Other,Continuous,Rotational,,Transverse Plane,Full Body,Other,Compound,Ballistics
Clubbell Inside Circle to Outside Circle,,,Intermediate,Abdominals,Rectus Abdominis,Gluteus Maximus,Clubbell,None,0,Standing,Double Arm,Neutral,Order,Continuous,Rotational,,Transverse Plane,Full Body,Other,Compound,Ballistics
Double Clubbell Barbarian Squat,,Video Explanation,Novice,Quadriceps,Quadriceps Femoris,Posterior Deltoids,Clubbell,None,0,Standing,Double Arm,Neutral,Overhead,Continuous,Knee Dominant,,Sagittal Plane,Full Body,Push & Pull,Compound,Unsorted*
Single Arm Clubbell Side to Side Swing,,Video Explanation,Intermediate,Abdominals,Obliques,Gluteus Maximus,Clubbell,None,0,Standing,Single Arm,Neutral,Other,Continuous,Rotational,,Transverse Plane,Full Body,Other,Compound,Ballistics
Alternating Single Arm Clubbell Side to Side Swing,,Video Explanation,Advanced,Abdominals,Obliques,Gluteus Maximus,Clubbell,None,0,Standing,Single Arm,Neutral,Other,Continuous,Rotational,,Transverse Plane,Full Body,Other,Compound,Ballistics
Clubbell Alternating Inside Pendulum to Gamma Cast,,,Advanced,Shoulders,Posterior Deltoids,Obliques,Clubbell,None,0,Standing,Double Arm,Neutral,Behind Back,Continuous,Rotational,,Transverse Plane,Full Body,Pull,Compound,Ballistics
Single Arm Clubbell Single Leg Standing Bent Knee Contralateral Shield Cast,,,Advanced,Shoulders,Posterior Deltoids,Rectus Abdominis,Clubbell,None,0,Single Leg Standing Bent Knee,Single Arm,Neutral,Behind Back,Continuous,Rotational,,Transverse Plane,Full Body,Pull,Compound,Balance
Bar Skin the Cat,Video Demonstration,Video Explanation,Intermediate,Back,Latissimus Dorsi,Rectus Abdominis,Pull Up Bar,None,0,Hanging,Double Arm,Pronated,No Load,Continuous,Rotational,,Sagittal Plane,Upper Body,Pull,Compound,Calisthenics
Single Arm Kettlebell Bottoms Up Tall Kneeling Overhead Press,Video Demonstration,,Intermediate,Shoulders,Anterior Deltoids,Triceps Brachii,Kettlebell,None,0,Tall Kneeling,Single Arm,Bottoms Up,Overhead,Continuous,Vertical Push,,Sagittal Plane,Upper Body,Push,Compound,Bodybuilding
Single Arm Clubbell Inside Circle to Front Flag Press,,,Intermediate,Shoulders,Anterior Deltoids,Triceps Brachii,Clubbell,None,0,Standing,Single Arm,Neutral,Other,Continuous,Unsorted*,,Transverse Plane,Full Body,Push,Compound,Unsorted*
Double Clubbell Order Bulgarian Split Squat,,Video Explanation,Intermediate,Quadriceps,Quadriceps Femoris,Gluteus Maximus,Clubbell,Bench (Flat),1,Single Leg Supported,Double Arm,Neutral,Order,Continuous,Knee Dominant,,Sagittal Plane,Lower Body,Push,Compound,Bodybuilding
Barbell Hang Squat Clean,Video Demonstration,Video Explanation,Advanced,Quadriceps,Quadriceps Femoris,Gluteus Maximus,Barbell,None,0,Standing,Double Arm,Pronated,Front Rack,Continuous,Knee Dominant,Hip Hinge,Sagittal Plane,Full Body,Unsorted*,Compound,Olympic Weightlifting 
Alternating Single Arm Kettlebell Feet Elevated Plank Pull Through,Video Demonstration,,Intermediate,Abdominals,Rectus Abdominis,Obliques,Kettlebell,Bench (Flat),1,Prone,Single Arm,Pronated,Other,Continuous,Anti-Extension,Anti-Rotational ,Sagittal Plane,Core,Unsorted*,Compound,Unsorted*
Miniband Supine Alternating Hip Flexion,Video Demonstration,,Beginner,Hip Flexors,Iliopsoas,Rectus Femoris,Miniband,None,0,Supine,No Arms,No Grip,No Load,Alternating,Hip Flexion,,Sagittal Plane,Lower Body,Unsorted*,Compound,Unsorted*
Double Kettlebell Bottoms Up Tall Kneeling Overhead Press,Video Demonstration,,Intermediate,Shoulders,Anterior Deltoids,Triceps Brachii,Kettlebell,None,0,Tall Kneeling,Double Arm,Bottoms Up,Overhead,Continuous,Vertical Push,,Sagittal Plane,Upper Body,Push,Compound,Bodybuilding
Alternating Double Kettlebell Bottoms Up Tall Kneeling Overhead Press,,,Intermediate,Shoulders,Anterior Deltoids,Triceps Brachii,Kettlebell,None,0,Tall Kneeling,Double Arm,Bottoms Up,Overhead,Continuous,Vertical Push,,Sagittal Plane,Upper Body,Push,Compound,Bodybuilding
Double Kettlebell Bottoms Up Half Kneeling Overhead Press,Video Demonstration,,Intermediate,Shoulders,Anterior Deltoids,Triceps Brachii,Kettlebell,None,0,Half Kneeling,Double Arm,Bottoms Up,Overhead,Continuous,Vertical Push,,Sagittal Plane,Upper Body,Push,Compound,Bodybuilding
Alternating Double Kettlebell Bottoms Up Half Kneeling Overhead Press,,,Intermediate,Shoulders,Anterior Deltoids,Triceps Brachii,Kettlebell,None,0,Half Kneeling,Double Arm,Bottoms Up,Overhead,Continuous,Vertical Push,,Sagittal Plane,Upper Body,Push,Compound,Bodybuilding
Single Arm Clubbell Barbarian Squat,,Video Explanation,Novice,Quadriceps,Quadriceps Femoris,Posterior Deltoids,Clubbell,None,0,Standing,Single Arm,Neutral,Overhead,Continuous,Knee Dominant,,Sagittal Plane,Full Body,Push & Pull,Compound,Unsorted*
Single Arm Clubbell Single Leg Standing Bent Knee Ipsilateral Shield Cast,,,Advanced,Shoulders,Posterior Deltoids,Rectus Abdominis,Clubbell,None,0,Single Leg Standing Bent Knee,Single Arm,Neutral,Behind Back,Continuous,Rotational,,Transverse Plane,Full Body,Pull,Compound,Balance
Clubbell Order Cyclist Squat,,Video Explanation,Novice,Quadriceps,Quadriceps Femoris,Gluteus Maximus,Clubbell,Slant Board,1,Standing,Double Arm,Neutral,Order,Continuous,Knee Dominant,,Sagittal Plane,Lower Body,Push,Compound,Bodybuilding
Single Arm Clubbell Order Contralateral Bulgarian Split Squat,,Video Explanation,Intermediate,Quadriceps,Quadriceps Femoris,Gluteus Maximus,Clubbell,Bench (Flat),1,Single Leg Supported,Single Arm,Neutral,Order,Continuous,Knee Dominant,,Sagittal Plane,Lower Body,Push,Compound,Bodybuilding
Alternating Single Arm Macebell 10 to 2,Video Demonstration,Video Explanation,Intermediate,Shoulders,Posterior Deltoids,Rectus Abdominis,Macebell,None,0,Standing,Single Arm,Neutral,Behind Back,Continuous,Rotational,,Transverse Plane,Upper Body,Pull,Compound,Ballistics
Double Kettlebell Bottoms Up Tall Kneeling Seesaw Overhead Press,,,Intermediate,Shoulders,Anterior Deltoids,Triceps Brachii,Kettlebell,None,0,Tall Kneeling,Double Arm,Bottoms Up,Overhead,Continuous,Vertical Push,,Sagittal Plane,Upper Body,Push,Compound,Bodybuilding
Clubbell Inside Pendulum to Inside Pullover,,,Intermediate,Back,Latissimus Dorsi,Posterior Deltoids,Clubbell,None,0,Standing,Double Arm,Neutral,Behind Back,Continuous,Rotational,,Transverse Plane,Upper Body,Pull,Compound,Unsorted*
Clubbell Order Squat,,,Beginner,Quadriceps,Quadriceps Femoris,Gluteus Maximus,Clubbell,None,0,Standing,Double Arm,Neutral,Order,Continuous,Knee Dominant,,Sagittal Plane,Lower Body,Push,Compound,Unsorted*
Single Arm Clubbell Order Ipsilateral Bulgarian Split Squat,,Video Explanation,Intermediate,Quadriceps,Quadriceps Femoris,Gluteus Maximus,Clubbell,Bench (Flat),1,Single Leg Supported,Single Arm,Neutral,Order,Continuous,Knee Dominant,,Sagittal Plane,Lower Body,Push,Compound,Bodybuilding
Single Arm Clubbell Order Squat,,,Novice,Quadriceps,Quadriceps Femoris,Gluteus Maximus,Clubbell,None,0,Standing,Single Arm,Neutral,Order,Continuous,Knee Dominant,,Sagittal Plane,Lower Body,Push,Compound,Unsorted*
Double Clubbell Order Squat,,,Novice,Quadriceps,Quadriceps Femoris,Gluteus Maximus,Clubbell,None,0,Standing,Double Arm,Neutral,Order,Continuous,Knee Dominant,,Sagittal Plane,Lower Body,Push,Compound,Unsorted*
Clubbell Alternating Inside Pendulum to Inside Pullover,,,Intermediate,Back,Latissimus Dorsi,Posterior Deltoids,Clubbell,None,0,Standing,Double Arm,Neutral,Behind Back,Continuous,Rotational,,Transverse Plane,Upper Body,Pull,Compound,Unsorted*
Single Arm Kettlebell Bottoms Up Arm Bar,,Video Explanation,Intermediate,Shoulders,Infraspinatus,Subscapularis,Kettlebell,None,0,Supine,Single Arm,Neutral,Overhead,Continuous,Rotational,,Transverse Plane,Upper Body,Other,Compound,Mobility
Single Arm Kettlebell Bottoms Up Arm Bar Rotation,Video Demonstration,,Intermediate,Shoulders,Infraspinatus,Subscapularis,Kettlebell,None,0,Supine,Single Arm,Neutral,Overhead,Continuous,Rotational,,Transverse Plane,Upper Body,Other,Compound,Mobility
Double Kettlebell Push Up,Video Demonstration,Video Explanation,Intermediate,Chest,Pectoralis Major,Triceps Brachii,Kettlebell,None,0,Prone,Double Arm,Neutral,No Load,Continuous,Horizontal Push,,Sagittal Plane,Upper Body,Push,Compound,Calisthenics
Bodyweight Pseudo Planche Lean,Video Demonstration,Video Explanation,Intermediate,Abdominals,Rectus Abdominis,Anterior Deltoids,Bodyweight,None,0,Prone,Double Arm,Flat Palm,No Load,Continuous,Isometric Hold,,Sagittal Plane,Upper Body,Other,Compound,Calisthenics
Macebell 360 to Single Arm 360,,,Intermediate,Shoulders,Posterior Deltoids,Rectus Abdominis,Macebell,None,0,Standing,Single Arm,Neutral,Behind Back,Continuous,Rotational,,Transverse Plane,Upper Body,Pull,Compound,Ballistics
Tire Feet Elevated Decline Push Up,Video Demonstration,Video Explanation,Intermediate,Chest,Pectoralis Major,Triceps Brachii,Tire,None,0,Prone,Double Arm,Flat Palm,No Load,Continuous,Horizontal Push,,Sagittal Plane,Upper Body,Push,Compound,Calisthenics
Bodyweight Bench Feet Elevated Decline Push Up,Video Demonstration,Video Explanation,Intermediate,Chest,Pectoralis Major,Triceps Brachii,Bodyweight,Bench (Flat),1,Prone,Double Arm,Flat Palm,No Load,Continuous,Horizontal Push,,Sagittal Plane,Upper Body,Push,Compound,Calisthenics
Bodyweight Box Feet Elevated Decline Push Up,Video Demonstration,,Intermediate,Chest,Pectoralis Major,Triceps Brachii,Bodyweight,Plyo Box,1,Prone,Double Arm,Flat Palm,No Load,Continuous,Horizontal Push,,Sagittal Plane,Upper Body,Push,Compound,Calisthenics
Bodyweight Feet Elevated Pike Push Up,Video Demonstration,Video Explanation,Intermediate,Shoulders,Anterior Deltoids,Triceps Brachii,Bodyweight,Bench (Flat),1,Inverted,Double Arm,Flat Palm,No Load,Continuous,Vertical Push,,Sagittal Plane,Upper Body,Push,Compound,Calisthenics
Tire Feet Elevated Pike Push Up,,,Intermediate,Shoulders,Anterior Deltoids,Triceps Brachii,Tire,None,0,Inverted,Double Arm,Flat Palm,No Load,Continuous,Vertical Push,,Sagittal Plane,Upper Body,Push,Compound,Calisthenics
Double Kettlebell Bottoms Up Push Jerk,,,Intermediate,Shoulders,Anterior Deltoids,Triceps Brachii,Kettlebell,None,0,Standing,Double Arm,Bottoms Up,Overhead,Continuous,Vertical Push,,Sagittal Plane,Upper Body,Push,Compound,Unsorted*
Alternating Double Kettlebell Bottoms Up Push Jerk,,,Intermediate,Shoulders,Anterior Deltoids,Triceps Brachii,Kettlebell,None,0,Standing,Double Arm,Bottoms Up,Overhead,Continuous,Vertical Push,,Sagittal Plane,Upper Body,Push,Compound,Unsorted*
Single Arm Kettlebell Bottoms Up Overhead Press,Video Demonstration,Video Explanation,Intermediate,Shoulders,Anterior Deltoids,Triceps Brachii,Kettlebell,None,0,Standing,Single Arm,Bottoms Up,Overhead,Continuous,Vertical Push,,Sagittal Plane,Upper Body,Push,Compound,Unsorted*
Single Arm Kettlebell Bottoms Up Push Press,,Video Explanation,Intermediate,Shoulders,Anterior Deltoids,Triceps Brachii,Kettlebell,None,0,Standing,Single Arm,Bottoms Up,Overhead,Continuous,Vertical Push,,Sagittal Plane,Upper Body,Push,Compound,Unsorted*
Bulgarian Bag Side to Side Swing,,Video Explanation,Intermediate,Abdominals,Obliques,,Bulgarian Bag,None,0,Standing,Double Arm,Neutral,Other,Continuous,Rotational,,Transverse Plane,Full Body,Other,Compound,Unsorted*
Single Arm Kettlebell Bottoms Up Half Kneeling Ipsilateral Overhead Press,,Video Explanation,Intermediate,Shoulders,Anterior Deltoids,Triceps Brachii,Kettlebell,None,0,Half Kneeling,Single Arm,Bottoms Up,Overhead,Continuous,Vertical Push,,Sagittal Plane,Upper Body,Push,Compound,Bodybuilding
Single Ring Rotational Row,Video Demonstration,Video Explanation,Intermediate,Back,Latissimus Dorsi,Biceps Brachii,Gymnastic Rings,None,0,Standing,Double Arm,Neutral,No Load,Continuous,Rotational,Horizontal Pull,Transverse Plane,Upper Body,Pull,Compound,Calisthenics
Trap Bar Bottoms Up Tall Kneeling Overhead Press,Video Demonstration,,Intermediate,Shoulders,Anterior Deltoids,Triceps Brachii,Trap Bar,None,0,Tall Kneeling,Double Arm,Bottoms Up,Overhead,Continuous,Vertical Push,,Sagittal Plane,Upper Body,Push,Compound,Bodybuilding
Clubbell Clean,,,Novice,Glutes,Gluteus Maximus,Brachioradialis,Clubbell,None,0,Standing,Double Arm,Neutral,Order,Continuous,Hip Hinge,,Sagittal Plane,Full Body,Unsorted*,Compound,Ballistics
Double Clubbell Clean,,Video Explanation,Novice,Glutes,Gluteus Maximus,Brachioradialis,Clubbell,None,0,Standing,Double Arm,Neutral,Order,Continuous,Hip Hinge,,Sagittal Plane,Full Body,Unsorted*,Compound,Ballistics
Single Arm Clubbell Clean,,,Novice,Glutes,Gluteus Maximus,Brachioradialis,Clubbell,None,0,Standing,Single Arm,Neutral,Order,Continuous,Hip Hinge,,Sagittal Plane,Full Body,Unsorted*,Compound,Ballistics
Trap Bar Z Press,Video Demonstration,Video Explanation,Intermediate,Shoulders,Anterior Deltoids,Triceps Brachii,Trap Bar,None,0,Seated Floor,Double Arm,Neutral,Overhead,Continuous,Vertical Push,,Sagittal Plane,Upper Body,Push,Compound,Bodybuilding
Trap Bar Bottoms Up Floor Press,,,Intermediate,Chest,Pectoralis Major,Triceps Brachii,Trap Bar,None,0,Supine,Double Arm,Bottoms Up,Above Chest,Continuous,Horizontal Push,,Sagittal Plane,Upper Body,Push,Compound,Bodybuilding
Trap Bar Bottoms Up Bench Press,Video Demonstration,Video Explanation,Intermediate,Chest,Pectoralis Major,Triceps Brachii,Trap Bar,Bench (Flat),1,Supine,Double Arm,Bottoms Up,Above Chest,Continuous,Horizontal Push,,Sagittal Plane,Upper Body,Push,Compound,Bodybuilding
Bulgarian Bag Alternating Spin to Side Swing Squat,Video Demonstration,,Advanced,Shoulders,Posterior Deltoids,Obliques,Bulgarian Bag,None,0,Standing,Double Arm,Neutral,Overhead,Continuous,Rotational,,Transverse Plane,Full Body,Unsorted*,Compound,Unsorted*
Bulgarian Bag Swipe,Video Demonstration,,Intermediate,Glutes,Posterior Deltoids,,Bulgarian Bag,None,0,Standing,Double Arm,Neutral,Overhead,Continuous,Hip Hinge,,Sagittal Plane,Full Body,Unsorted*,Compound,Unsorted*
Bulgarian Bag Snatch,Video Demonstration,Video Explanation,Intermediate,Glutes,Gluteus Maximus,Anterior Deltoids ,Bulgarian Bag,None,0,Standing,Double Arm,Neutral,Overhead,Continuous,Hip Hinge,,Sagittal Plane,Full Body,Unsorted*,Compound,Ballistics
Bulgarian Bag Alternating Rotational Snatch,,,Advanced,Shoulders,Anterior Deltoids,Obliques,Bulgarian Bag,None,0,Standing,Double Arm,Neutral,Overhead,Continuous,Rotational,,Transverse Plane,Full Body,Unsorted*,Compound,Ballistics
Bulgarian Bag Alternating Side Swing Squat,Video Demonstration,,Advanced,Abdominals,Obliques,Quadriceps Femoris,Bulgarian Bag,None,0,Standing,Double Arm,Neutral,Other,Continuous,Rotational,,Transverse Plane,Full Body,Unsorted*,Compound,Ballistics
Bulgarian Bag Dead Clean,,Video Explanation,Intermediate,Glutes,Gluteus Maximus,Biceps Femoris,Bulgarian Bag,None,0,Standing,Double Arm,Neutral,Front Rack,Continuous,Hip Hinge,,Sagittal Plane,Full Body,Unsorted*,Compound,Ballistics
Bulgarian Bag Swing,Video Demonstration,,Novice,Glutes,Gluteus Maximus,,Bulgarian Bag,None,0,Standing,Double Arm,Neutral,Other,Continuous,Hip Hinge,,Sagittal Plane,Full Body,Unsorted*,Compound,Ballistics
Bulgarian Bag Front Rack Squat,Video Demonstration,,Novice,Quadriceps,Gluteus Maximus,,Bulgarian Bag,None,0,Standing,Double Arm,Supinated,Front Rack,Continuous,Knee Dominant,,Sagittal Plane,Lower Body,Push,Compound,Unsorted*
Bulgarian Bag Back Rack Squat,Video Demonstration,Video Explanation,Novice,Quadriceps,Gluteus Maximus,,Bulgarian Bag,None,0,Standing,Double Arm,Neutral,Back Rack,Continuous,Knee Dominant,,Sagittal Plane,Lower Body,Push,Compound,Unsorted*
Bulgarian Bag Swing Squat,Video Demonstration,Video Explanation,Advanced,Glutes,Gluteus Maximus,Quadriceps Femoris,Bulgarian Bag,None,0,Standing,Double Arm,Neutral,Other,Continuous,Hip Hinge,Knee Dominant,Sagittal Plane,Full Body,Unsorted*,Compound,Unsorted*
Bulgarian Bag Alternating Forward Lunge with Rotation,,Video Explanation,Intermediate,Quadriceps,Quadriceps Femoris,Gluteus Maximus,Bulgarian Bag,None,0,Standing,Double Arm,Neutral,Other,Alternating,Knee Dominant,Rotational,Transverse Plane,Full Body,Push,Compound,Unsorted*
Battle Rope Single Leg Standing Double Wave,Video Demonstration,,Intermediate,Biceps,Biceps Brachii,,Battle Ropes,None,0,Single Leg Standing,Double Arm,Neutral,Other,Continuous,Unsorted*,,Sagittal Plane,Upper Body,Other,Compound,Balance
Battle Rope Single Leg Standing Power Slam,,Video Explanation,Intermediate,Abdominals,Rectus Abdominis,,Battle Ropes,None,0,Single Leg Standing,Double Arm,Neutral,Other,Continuous,Unsorted*,,Sagittal Plane,Upper Body,Other,Compound,Balance
Landmine V Grip Tall Kneeling Chest Press,Video Demonstration,,Intermediate,Chest,Pectoralis Major,Triceps Brachii,Landmine,None,0,Tall Kneeling,Double Arm,Neutral,Front Rack,Continuous,Horizontal Push,,Sagittal Plane,Upper Body,Push,Compound,Bodybuilding
Double Clubbell Swipe to Alternating Shield Cast,,,Advanced,Shoulders,Posterior Deltoids,Gluteus Maximus,Clubbell,None,0,Standing,Double Arm,Neutral,Behind Back,Continuous,Rotational,Hip Hinge,Transverse Plane,Full Body,Pull,Compound,Ballistics
Double Clubbell Order Cyclist Squat,,,Intermediate,Quadriceps,Quadriceps Femoris,Gluteus Maximus,Clubbell,Slant Board,1,Standing,Double Arm,Neutral,Order,Continuous,Knee Dominant,,Sagittal Plane,Lower Body,Push,Compound,Bodybuilding
Single Arm Clubbell Order Cyclist Squat,,,Intermediate,Quadriceps,Quadriceps Femoris,Gluteus Maximus,Clubbell,Slant Board,1,Standing,Single Arm,Neutral,Order,Continuous,Knee Dominant,,Sagittal Plane,Lower Body,Push,Compound,Bodybuilding
Alternating Double Kettlebell Bottoms Up Z Press,,,Intermediate,Shoulders,Anterior Deltoids,Triceps Brachii,Kettlebell,None,0,Seated Floor,Double Arm,Bottoms Up,Overhead,Continuous,Vertical Push,,Sagittal Plane,Upper Body,Push,Compound,Bodybuilding
Battle Rope Single Leg Standing Clap,Video Demonstration,,Intermediate,Shoulders,Lateral Deltoids,Biceps Brachii,Battle Ropes,None,0,Single Leg Standing,Double Arm,Neutral,Other,Continuous,Shoulder Abduction,,Sagittal Plane,Upper Body,Other,Compound,Unsorted*
Single Arm Macebell Mill,,Video Explanation,Intermediate,Shoulders,Posterior Deltoids,Rectus Abdominis,Macebell,None,0,Standing,Single Arm,Neutral,Behind Back,Continuous,Rotational,,Transverse Plane,Upper Body,Pull,Compound,Ballistics
Dumbbell Goblet Low Switch Cossack Squat,Video Demonstration,,Intermediate,Quadriceps,Quadriceps Femoris,Adductor Magnus,Dumbbell,None,0,Standing,Double Arm,Goblet,Front Rack,Alternating,Knee Dominant,,Frontal Plane,Lower Body,Push,Compound,Bodybuilding
Double Kettlebell Clean to Alternating Thruster,,,Intermediate,Shoulders,Anterior Deltoids,Quadriceps Femoris,Kettlebell,None,0,Standing,Double Arm,Pronated,Overhead,Continuous,Hip Hinge,Vertical Push,Sagittal Plane,Full Body,Unsorted*,Compound,Unsorted*
Double Kettlebell Clean to Alternating Overhead Press,,,Intermediate,Shoulders,Anterior Deltoids,Gluteus Maximus,Kettlebell,None,0,Standing,Double Arm,Pronated,Overhead,Continuous,Hip Hinge,Vertical Push,Sagittal Plane,Full Body,Unsorted*,Compound,Unsorted*
Double Kettlebell Bottoms Up Clean to Thruster,,,Intermediate,Shoulders,Anterior Deltoids,Gluteus Maximus,Kettlebell,None,0,Standing,Double Arm,Bottoms Up,Overhead,Continuous,Vertical Push,Hip Hinge,Sagittal Plane,Full Body,Unsorted*,Compound,Unsorted*
Double Kettlebell Bottoms Up Clean to Alternating Thruster,,,Intermediate,Shoulders,Anterior Deltoids,Gluteus Maximus,Kettlebell,None,0,Standing,Double Arm,Bottoms Up,Overhead,Continuous,Vertical Push,Hip Hinge,Sagittal Plane,Full Body,Unsorted*,Compound,Unsorted*
Double Kettlebell Bottoms Up Clean to Alternating Overhead Press,,,Intermediate,Shoulders,Anterior Deltoids,Triceps Brachii,Kettlebell,None,0,Standing,Double Arm,Bottoms Up,Overhead,Continuous,Vertical Push,Hip Hinge,Sagittal Plane,Full Body,Unsorted*,Compound,Unsorted*
Double Kettlebell Clean to Split Jerk,,,Intermediate,Shoulders,Anterior Deltoids,Gluteus Maximus,Kettlebell,None,0,Staggered Stance,Double Arm,Pronated,Overhead,Continuous,Hip Hinge,Vertical Push,Sagittal Plane,Full Body,Unsorted*,Compound,Ballistics
Double Kettlebell Bottoms Up Clean to Split Jerk,,,Advanced,Shoulders,Anterior Deltoids,Gluteus Maximus,Kettlebell,None,0,Staggered Stance,Double Arm,Bottoms Up,Overhead,Continuous,Vertical Push,Hip Hinge,Sagittal Plane,Full Body,Unsorted*,Compound,Ballistics
Double Dumbbell Front Rack Cossack Squat,Video Demonstration,,Novice,Quadriceps,Quadriceps Femoris,Adductor Magnus,Dumbbell,None,0,Standing,Double Arm,Neutral,Front Rack,Continuous,Knee Dominant,,Frontal Plane,Lower Body,Push,Compound,Bodybuilding
Double Dumbbell Overhead Alternating Cossack Squat,,,Intermediate,Quadriceps,Quadriceps Femoris,Adductor Magnus,Dumbbell,None,0,Standing,Double Arm,Neutral,Overhead,Alternating,Knee Dominant,,Frontal Plane,Lower Body,Push,Compound,Bodybuilding
Double Dumbbell Overhead Cossack Squat,,,Intermediate,Quadriceps,Quadriceps Femoris,Adductor Magnus,Dumbbell,None,0,Standing,Double Arm,Neutral,Overhead,Continuous,Knee Dominant,,Frontal Plane,Lower Body,Push,Compound,Bodybuilding
Double Dumbbell Low Hold Alternating Cossack Squat,Video Demonstration,,Novice,Quadriceps,Quadriceps Femoris,Adductor Magnus,Dumbbell,None,0,Standing,Double Arm,Neutral,Low Hold,Alternating,Knee Dominant,,Frontal Plane,Lower Body,Push,Compound,Bodybuilding
Double Dumbbell Low Hold Cossack Squat,,,Novice,Quadriceps,Quadriceps Femoris,Adductor Magnus,Dumbbell,None,0,Standing,Double Arm,Neutral,Low Hold,Continuous,Knee Dominant,,Frontal Plane,Lower Body,Push,Compound,Bodybuilding
Single Arm Kettlebell Clean to Split Jerk,,,Intermediate,Shoulders,Anterior Deltoids,Gluteus Maximus,Kettlebell,None,0,Staggered Stance,Single Arm,Pronated,Overhead,Continuous,Hip Hinge,Vertical Push,Sagittal Plane,Full Body,Unsorted*,Compound,Ballistics
Alternating Single Arm Kettlebell Clean to Split Jerk,,,Intermediate,Shoulders,Anterior Deltoids,Gluteus Maximus,Kettlebell,None,0,Staggered Stance,Single Arm,Pronated,Overhead,Alternating,Hip Hinge,Vertical Push,Sagittal Plane,Full Body,Unsorted*,Compound,Ballistics
Suspension Low Switch Cossack Squat,,,Novice,Quadriceps,Quadriceps Femoris,Adductor Magnus,Suspension Trainer,None,0,Standing,Double Arm,Neutral,No Load,Alternating,Knee Dominant,,Frontal Plane,Lower Body,Push,Compound,Bodybuilding
Suspension Cossack Squat,Video Demonstration,,Beginner,Quadriceps,Quadriceps Femoris,Adductor Magnus,Suspension Trainer,None,0,Standing,Double Arm,Neutral,No Load,Continuous,Knee Dominant,,Frontal Plane,Lower Body,Push,Compound,Bodybuilding
Single Arm Suspension Alternating Cossack Squat,,,Beginner,Quadriceps,Quadriceps Femoris,Adductor Magnus,Suspension Trainer,None,0,Standing,Single Arm,Neutral,No Load,Alternating,Knee Dominant,,Frontal Plane,Lower Body,Push,Compound,Bodybuilding
Single Arm Suspension Contralateral Cossack Squat,,,Beginner,Quadriceps,Quadriceps Femoris,Adductor Magnus,Suspension Trainer,None,0,Standing,Single Arm,Neutral,No Load,Continuous,Knee Dominant,,Frontal Plane,Lower Body,Push,Compound,Bodybuilding
Single Arm Suspension Low Switch Cossack Squat,,,Beginner,Quadriceps,Quadriceps Femoris,Adductor Magnus,Suspension Trainer,None,0,Standing,Single Arm,Neutral,No Load,Alternating,Knee Dominant,,Frontal Plane,Lower Body,Push,Compound,Bodybuilding
Suspension Foot Elevated Cossack Squat,,,Beginner,Quadriceps,Quadriceps Femoris,Adductor Magnus,Suspension Trainer,None,0,Standing,Double Arm,Neutral,No Load,Continuous,Knee Dominant,,Frontal Plane,Lower Body,Push,Compound,Bodybuilding
Single Arm Suspension Foot Elevated Contralateral Cossack Squat,,,Beginner,Quadriceps,Quadriceps Femoris,Adductor Magnus,Suspension Trainer,None,0,Standing,Single Arm,Neutral,No Load,Continuous,Knee Dominant,,Frontal Plane,Lower Body,Push,Compound,Bodybuilding
Barbell Overhead Cossack Squat,,,Advanced,Quadriceps,Quadriceps Femoris,Adductor Magnus,Barbell,None,0,Standing,Double Arm,Pronated,Overhead,Continuous,Knee Dominant,,Frontal Plane,Lower Body,Push,Compound,Bodybuilding
Barbell Front Rack Low Switch Cossack Squat,,,Advanced,Quadriceps,Quadriceps Femoris,Adductor Magnus,Barbell,None,0,Standing,Double Arm,Pronated,Front Rack,Alternating,Knee Dominant,,Frontal Plane,Lower Body,Push,Compound,Bodybuilding
Barbell Back Rack Low Switch Cossack Squat,,,Advanced,Quadriceps,Quadriceps Femoris,Adductor Magnus,Barbell,None,0,Standing,Double Arm,Pronated,Back Rack,Alternating,Knee Dominant,,Frontal Plane,Lower Body,Push,Compound,Bodybuilding
Barbell Back Rack Cossack Squat,Video Demonstration,,Intermediate,Quadriceps,Quadriceps Femoris,Adductor Magnus,Barbell,None,0,Standing,Double Arm,Pronated,Back Rack,Continuous,Knee Dominant,,Frontal Plane,Lower Body,Push,Compound,Bodybuilding
Barbell Front Rack Cossack Squat,,,Intermediate,Quadriceps,Quadriceps Femoris,Adductor Magnus,Barbell,None,0,Standing,Double Arm,Pronated,Front Rack,Continuous,Knee Dominant,,Frontal Plane,Lower Body,Push,Compound,Bodybuilding
Landmine Goblet Cossack Squat,Video Demonstration,,Intermediate,Quadriceps,Quadriceps Femoris,Adductor Magnus,Landmine,None,0,Standing,Double Arm,Goblet,Front Rack,Continuous,Knee Dominant,,Frontal Plane,Lower Body,Push,Compound,Bodybuilding
Landmine Goblet Low Switch Cossack Squat,,,Advanced,Quadriceps,Quadriceps Femoris,Adductor Magnus,Landmine,None,0,Standing,Double Arm,Goblet,Front Rack,Alternating,Knee Dominant,,Frontal Plane,Lower Body,Push,Compound,Bodybuilding
Landmine Goblet Foot Elevated Cossack Squat,,,Advanced,Quadriceps,Quadriceps Femoris,Adductor Magnus,Landmine,None,0,Standing,Double Arm,Goblet,Front Rack,Continuous,Knee Dominant,,Frontal Plane,Lower Body,Push,Compound,Bodybuilding
Landmine Low Hold Cossack Squat,,,Intermediate,Quadriceps,Quadriceps Femoris,Adductor Magnus,Landmine,None,0,Standing,Double Arm,Neutral,Low Hold,Continuous,Knee Dominant,,Frontal Plane,Lower Body,Push,Compound,Bodybuilding
Landmine Low Hold Low Switch Cossack Squat,,,Advanced,Quadriceps,Quadriceps Femoris,Adductor Magnus,Landmine,None,0,Standing,Double Arm,Neutral,Low Hold,Alternating,Knee Dominant,,Frontal Plane,Lower Body,Push,Compound,Bodybuilding
Landmine Low Hold Foot Elevated Cossack Squat,,,Advanced,Quadriceps,Quadriceps Femoris,Adductor Magnus,Landmine,None,0,Standing,Double Arm,Neutral,Low Hold,Continuous,Knee Dominant,,Frontal Plane,Lower Body,Push,Compound,Bodybuilding
Dumbbell Goblet Cossack Squat,Video Demonstration,,Novice,Quadriceps,Quadriceps Femoris,Adductor Magnus,Dumbbell,None,0,Standing,Double Arm,Goblet,Front Rack,Continuous,Knee Dominant,,Frontal Plane,Lower Body,Push,Compound,Bodybuilding
Single Arm Dumbbell Front Rack Contralateral Cossack Squat,Video Demonstration,,Novice,Quadriceps,Quadriceps Femoris,Adductor Magnus,Dumbbell,None,0,Standing,Single Arm,Neutral,Front Rack,Continuous,Knee Dominant,,Frontal Plane,Lower Body,Push,Compound,Bodybuilding
Double Dumbbell Overhead Low Switch Cossack Squat,,,Advanced,Quadriceps,Quadriceps Femoris,Adductor Magnus,Dumbbell,None,0,Standing,Double Arm,Neutral,Overhead,Alternating,Knee Dominant,,Frontal Plane,Lower Body,Push,Compound,Bodybuilding
Double Dumbbell Overhead Foot Elevated Cossack Squat,,,Advanced,Quadriceps,Quadriceps Femoris,Adductor Magnus,Dumbbell,None,0,Standing,Double Arm,Neutral,Overhead,Continuous,Knee Dominant,,Frontal Plane,Lower Body,Push,Compound,Bodybuilding
Double Dumbbell Front Rack Low Switch Cossack Squat,,,Intermediate,Quadriceps,Quadriceps Femoris,Adductor Magnus,Dumbbell,None,0,Standing,Double Arm,Neutral,Front Rack,Alternating,Knee Dominant,,Frontal Plane,Lower Body,Push,Compound,Bodybuilding
Double Dumbbell Front Rack Foot Elevated Cossack Squat,Video Demonstration,,Intermediate,Quadriceps,Quadriceps Femoris,Adductor Magnus,Dumbbell,None,0,Standing,Double Arm,Neutral,Front Rack,Continuous,Knee Dominant,,Frontal Plane,Lower Body,Push,Compound,Bodybuilding
Single Arm Dumbbell Front Rack Alternating Cossack Squat,,,Novice,Quadriceps,Quadriceps Femoris,Adductor Magnus,Dumbbell,None,0,Standing,Single Arm,Neutral,Front Rack,Alternating,Knee Dominant,,Frontal Plane,Lower Body,Push,Compound,Bodybuilding
Single Arm Dumbbell Front Rack Low Switch Cossack Squat,,,Intermediate,Quadriceps,Quadriceps Femoris,Adductor Magnus,Dumbbell,None,0,Standing,Single Arm,Neutral,Front Rack,Alternating,Knee Dominant,,Frontal Plane,Lower Body,Push,Compound,Bodybuilding
Dumbbell Low Hold Cossack Squat,Video Demonstration,,Novice,Quadriceps,Quadriceps Femoris,Adductor Magnus,Dumbbell,None,0,Standing,Double Arm,Neutral,Low Hold,Continuous,Knee Dominant,,Frontal Plane,Lower Body,Push,Compound,Bodybuilding
Dumbbell Low Hold Alternating Cossack Squat,,,Novice,Quadriceps,Quadriceps Femoris,Adductor Magnus,Dumbbell,None,0,Standing,Double Arm,Neutral,Low Hold,Alternating,Knee Dominant,,Frontal Plane,Lower Body,Push,Compound,Bodybuilding
Double Dumbbell Low Hold Low Switch Cossack Squat,,,Intermediate,Quadriceps,Quadriceps Femoris,Adductor Magnus,Dumbbell,None,0,Standing,Double Arm,Neutral,Low Hold,Alternating,Knee Dominant,,Frontal Plane,Lower Body,Push,Compound,Bodybuilding
Double Dumbbell Low Hold Foot Elevated Cossack Squat,,,Intermediate,Quadriceps,Quadriceps Femoris,Adductor Magnus,Dumbbell,None,0,Standing,Double Arm,Neutral,Low Hold,Continuous,Knee Dominant,,Frontal Plane,Lower Body,Push,Compound,Bodybuilding
Dumbbell Low Hold Low Switch Cossack Squat,,,Intermediate,Quadriceps,Quadriceps Femoris,Adductor Magnus,Dumbbell,None,0,Standing,Double Arm,Neutral,Low Hold,Alternating,Knee Dominant,,Frontal Plane,Lower Body,Push,Compound,Bodybuilding
Dumbbell Low Hold Foot Elevated Cossack Squat,,,Intermediate,Quadriceps,Quadriceps Femoris,Adductor Magnus,Dumbbell,None,0,Standing,Double Arm,Neutral,Low Hold,Continuous,Knee Dominant,,Frontal Plane,Lower Body,Push,Compound,Bodybuilding
Single Arm Dumbbell Overhead Contralateral Cossack Squat,,,Intermediate,Quadriceps,Quadriceps Femoris,Adductor Magnus,Dumbbell,None,0,Standing,Single Arm,Neutral,Overhead,Continuous,Knee Dominant,,Frontal Plane,Lower Body,Push,Compound,Bodybuilding
Single Arm Dumbbell Overhead Ipsilateral Cossack Squat,,,Intermediate,Quadriceps,Quadriceps Femoris,Adductor Magnus,Dumbbell,None,0,Standing,Single Arm,Neutral,Overhead,Continuous,Knee Dominant,,Frontal Plane,Lower Body,Push,Compound,Bodybuilding
Single Arm Kettlebell Bottoms Up Clean to Split Jerk,,,Advanced,Shoulders,Anterior Deltoids,Gluteus Maximus,Kettlebell,None,0,Staggered Stance,Single Arm,Bottoms Up,Overhead,Continuous,Vertical Push,Hip Hinge,Sagittal Plane,Full Body,Unsorted*,Compound,Ballistics
Alternating Single Arm Kettlebell Bottoms Up Clean to Split Jerk,,,Advanced,Shoulders,Anterior Deltoids,Gluteus Maximus,Kettlebell,None,0,Staggered Stance,Single Arm,Bottoms Up,Overhead,Alternating,Vertical Push,Hip Hinge,Sagittal Plane,Full Body,Unsorted*,Compound,Ballistics
Double Kettlebell Bottoms Up Split Jerk,,,Advanced,Shoulders,Anterior Deltoids,Triceps Brachii,Kettlebell,None,0,Staggered Stance,Double Arm,Bottoms Up,Overhead,Continuous,Vertical Push,Hip Hinge,Sagittal Plane,Full Body,Push,Compound,Unsorted*
Clubbell Order Alternating Cossack Squat,,,Novice,Quadriceps,Quadriceps Femoris,Adductor Magnus,Clubbell,None,0,Standing,Double Arm,Neutral,Order,Alternating,Knee Dominant,,Frontal Plane,Lower Body,Push,Compound,Bodybuilding
Clubbell Order Cossack Squat,,,Novice,Quadriceps,Quadriceps Femoris,Adductor Magnus,Clubbell,None,0,Standing,Double Arm,Neutral,Order,Continuous,Knee Dominant,,Frontal Plane,Lower Body,Push,Compound,Bodybuilding
Clubbell Order Low Switch Cossack Squat,,,Intermediate,Quadriceps,Quadriceps Femoris,Adductor Magnus,Clubbell,None,0,Standing,Double Arm,Neutral,Order,Alternating,Knee Dominant,,Frontal Plane,Lower Body,Push,Compound,Bodybuilding
Clubbell Order Foot Elevated Cossack Squat,,,Intermediate,Quadriceps,Quadriceps Femoris,Adductor Magnus,Clubbell,None,0,Standing,Double Arm,Neutral,Order,Continuous,Knee Dominant,,Frontal Plane,Lower Body,Push,Compound,Bodybuilding
Double Clubbell Order Alternating Cossack Squat,,,Novice,Quadriceps,Quadriceps Femoris,Adductor Magnus,Clubbell,None,0,Standing,Double Arm,Neutral,Order,Alternating,Knee Dominant,,Frontal Plane,Lower Body,Push,Compound,Bodybuilding
Double Clubbell Order Cossack Squat,,,Novice,Quadriceps,Quadriceps Femoris,Adductor Magnus,Clubbell,None,0,Standing,Double Arm,Neutral,Order,Continuous,Knee Dominant,,Frontal Plane,Lower Body,Push,Compound,Bodybuilding
Double Clubbell Order Low Switch Cossack Squat,,,Intermediate,Quadriceps,Quadriceps Femoris,Adductor Magnus,Clubbell,None,0,Standing,Double Arm,Neutral,Order,Alternating,Knee Dominant,,Frontal Plane,Lower Body,Push,Compound,Bodybuilding
Double Clubbell Order Foot Elevated Cossack Squat,,,Intermediate,Quadriceps,Quadriceps Femoris,Adductor Magnus,Clubbell,None,0,Standing,Double Arm,Neutral,Order,Continuous,Knee Dominant,,Frontal Plane,Lower Body,Push,Compound,Bodybuilding
Single Arm Clubbell Order Contralateral Cossack Squat,,,Novice,Quadriceps,Quadriceps Femoris,Adductor Magnus,Clubbell,None,0,Standing,Single Arm,Neutral,Order,Continuous,Knee Dominant,,Frontal Plane,Lower Body,Push,Compound,Bodybuilding
Single Arm Clubbell Order Alternating Cossack Squat,,,Novice,Quadriceps,Quadriceps Femoris,Adductor Magnus,Clubbell,None,0,Standing,Single Arm,Neutral,Order,Alternating,Knee Dominant,,Frontal Plane,Lower Body,Push,Compound,Bodybuilding
Single Arm Clubbell Order Low Switch Cossack Squat,,,Intermediate,Quadriceps,Quadriceps Femoris,Adductor Magnus,Clubbell,None,0,Standing,Single Arm,Neutral,Order,Alternating,Knee Dominant,,Frontal Plane,Lower Body,Push,Compound,Bodybuilding
Single Arm Clubbell Order Foot Elevated Contralateral Cossack Squat,,,Intermediate,Quadriceps,Quadriceps Femoris,Adductor Magnus,Clubbell,None,0,Standing,Single Arm,Neutral,Order,Continuous,Knee Dominant,,Frontal Plane,Lower Body,Push,Compound,Bodybuilding
Heavy Sandbag Bear Hug Carry,Video Demonstration,Video Explanation,Intermediate,Abdominals,Rectus Abdominis,Biceps Brachii,Heavy Sandbag,None,0,Walking,Double Arm,Neutral,Bear Hug,Alternating,Loaded Carry,,Sagittal Plane,Full Body,Other,Compound,Unsorted*
Dumbbell Hip Thrust,Video Demonstration,Video Explanation,Beginner,Glutes,Gluteus Maximus,Biceps Femoris,Dumbbell,Bench (Flat),1,Bridge,Double Arm,Neutral,Hip Crease,Continuous,Hip Extension,,Sagittal Plane,Lower Body,Unsorted*,Compound,Bodybuilding
Double Dumbbell Overhead Carry,Video Demonstration,,Intermediate,Shoulders,Anterior Deltoids,Obliques,Dumbbell,None,0,Walking,Double Arm,Neutral,Overhead,Alternating,Loaded Carry,,Sagittal Plane,Full Body,Other,Compound,Unsorted*
Single Arm Kettlebell Bottoms Up Split Jerk,,,Advanced,Shoulders,Anterior Deltoids,Triceps Brachii,Kettlebell,None,0,Staggered Stance,Single Arm,Bottoms Up,Overhead,Continuous,Vertical Push,Hip Hinge,Sagittal Plane,Full Body,Push,Compound,Unsorted*
Alternating Single Arm Kettlebell Bottoms Up Clean,,,Intermediate,Glutes,Gluteus Maximus,,Kettlebell,None,0,Standing,Single Arm,Bottoms Up,Front Rack,Continuous,Hip Hinge,,Sagittal Plane,Full Body,Unsorted*,Compound,Ballistics
Single Arm Kettlebell Bottoms Up Clean,Video Demonstration,Video Explanation,Intermediate,Glutes,Gluteus Maximus,,Kettlebell,None,0,Standing,Single Arm,Bottoms Up,Front Rack,Continuous,Hip Hinge,,Sagittal Plane,Full Body,Unsorted*,Compound,Ballistics
Alternating Single Arm Kettlebell Bottoms Up Clean to Thruster,,,Intermediate,Shoulders,Anterior Deltoids,Gluteus Maximus,Kettlebell,None,0,Standing,Single Arm,Bottoms Up,Overhead,Continuous,Vertical Push,Hip Hinge,Sagittal Plane,Full Body,Unsorted*,Compound,Ballistics
Alternating Single Arm Kettlebell Bottoms Up Clean to Front Rack Squat,,,Intermediate,Quadriceps,Quadriceps Femoris,Gluteus Maximus,Kettlebell,None,0,Standing,Single Arm,Bottoms Up,Front Rack,Continuous,Knee Dominant,Hip Hinge,Sagittal Plane,Full Body,Unsorted*,Compound,Unsorted*
Heavy Sandbag Shoulder Carry,Video Demonstration,,Intermediate,Abdominals,Rectus Abdominis,Obliques,Heavy Sandbag,None,0,Walking,Single Arm,Neutral,Shoulder,Alternating,Loaded Carry,,Sagittal Plane,Full Body,Other,Compound,Unsorted*
Double Dumbbell Front Rack Carry,Video Demonstration,,Novice,Abdominals,Rectus Abdominis,Gluteus Maximus,Dumbbell,None,0,Walking,Double Arm,Neutral,Front Rack,Alternating,Loaded Carry,,Sagittal Plane,Full Body,Other,Compound,Unsorted*
Single Arm Dumbbell Front Rack Carry,Video Demonstration,,Novice,Abdominals,Rectus Abdominis,Gluteus Maximus,Dumbbell,None,0,Walking,Single Arm,Neutral,Front Rack,Alternating,Loaded Carry,,Sagittal Plane,Full Body,Other,Compound,Unsorted*
Double Clubbell Order Carry,,,Novice,Forearms,Brachioradialis,Rectus Abdominis,Clubbell,None,0,Walking,Double Arm,Neutral,Order,Alternating,Loaded Carry,,Sagittal Plane,Full Body,Other,Compound,Unsorted*
Single Arm Clubbell Order Carry,,,Novice,Forearms,Brachioradialis,Rectus Abdominis,Clubbell,None,0,Walking,Single Arm,Neutral,Order,Alternating,Loaded Carry,,Sagittal Plane,Full Body,Other,Compound,Unsorted*
Barbell Overhead Carry,Video Demonstration,,Advanced,Shoulders,Anterior Deltoids,Rectus Abdominis,Barbell,None,0,Walking,Double Arm,Pronated,Overhead,Alternating,Loaded Carry,,Sagittal Plane,Full Body,Other,Compound,Unsorted*
Single Arm Barbell Overhead Carry,,,Expert,Shoulders,Anterior Deltoids,Rectus Abdominis,Barbell,None,0,Walking,Single Arm,Neutral,Overhead,Alternating,Loaded Carry,,Sagittal Plane,Full Body,Other,Compound,Unsorted*
Barbell Front Rack Carry,Video Demonstration,,Intermediate,Abdominals,Rectus Abdominis,Gluteus Maximus,Barbell,None,0,Walking,Double Arm,Pronated,Front Rack,Alternating,Loaded Carry,,Sagittal Plane,Full Body,Other,Compound,Unsorted*
Double Kettlebell Suitcase Alternating Reverse Lunge,Video Demonstration,Video Explanation,Novice,Quadriceps,Quadriceps Femoris,Gluteus Maximus,Kettlebell,None,0,Standing,Double Arm,Neutral,Suitcase,Alternating,Knee Dominant,,Sagittal Plane,Lower Body,Push,Compound,Bodybuilding
Alternating Single Arm Kettlebell Sumo Deadlift,Video Demonstration,,Novice,Back,Latissimus Dorsi,Gluteus Maximus,Kettlebell,None,0,Standing,Single Arm,Pronated,Other,Continuous,Knee Dominant,,Sagittal Plane,Full Body,Pull,Compound,Bodybuilding
Single Arm Kettlebell Suitcase March,Video Demonstration,Video Explanation,Novice,Hip Flexors,Iliopsoas,Rectus Abdominis,Kettlebell,None,0,March,Single Arm,Neutral,Suitcase,Alternating,Locomotion,Anti-Lateral Flexion,Sagittal Plane,Core,Other,Compound,Balance
Single Arm Kettlebell Bottoms Up Overhead March,,,Intermediate,Hip Flexors,Iliopsoas,Rectus Abdominis,Kettlebell,None,0,March,Single Arm,Bottoms Up,Overhead,Alternating,Locomotion,,Sagittal Plane,Core,Other,Compound,Balance
Single Arm Kettlebell Bottoms Up Front Rack March,,,Intermediate,Hip Flexors,Iliopsoas,Rectus Abdominis,Kettlebell,None,0,March,Single Arm,Bottoms Up,Front Rack,Alternating,Locomotion,,Sagittal Plane,Core,Other,Compound,Balance
Double Kettlebell Half Snatch,Video Demonstration,Video Explanation,Intermediate,Glutes,Gluteus Maximus,Biceps Femoris,Kettlebell,None,0,Standing,Double Arm,Pronated,Overhead,Continuous,Hip Hinge,,,Full Body,Unsorted*,Compound,Ballistics
Alternating Single Arm Kettlebell Half Snatch,,,Intermediate,Glutes,Gluteus Maximus,Biceps Femoris,Kettlebell,None,0,Standing,Single Arm,Pronated,Overhead,Continuous,Hip Hinge,,Sagittal Plane,Full Body,Unsorted*,Compound,Ballistics
Single Arm Kettlebell Half Snatch,Video Demonstration,,Intermediate,Glutes,Gluteus Maximus,Biceps Femoris,Kettlebell,None,0,Standing,Single Arm,Pronated,Overhead,Continuous,Hip Hinge,,Sagittal Plane,Full Body,Unsorted*,Compound,Ballistics
Double Kettlebell Half Snatch to Thruster,,,Advanced,Shoulders,Anterior Deltoids,Gluteus Maximus,Kettlebell,None,0,Standing,Double Arm,Pronated,Overhead,Continuous,Hip Hinge,Vertical Push,Sagittal Plane,Full Body,Unsorted*,Compound,Ballistics
Double Kettlebell Overhead Cossack Squat,,,Intermediate,Quadriceps,Quadriceps Femoris,Adductor Magnus,Kettlebell,None,0,Standing,Double Arm,Pronated,Overhead,Continuous,Knee Dominant,,Frontal Plane,Lower Body,Push,Compound,Bodybuilding
Heavy Sandbag Bear Hug Squat,Video Demonstration,,Intermediate,Quadriceps,Quadriceps Femoris,Gluteus Maximus,Heavy Sandbag,None,0,Standing,Double Arm,Neutral,Bear Hug,Continuous,Knee Dominant,,Sagittal Plane,Lower Body,Push,Compound,Unsorted*
Heavy Sandbag Shoulder Squat,Video Demonstration,,Intermediate,Quadriceps,Quadriceps Femoris,Gluteus Maximus,Heavy Sandbag,None,0,Standing,Single Arm,Neutral,Shoulder,Continuous,Knee Dominant,,Sagittal Plane,Lower Body,Push,Compound,Unsorted*
Heavy Sandbag Turkish Get Up,Video Demonstration,Video Explanation,Advanced,Abdominals,Obliques,Rectus Abdominis,Heavy Sandbag,None,0,Supine,Single Arm,Neutral,Shoulder,Continuous,Rotational,,Transverse Plane,Full Body,Other,Compound,Grinds
Heavy Sandbag Bear Hug Alternating Forward Lunge,Video Demonstration,,Intermediate,Quadriceps,Quadriceps Femoris,Gluteus Maximus,Heavy Sandbag,None,0,Standing,Double Arm,Neutral,Bear Hug,Alternating,Knee Dominant,,Sagittal Plane,Full Body,Other,Compound,Unsorted*
Heavy Sandbag Bear Hug Alternating Reverse Lunge,Video Demonstration,,Intermediate,Quadriceps,Quadriceps Femoris,Gluteus Maximus,Heavy Sandbag,None,0,Standing,Double Arm,Neutral,Bear Hug,Alternating,Knee Dominant,,Sagittal Plane,Full Body,Other,Compound,Bodybuilding
Heavy Sandbag Shoulder Alternating Forward Lunge,Video Demonstration,,Intermediate,Quadriceps,Quadriceps Femoris,Gluteus Maximus,Heavy Sandbag,None,0,Standing,Single Arm,Neutral,Shoulder,Alternating,Knee Dominant,,Sagittal Plane,Lower Body,Push,Compound,Unsorted*
Heavy Sandbag Shoulder Alternating Reverse Lunge,Video Demonstration,,Intermediate,Quadriceps,Quadriceps Femoris,Gluteus Maximus,Heavy Sandbag,None,0,Standing,Single Arm,Neutral,Shoulder,Alternating,Knee Dominant,,Sagittal Plane,Lower Body,Push,Compound,Bodybuilding
Heavy Sandbag Shoulder Walking Lunge,Video Demonstration,,Intermediate,Quadriceps,Quadriceps Femoris,Gluteus Maximus,Heavy Sandbag,None,0,Walking,Single Arm,Neutral,Shoulder,Alternating,Knee Dominant,,Sagittal Plane,Lower Body,Push,Compound,Unsorted*
Heavy Sandbag Shoulder Clean,Video Demonstration,Video Explanation,Intermediate,Glutes,Gluteus Maximus,Biceps Femoris,Heavy Sandbag,None,0,Standing,Double Arm,Neutral,Shoulder,Continuous,Hip Hinge,,Sagittal Plane,Full Body,Other,Compound,Unsorted*
Heavy Sandbag Over the Shoulder,Video Demonstration,Video Explanation,Intermediate,Glutes,Gluteus Maximus,Biceps Femoris,Heavy Sandbag,None,0,Standing,Double Arm,Neutral,Other,Continuous,Hip Hinge,,Sagittal Plane,Full Body,Other,Compound,Unsorted*
Heavy Sandbag Alternating Shoulder Clean,,,Intermediate,Glutes,Gluteus Maximus,Biceps Femoris,Heavy Sandbag,None,0,Standing,Double Arm,Neutral,Shoulder,Continuous,Hip Hinge,,Sagittal Plane,Full Body,Other,Compound,Unsorted*
Heavy Sandbag Alternating Over the Shoulder,,,Intermediate,Glutes,Gluteus Maximus,Biceps Femoris,Heavy Sandbag,None,0,Standing,Double Arm,Neutral,Other,Continuous,Hip Hinge,,Sagittal Plane,Full Body,Other,Compound,Unsorted*
Heavy Sandbag Bear Hug Walking Lunge,Video Demonstration,,Intermediate,Quadriceps,Quadriceps Femoris,Gluteus Maximus,Heavy Sandbag,None,0,Walking,Double Arm,Neutral,Bear Hug,Alternating,Knee Dominant,,Sagittal Plane,Full Body,Other,Compound,Unsorted*
Double Dumbbell Turkish Get Up,,,Advanced,Abdominals,Obliques,Rectus Abdominis,Dumbbell,None,0,Supine,Double Arm,Neutral,Overhead,Continuous,Rotational,,Transverse Plane,Full Body,Other,Compound,Grinds
Single Arm Macebell Reverse Mill,,,Intermediate,Shoulders,Posterior Deltoids,Rectus Abdominis,Macebell,None,0,Standing,Single Arm,Neutral,Behind Back,Continuous,Rotational,,Transverse Plane,Upper Body,Pull,Compound,Ballistics
Bodyweight Hand Assisted Sissy Squat,Video Demonstration,Video Explanation,Novice,Quadriceps,Quadriceps Femoris,Gluteus Maximus,Bodyweight,None,0,Standing,Double Arm,Hand Assisted,No Load,Continuous,Knee Dominant,,Sagittal Plane,Lower Body,Push,Compound,Bodybuilding
Bodyweight Sissy Squat,Video Demonstration,,Advanced,Quadriceps,Quadriceps Femoris,Gluteus Maximus,Bodyweight,None,0,Standing,No Arms,No Grip,No Load,Continuous,Knee Dominant,,Sagittal Plane,Lower Body,Push,Compound,Bodybuilding
Bodyweight Hand Assisted Knee Over Toe Split Squat,Video Demonstration,Video Explanation,Beginner,Quadriceps,Quadriceps Femoris,Gluteus Maximus,Bodyweight,None,0,Knee Over Toe Split Squat,Single Arm,Hand Assisted,No Load,Continuous,Knee Dominant,,Sagittal Plane,Lower Body,Push,Compound,Bodybuilding
Superband Sissy Squat,Video Demonstration,,Intermediate,Quadriceps,Quadriceps Femoris,Gluteus Maximus,Superband,None,0,Standing,No Arms,No Grip,No Load,Continuous,Knee Dominant,,Sagittal Plane,Lower Body,Push,Compound,Bodybuilding
Double Dumbbell Front Rack Walking Lunge,Video Demonstration,,Novice,Quadriceps,Quadriceps Femoris,Gluteus Maximus,Dumbbell,None,0,Walking,Double Arm,Neutral,Front Rack,Alternating,Knee Dominant,,Sagittal Plane,Lower Body,Push,Compound,Bodybuilding
Single Arm Dumbbell Suitcase Walking Lunge,Video Demonstration,,Novice,Quadriceps,Quadriceps Femoris,Gluteus Maximus,Dumbbell,None,0,Walking,Single Arm,Neutral,Suitcase,Alternating,Knee Dominant,Anti-Lateral Flexion,Sagittal Plane,Lower Body,Push,Compound,Bodybuilding
Single Arm Dumbbell Overhead Walking Lunge,Video Demonstration,,Intermediate,Quadriceps,Quadriceps Femoris,Gluteus Maximus,Dumbbell,None,0,Walking,Single Arm,Neutral,Overhead,Alternating,Knee Dominant,,Sagittal Plane,Lower Body,Push,Compound,Bodybuilding
Single Arm Dumbbell Front Rack Walking Lunge,Video Demonstration,,Novice,Quadriceps,Quadriceps Femoris,Gluteus Maximus,Dumbbell,None,0,Walking,Single Arm,Neutral,Front Rack,Alternating,Knee Dominant,,Sagittal Plane,Lower Body,Push,Compound,Bodybuilding
Barbell Front Rack Walking Lunge,Video Demonstration,,Intermediate,Quadriceps,Quadriceps Femoris,Gluteus Maximus,Barbell,None,0,Walking,Double Arm,Pronated,Front Rack,Alternating,Knee Dominant,,Sagittal Plane,Lower Body,Push,Compound,Bodybuilding
Kettlebell Goblet Horse Stance Squat,Video Demonstration,,Novice,Quadriceps,Gluteus Maximus,,Kettlebell,None,0,Horse Stance,Double Arm,Goblet,Front Rack,Continuous,Knee Dominant,,Sagittal Plane,Lower Body,Push,Compound,Unsorted*
Double Kettlebell Alternating Forward Lunge Snatch,,,Advanced,Quadriceps,Quadriceps Femoris,Gluteus Maximus,Kettlebell,None,0,Standing,Double Arm,Pronated,Overhead,Alternating,Knee Dominant,Hip Hinge,Sagittal Plane,Full Body,Unsorted*,Compound,Ballistics
Alternating Single Arm Clubbell Reverse Mill,,,Intermediate,Shoulders,Posterior Deltoids,Gluteus Maximus,Clubbell,None,0,Standing,Single Arm,Neutral,Behind Back,Continuous,Rotational,,Transverse Plane,Upper Body,Pull,Compound,Ballistics
Macebell Mill,,,Intermediate,Shoulders,Posterior Deltoids,Rectus Abdominis,Macebell,None,0,Standing,Double Arm,Neutral,Behind Back,Continuous,Rotational,,Transverse Plane,Upper Body,Pull,Compound,Ballistics
Double Clubbell Order Walking Lunge,,,Novice,Quadriceps,Quadriceps Femoris,Gluteus Maximus,Clubbell,None,0,Walking,Double Arm,Neutral,Order,Alternating,Knee Dominant,,Sagittal Plane,Lower Body,Push,Compound,Bodybuilding
Single Arm Clubbell Order Walking Lunge,,,Novice,Quadriceps,Quadriceps Femoris,Gluteus Maximus,Clubbell,None,0,Walking,Single Arm,Neutral,Order,Alternating,Knee Dominant,,Sagittal Plane,Lower Body,Push,Compound,Bodybuilding
Clubbell Order Walking Lunge,,,Novice,Quadriceps,Quadriceps Femoris,Gluteus Maximus,Clubbell,None,0,Walking,Double Arm,Neutral,Order,Alternating,Knee Dominant,,Sagittal Plane,Lower Body,Push,Compound,Bodybuilding
Bodyweight Box Jump,Video Demonstration,,Intermediate,Quadriceps,Quadriceps Femoris,Gluteus Maximus,Bodyweight,Plyo Box,1,Standing,No Arms,No Grip,No Load,Continuous,Knee Dominant,,Sagittal Plane,Lower Body,Push,Compound,Plyometric
Bodyweight Lateral Box Jump,Video Demonstration,Video Explanation,Intermediate,Quadriceps,Quadriceps Femoris,Gluteus Maximus,Bodyweight,Plyo Box,1,Standing,No Arms,No Grip,No Load,Continuous,Knee Dominant,,Frontal Plane,Lower Body,Push,Compound,Plyometric
Bodyweight Alternating Lateral Box Jump,Video Demonstration,,Intermediate,Quadriceps,Quadriceps Femoris,Gluteus Maximus,Bodyweight,Plyo Box,1,Standing,No Arms,No Grip,No Load,Continuous,Knee Dominant,,Frontal Plane,Lower Body,Push,Compound,Plyometric
Bodyweight Straddle Planche,Video Demonstration,,Expert,Abdominals,Rectus Abdominis,,Bodyweight,None,0,Prone,Double Arm,Flat Palm,No Load,Continuous,Isometric Hold,,Sagittal Plane,Full Body,Other,Compound,Calisthenics
Macebell Single Leg Offset Bent Over Row,Video Demonstration,,Intermediate,Back,Latissimus Dorsi,Rhomboids,Macebell,None,0,Single Leg Standing,Double Arm,Pronated,Other,Continuous,Horizontal Pull,Anti-Lateral Flexion,Sagittal Plane,Upper Body,Pull,Compound,Bodybuilding
Single Arm Kettlebell Bird Dog Row,Video Demonstration,Video Explanation,Intermediate,Back,Latissimus Dorsi,Rectus Abdominis,Kettlebell,Bench (Flat),1,Quadruped,Single Arm,Neutral,Other,Continuous,Horizontal Pull,,Sagittal Plane,Upper Body,Pull,Compound,Bodybuilding
Double Kettlebell Half Snatch to Front Rack Squat,,,Advanced,Shoulders,Anterior Deltoids,Quadriceps Femoris,Kettlebell,None,0,Standing,Double Arm,Pronated,Overhead,Continuous,Hip Hinge,Knee Dominant,Sagittal Plane,Full Body,Unsorted*,Compound,Unsorted*
Single Arm Suspension Ipsilateral Pistol Squat,Video Demonstration,,Advanced,Quadriceps,Quadriceps Femoris,Gluteus Maximus,Suspension Trainer,None,0,Single Leg Standing,Single Arm,Neutral,No Load,Continuous,Knee Dominant,,Sagittal Plane,Lower Body,Push,Compound,Balance
Kettlebell Single Leg Standing Hip Flexion,Video Demonstration,,Intermediate,Hip Flexors,Iliopsoas,Rectus Femoris,Kettlebell,Plyo Box,1,Single Leg Standing,No Arms,No Grip,Other,Continuous,Hip Flexion,,Sagittal Plane,Lower Body,Unsorted*,Compound,Unsorted*
Double Kettlebell Bottoms Up Overhead Cossack Squat,,,Advanced,Quadriceps,Quadriceps Femoris,Adductor Magnus,Kettlebell,None,0,Standing,Double Arm,Bottoms Up,Overhead,Continuous,Knee Dominant,,Frontal Plane,Lower Body,Push,Compound,Bodybuilding
Alternating Single Arm Macebell 360,,Video Explanation,Intermediate,Shoulders,Posterior Deltoids,Rectus Abdominis,Macebell,None,0,Standing,Single Arm,Neutral,Behind Back,Continuous,Knee Dominant,,Transverse Plane,Upper Body,Pull,Compound,Ballistics
Double Kettlebell Low Hold Cossack Squat,,,Novice,Quadriceps,Quadriceps Femoris,Adductor Magnus,Kettlebell,None,0,Standing,Double Arm,Neutral,Low Hold,Continuous,Knee Dominant,,Frontal Plane,Lower Body,Push,Compound,Bodybuilding
Double Kettlebell Low Hold Alternating Cossack Squat,,,Novice,Quadriceps,Quadriceps Femoris,Adductor Magnus,Kettlebell,None,0,Standing,Double Arm,Neutral,Low Hold,Alternating,Knee Dominant,,Frontal Plane,Lower Body,Push,Compound,Bodybuilding
Kettlebell Goblet Alternating Cossack Squat,Video Demonstration,,Novice,Quadriceps,Quadriceps Femoris,Adductor Magnus,Kettlebell,None,0,Standing,Double Arm,Goblet,Front Rack,Alternating,Knee Dominant,,Frontal Plane,Lower Body,Push,Compound,Bodybuilding
Barbell Zercher Carry,Video Demonstration,,Advanced,Abdominals,Rectus Abdominis,Gluteus Maximus,Barbell,None,0,Walking,Double Arm,No Grip,Zercher,Alternating,Loaded Carry,,Sagittal Plane,Full Body,Other,Compound,Unsorted*
Double Kettlebell Bottoms Up Seated Overhead Press,Video Demonstration,,Intermediate,Shoulders,Anterior Deltoids,Triceps Brachii,Kettlebell,Bench (Flat),1,Seated,Double Arm,Bottoms Up,Overhead,Continuous,Vertical Push,,Sagittal Plane,Upper Body,Push,Compound,Bodybuilding
Alternating Double Kettlebell Bottoms Up Seated Overhead Press,,,Intermediate,Shoulders,Anterior Deltoids,Triceps Brachii,Kettlebell,Bench (Flat),1,Seated,Double Arm,Bottoms Up,Overhead,Continuous,Vertical Push,,Sagittal Plane,Upper Body,Push,Compound,Bodybuilding
Single Arm Kettlebell Bottoms Up Seated Overhead Press,Video Demonstration,,Intermediate,Shoulders,Anterior Deltoids,Triceps Brachii,Kettlebell,Bench (Flat),1,Seated,Single Arm,Bottoms Up,Overhead,Continuous,Vertical Push,,Sagittal Plane,Upper Body,Push,Compound,Bodybuilding
Macebell Offset Overhead Press,Video Demonstration,,Intermediate,Shoulders,Anterior Deltoids,Triceps Brachii,Macebell,None,0,Standing,Double Arm,Pronated,Overhead,Continuous,Vertical Push,Anti-Lateral Flexion,Sagittal Plane,Upper Body,Push,Compound,Unsorted*
Single Arm Dumbbell Sots Press,Video Demonstration,Video Explanation,Intermediate,Shoulders,Anterior Deltoids,Triceps Brachii,Dumbbell,None,0,Standing,Single Arm,Neutral,Overhead,Continuous,Vertical Push,,Sagittal Plane,Upper Body,Push,Compound,Bodybuilding
Double Dumbbell Sots Press,Video Demonstration,Video Explanation,Intermediate,Shoulders,Anterior Deltoids,Triceps Brachii,Dumbbell,None,0,Standing,Double Arm,Neutral,Overhead,Continuous,Vertical Push,,Sagittal Plane,Upper Body,Push,Compound,Bodybuilding
Single Arm Kettlebell Front Rack Alternating Cossack Squat,Video Demonstration,,Novice,Quadriceps,Quadriceps Femoris,Adductor Magnus,Kettlebell,None,0,Standing,Single Arm,Neutral,Front Rack,Alternating,Knee Dominant,,Frontal Plane,Lower Body,Push,Compound,Bodybuilding
Single Arm Kettlebell Ipsilateral Cossack Squat Thruster,Video Demonstration,,Intermediate,Shoulders,Anterior Deltoids,Quadriceps Femoris,Kettlebell,None,0,Standing,Single Arm,Pronated,Overhead,Continuous,Rotational,Knee Dominant,Frontal Plane,Full Body,Push,Compound,Bodybuilding
Kettlebell Goblet Foot Elevated Cossack Squat,Video Demonstration,,Novice,Quadriceps,Quadriceps Femoris,Adductor Magnus,Kettlebell,None,0,Standing,Double Arm,Goblet,Front Rack,Continuous,Knee Dominant,,Frontal Plane,Lower Body,Push,Compound,Bodybuilding
Double Dumbbell Overhead Alternating Step Up,Video Demonstration,,Intermediate,Quadriceps,Quadriceps Femoris,Gluteus Maximus,Dumbbell,Plyo Box,1,Standing,Double Arm,Neutral,Overhead,Alternating,Knee Dominant,,Sagittal Plane,Lower Body,Push,Compound,Bodybuilding
Single Arm Dumbbell Overhead Contralateral Step Up,Video Demonstration,,Intermediate,Quadriceps,Quadriceps Femoris,Gluteus Maximus,Dumbbell,Plyo Box,1,Standing,Single Arm,Neutral,Overhead,Continuous,Knee Dominant,,Sagittal Plane,Lower Body,Push,Compound,Bodybuilding
Barbell Overhead Alternating Step Up,Video Demonstration,,Advanced,Quadriceps,Quadriceps Femoris,Gluteus Maximus,Barbell,Plyo Box,1,Standing,Double Arm,Pronated,Overhead,Alternating,Knee Dominant,,Sagittal Plane,Lower Body,Push,Compound,Bodybuilding
Barbell Overhead Step Up,Video Demonstration,,Advanced,Quadriceps,Quadriceps Femoris,Gluteus Maximus,Barbell,Plyo Box,1,Standing,Double Arm,Pronated,Overhead,Continuous,Knee Dominant,,Sagittal Plane,Lower Body,Push,Compound,Bodybuilding
Single Arm Dumbbell Suitcase Contralateral Step Up,Video Demonstration,,Novice,Quadriceps,Quadriceps Femoris,Gluteus Maximus,Dumbbell,Plyo Box,1,Standing,Single Arm,Neutral,Suitcase,Continuous,Knee Dominant,Anti-Lateral Flexion,Sagittal Plane,Lower Body,Push,Compound,Bodybuilding
Single Arm Dumbbell Suitcase Ipsilateral Step Up,Video Demonstration,,Novice,Quadriceps,Quadriceps Femoris,Gluteus Maximus,Dumbbell,Plyo Box,1,Standing,Single Arm,Neutral,Suitcase,Continuous,Knee Dominant,Anti-Lateral Flexion,Sagittal Plane,Lower Body,Push,Compound,Bodybuilding
Single Arm Dumbbell Overhead Ipsilateral Step Up,Video Demonstration,,Intermediate,Quadriceps,Quadriceps Femoris,Gluteus Maximus,Dumbbell,Plyo Box,1,Standing,Single Arm,Neutral,Overhead,Continuous,Knee Dominant,,Sagittal Plane,Lower Body,Push,Compound,Bodybuilding
Single Arm Kettlebell Bottoms Up Overhead Alternating Cossack Squat,,,Intermediate,Quadriceps,Quadriceps Femoris,Adductor Magnus,Kettlebell,None,0,Standing,Single Arm,Bottoms Up,Overhead,Alternating,Knee Dominant,,Frontal Plane,Lower Body,Push,Compound,Bodybuilding
Kettlebell Goblet Low Switch Cossack Squat,Video Demonstration,,Intermediate,Quadriceps,Quadriceps Femoris,Adductor Magnus,Kettlebell,None,0,Standing,Double Arm,Goblet,Front Rack,Alternating,Knee Dominant,,Frontal Plane,Lower Body,Push,Compound,Bodybuilding
Kettlebell Low Hold Cossack Squat,Video Demonstration,,Novice,Quadriceps,Quadriceps Femoris,Adductor Magnus,Kettlebell,None,0,Standing,Double Arm,Pronated,Low Hold,Continuous,Knee Dominant,,Frontal Plane,Lower Body,Push,Compound,Bodybuilding
Kettlebell Low Hold Alternating Cossack Squat,Video Demonstration,,Novice,Quadriceps,Quadriceps Femoris,Adductor Magnus,Kettlebell,None,0,Standing,Double Arm,Pronated,Low Hold,Alternating,Knee Dominant,,Frontal Plane,Lower Body,Push,Compound,Bodybuilding
Single Arm Kettlebell Front Rack Ipsilateral Cossack Squat,Video Demonstration,,Novice,Quadriceps,Quadriceps Femoris,Adductor Magnus,Kettlebell,None,0,Standing,Single Arm,Neutral,Front Rack,Continuous,Knee Dominant,,Frontal Plane,Lower Body,Push,Compound,Bodybuilding
Double Kettlebell Front Rack Carry,Video Demonstration,,Novice,Abdominals,Rectus Abdominis,,Kettlebell,None,0,Walking,Double Arm,Neutral,Front Rack,Alternating,Loaded Carry,,Sagittal Plane,Full Body,Other,Compound,Unsorted*
Double Kettlebell Overhead Carry,Video Demonstration,,Intermediate,Shoulders,Anterior Deltoids,Obliques,Kettlebell,None,0,Walking,Double Arm,Pronated,Overhead,Alternating,Loaded Carry,,Sagittal Plane,Full Body,Other,Compound,Unsorted*
Double Kettlebell Bottoms Up Overhead Carry,Video Demonstration,,Advanced,Shoulders,Anterior Deltoids,Obliques,Kettlebell,None,0,Walking,Double Arm,Bottoms Up,Overhead,Alternating,Loaded Carry,,Sagittal Plane,Full Body,Other,Compound,Unsorted*
Single Arm Kettlebell Overhead Carry,Video Demonstration,Video Explanation,Intermediate,Shoulders,Anterior Deltoids,Obliques,Kettlebell,None,0,Walking,Single Arm,Pronated,Overhead,Alternating,Loaded Carry,,Sagittal Plane,Full Body,Other,Compound,Unsorted*
Single Arm Kettlebell Bottoms Up Overhead Carry,Video Demonstration,,Advanced,Shoulders,Anterior Deltoids,Obliques,Kettlebell,None,0,Walking,Single Arm,Bottoms Up,Overhead,Alternating,Loaded Carry,,Sagittal Plane,Full Body,Other,Compound,Unsorted*
Single Arm Kettlebell Half Kneeling Bent Press,Video Demonstration,,Intermediate,Shoulders,Anterior Deltoids,Triceps Brachii,Kettlebell,None,0,Half Kneeling,Single Arm,Pronated,Overhead,Continuous,Rotational,Vertical Push,Transverse Plane,Full Body,Push,Compound,Grinds
Double Clubbell Order Step Up,,,Novice,Quadriceps,Quadriceps Femoris,Gluteus Maximus,Clubbell,Plyo Box,1,Standing,Double Arm,Neutral,Order,Continuous,Knee Dominant,,Sagittal Plane,Lower Body,Push,Compound,Bodybuilding
Double Clubbell Order Alternating Step Up,,,Novice,Quadriceps,Quadriceps Femoris,Gluteus Maximus,Clubbell,Plyo Box,1,Standing,Double Arm,Neutral,Order,Alternating,Knee Dominant,,Sagittal Plane,Lower Body,Push,Compound,Bodybuilding
Single Arm Clubbell Order Contralateral Step Up,,,Novice,Quadriceps,Quadriceps Femoris,Gluteus Maximus,Clubbell,Plyo Box,1,Standing,Single Arm,Neutral,Order,Continuous,Knee Dominant,,Sagittal Plane,Lower Body,Push,Compound,Bodybuilding
Single Arm Clubbell Order Ipsilateral Step Up,,,Novice,Quadriceps,Quadriceps Femoris,Gluteus Maximus,Clubbell,Plyo Box,1,Standing,Single Arm,Neutral,Order,Continuous,Knee Dominant,,Sagittal Plane,Lower Body,Push,Compound,Bodybuilding
Bar Advanced Tuck Back Lever,Video Demonstration,Video Explanation,Advanced,Abdominals,Rectus Abdominis,,Pull Up Bar,None,0,Hanging,Double Arm,Pronated,No Load,Continuous,Isometric Hold,,Sagittal Plane,Full Body,Other,Compound,Calisthenics
Bar Advanced Tuck Front Lever,,Video Explanation,Advanced,Abdominals,Rectus Abdominis,,Pull Up Bar,None,0,Hanging,Double Arm,Pronated,No Load,Continuous,Isometric Hold,,Sagittal Plane,Full Body,Other,Compound,Calisthenics
Alternating Double Dumbbell Sots Press,Video Demonstration,,Intermediate,Shoulders,Anterior Deltoids,Triceps Brachii,Dumbbell,None,0,Standing,Double Arm,Neutral,Overhead,Continuous,Vertical Push,,Sagittal Plane,Upper Body,Push,Compound,Bodybuilding
Double Dumbbell Seesaw Sots Press,,,Intermediate,Shoulders,Anterior Deltoids,Triceps Brachii,Dumbbell,None,0,Standing,Double Arm,Neutral,Overhead,Continuous,Vertical Push,,Sagittal Plane,Upper Body,Push,Compound,Bodybuilding
Suspension Single Leg Standing Bent Knee Mid Row,Video Demonstration,,Intermediate,Back,Latissimus Dorsi,,Suspension Trainer,None,0,Single Leg Standing Bent Knee,Double Arm,Pronated,No Load,Continuous,Horizontal Pull,,Sagittal Plane,Upper Body,Pull,Compound,Balance
Bar Circle Front Lever,Video Demonstration,,Expert,Abdominals,Rectus Abdominis,,Pull Up Bar,None,0,Hanging,Double Arm,Pronated,No Load,Continuous,Isometric Hold,,Transverse Plane,Full Body,Other,Compound,Calisthenics
Suspension Single Leg Standing Bent Knee Low Row,Video Demonstration,,Intermediate,Back,Latissimus Dorsi,,Suspension Trainer,None,0,Single Leg Standing Bent Knee,Double Arm,Neutral,No Load,Continuous,Horizontal Pull,,Sagittal Plane,Upper Body,Pull,Compound,Balance
Single Arm Suspension Rotational Row,Video Demonstration,Video Explanation,Intermediate,Back,Latissimus Dorsi,Biceps Brachii,Suspension Trainer,None,0,Standing,Single Arm,Neutral,No Load,Continuous,Rotational,Horizontal Pull,Sagittal Plane,Upper Body,Pull,Compound,Unsorted*
Alternating Double Indian Club Outer Heart Shaped Swing,Video Demonstration,,Intermediate,Shoulders,Posterior Deltoids,,Indian Club,None,0,Standing,Double Arm,Neutral,Other,Continuous,Shoulder External Rotation,,Transverse Plane,Upper Body,Unsorted*,Compound,Mobility
Double Indian Club Parallel Swing,Video Demonstration,,Intermediate,Shoulders,Posterior Deltoids,,Indian Club,None,0,Standing,Double Arm,Neutral,Other,Continuous,Unsorted*,,Transverse Plane,Upper Body,Unsorted*,Compound,Mobility
Suspension Feet Elevated Decline Push Up,Video Demonstration,,Intermediate,Chest,Pectoralis Major,Triceps Brachii,Suspension Trainer,None,0,Prone,Double Arm,Flat Palm,No Load,Continuous,Horizontal Push,,Sagittal Plane,Upper Body,Push,Compound,Unsorted*
Bar Front Lever Pull to Inverted Hang,,,Expert,Abdominals,Rectus Abdominis,,Pull Up Bar,None,0,Hanging,Double Arm,Pronated,No Load,Continuous,Isometric Hold,,Sagittal Plane,Full Body,Other,Compound,Calisthenics
Bar Full Back Lever,Video Demonstration,,Expert,Abdominals,Rectus Abdominis,,Pull Up Bar,None,0,Hanging,Double Arm,Pronated,No Load,Continuous,Isometric Hold,,Sagittal Plane,Full Body,Other,Compound,Calisthenics
Bar Full Front Lever,Video Demonstration,,Expert,Abdominals,Rectus Abdominis,,Pull Up Bar,None,0,Hanging,Double Arm,Pronated,No Load,Continuous,Isometric Hold,,Sagittal Plane,Full Body,Other,Compound,Calisthenics
Slider Atomic Push Up,Video Demonstration,Video Explanation,Intermediate,Chest,Pectoralis Major,Rectus Abdominis,Sliders,None,0,Prone,Double Arm,Flat Palm,No Load,Continuous,Horizontal Push,,Sagittal Plane,Upper Body,Push,Compound,Unsorted*
Slider Reach Push Up,Video Demonstration,,Intermediate,Chest,Pectoralis Major,Triceps Brachii,Sliders,None,0,Prone,Single Arm,Flat Palm,No Load,Continuous,Horizontal Push,,Sagittal Plane,Upper Body,Push,Compound,Unsorted*
Bar Half Lay Back Lever,Video Demonstration,,Advanced,Abdominals,Rectus Abdominis,,Pull Up Bar,None,0,Hanging,Double Arm,Pronated,No Load,Continuous,Isometric Hold,,Sagittal Plane,Full Body,Other,Compound,Calisthenics
Bar Half Lay Front Lever,Video Demonstration,,Advanced,Abdominals,Rectus Abdominis,,Pull Up Bar,None,0,Hanging,Double Arm,Pronated,No Load,Continuous,Isometric Hold,,Sagittal Plane,Full Body,Other,Compound,Calisthenics
Bar Hanging Knee Raise,Video Demonstration,,Intermediate,Abdominals,Rectus Abdominis,Iliopsoas,Pull Up Bar,None,0,Hanging,Double Arm,Pronated,No Load,Continuous,Spinal Flexion,,Sagittal Plane,Core,Other,Compound,Unsorted*
Bar Hanging Knees to Elbows,,Video Explanation,Advanced,Abdominals,Rectus Abdominis,Iliopsoas,Pull Up Bar,None,0,Hanging,Double Arm,Pronated,No Load,Continuous,Spinal Flexion,,Sagittal Plane,Core,Other,Compound,Unsorted*
Bar Hanging Knees to Wrists,,,Advanced,Abdominals,Rectus Abdominis,Iliopsoas,Pull Up Bar,None,0,Hanging,Double Arm,Pronated,No Load,Continuous,Spinal Flexion,,Sagittal Plane,Core,Other,Compound,Unsorted*
Bar Hanging Leg Raise,,,Advanced,Abdominals,Rectus Abdominis,Iliopsoas,Pull Up Bar,None,0,Hanging,Double Arm,Pronated,No Load,Continuous,Hip Flexion,,Sagittal Plane,Core,Other,Compound,Calisthenics
Bar Hanging Toes to Bar,Video Demonstration,Video Explanation,Advanced,Abdominals,Rectus Abdominis,Iliopsoas,Pull Up Bar,None,0,Hanging,Double Arm,Pronated,No Load,Continuous,Hip Flexion,,Sagittal Plane,Core,Other,Compound,Calisthenics
Bar Hanging Oblique Knee Raise,Video Demonstration,,Intermediate,Abdominals,Obliques,Rectus Abdominis,Pull Up Bar,None,0,Hanging,Double Arm,Pronated,No Load,Continuous,Rotational,,Transverse Plane,Core,Other,Compound,Unsorted*
Bar Inverted Hang,,Video Explanation,Advanced,Abdominals,Rectus Abdominis,,Pull Up Bar,None,0,Hanging,Double Arm,Pronated,No Load,Continuous,Isometric Hold,,Sagittal Plane,Full Body,Other,Compound,Calisthenics
Bar Hanging L Sit Flutter Kicks,Video Demonstration,,Intermediate,Hip Flexors,Iliopsoas,Rectus Abdominis,Pull Up Bar,None,0,Hanging,Double Arm,Pronated,No Load,Alternating,Hip Flexion,Isometric Hold,Sagittal Plane,Core,Other,Compound,Unsorted*
Single Arm Kettlebell Half Kneeling Ipsilateral Overhead Press,Video Demonstration,,Intermediate,Shoulders,Anterior Deltoids,Triceps Brachii,Kettlebell,None,0,Half Kneeling,Single Arm,Pronated,Overhead,Continuous,Vertical Push,,Sagittal Plane,Upper Body,Push,Compound,Bodybuilding
Suspension Rotational Row,,,Intermediate,Back,Latissimus Dorsi,Biceps Brachii,Suspension Trainer,None,0,Standing,Double Arm,Neutral,No Load,Continuous,Rotational,Horizontal Pull,Transverse Plane,Upper Body,Pull,Compound,Unsorted*
Slider Alternating Reach Push Up,Video Demonstration,,Intermediate,Chest,Pectoralis Major,Triceps Brachii,Sliders,None,0,Prone,Double Arm,Flat Palm,No Load,Continuous,Horizontal Push,,Sagittal Plane,Upper Body,Push,Compound,Unsorted*
Alternating Single Arm Landmine Z Press,,,Intermediate,Shoulders,Anterior Deltoids,Triceps Brachii,Landmine,None,0,Seated Floor,Single Arm,Neutral,Overhead,Continuous,Vertical Push,,Sagittal Plane,Upper Body,Push,Compound,Bodybuilding
Single Arm Macebell Bull Whip,,,Intermediate,Shoulders,Posterior Deltoids,Rectus Abdominis,Macebell,None,0,Staggered Stance,Single Arm,Neutral,Behind Back,Continuous,Rotational,,Transverse Plane,Upper Body,Pull,Compound,Ballistics
Bar Single Leg Out Back Lever,Video Demonstration,,Advanced,Abdominals,Rectus Abdominis,,Pull Up Bar,None,0,Hanging,Double Arm,Pronated,No Load,Continuous,Isometric Hold,,Sagittal Plane,Full Body,Other,Compound,Calisthenics
Bar Single Leg Out Front Lever,Video Demonstration,,Advanced,Abdominals,Rectus Abdominis,,Pull Up Bar,None,0,Hanging,Double Arm,Pronated,No Load,Continuous,Isometric Hold,,Sagittal Plane,Full Body,Other,Compound,Calisthenics
Double Kettlebell Bottoms Up Push Press,,,Intermediate,Shoulders,Anterior Deltoids,Triceps Brachii,Kettlebell,None,0,Standing,Double Arm,Bottoms Up,Overhead,Continuous,Vertical Push,,Sagittal Plane,Upper Body,Push,Compound,Unsorted*
Bar Straddle Back Lever,Video Demonstration,,Expert,Abdominals,Rectus Abdominis,,Pull Up Bar,None,0,Hanging,Double Arm,Pronated,No Load,Continuous,Isometric Hold,,Sagittal Plane,Full Body,Other,Compound,Calisthenics
Bar Straddle Front Lever,,,Expert,Abdominals,Rectus Abdominis,,Pull Up Bar,None,0,Hanging,Double Arm,Pronated,No Load,Continuous,Isometric Hold,,Sagittal Plane,Full Body,Other,Compound,Calisthenics
Alternating Double Kettlebell Bottoms Up Push Press,,,Intermediate,Shoulders,Anterior Deltoids,Triceps Brachii,Kettlebell,None,0,Standing,Double Arm,Bottoms Up,Overhead,Continuous,Vertical Push,,Sagittal Plane,Upper Body,Push,Compound,Unsorted*
Alternating Double Kettlebell Bottoms Up Overhead Press,Video Demonstration,,Intermediate,Shoulders,Anterior Deltoids,Triceps Brachii,Kettlebell,None,0,Standing,Double Arm,Bottoms Up,Overhead,Continuous,Vertical Push,,Sagittal Plane,Upper Body,Push,Compound,Unsorted*
Bar Tuck Back Lever,Video Demonstration,,Advanced,Abdominals,Rectus Abdominis,,Pull Up Bar,None,0,Hanging,Double Arm,Pronated,No Load,Continuous,Isometric Hold,,Sagittal Plane,Full Body,Other,Compound,Calisthenics
Double Kettlebell Bottoms Up Seesaw Overhead Press,Video Demonstration,,Intermediate,Shoulders,Anterior Deltoids,Triceps Brachii,Kettlebell,None,0,Standing,Double Arm,Bottoms Up,Overhead,Continuous,Vertical Push,,Sagittal Plane,Upper Body,Push,Compound,Unsorted*
Bar Tuck Front Lever,Video Demonstration,,Advanced,Abdominals,Rectus Abdominis,,Pull Up Bar,None,0,Hanging,Double Arm,Pronated,No Load,Continuous,Isometric Hold,,Sagittal Plane,Full Body,Other,Compound,Calisthenics
Double Kettlebell Bottoms Up Half Kneeling Seesaw Overhead Press,,,Intermediate,Shoulders,Anterior Deltoids,Triceps Brachii,Kettlebell,None,0,Half Kneeling,Double Arm,Bottoms Up,Overhead,Continuous,Vertical Push,,Sagittal Plane,Upper Body,Push,Compound,Bodybuilding
Ring Full Planche Push Up,,,Grand Master,Chest,Pectoralis Major,Triceps Brachii,Gymnastic Rings,None,0,Prone,Double Arm,Supinated,No Load,Continuous,Horizontal Push,Isometric Hold,Sagittal Plane,Full Body,Push,Compound,Calisthenics
Ring Straddle Planche Push Up,,,Grand Master,Chest,Pectoralis Major,Triceps Brachii,Gymnastic Rings,None,0,Prone,Double Arm,Supinated,No Load,Continuous,Horizontal Push,Isometric Hold,Sagittal Plane,Full Body,Push,Compound,Calisthenics
Bodyweight Fingertip Full Planche Push Up,Video Demonstration,,Grand Master,Chest,Pectoralis Major,Triceps Brachii,Bodyweight,None,0,Prone,Double Arm,Fingertip,No Load,Continuous,Horizontal Push,Isometric Hold,Sagittal Plane,Full Body,Push,Compound,Calisthenics
Parallette Wall Supported Handstand Push Up,,,Expert,Shoulders,Anterior Deltoids,Triceps Brachii,Parallette Bars,None,0,Inverted,Double Arm,Neutral,No Load,Continuous,Vertical Push,,Sagittal Plane,Upper Body,Push,Compound,Calisthenics
Ring Grip Push Up,Video Demonstration,,Expert,Chest,Pectoralis Major,Triceps Brachii,Gymnastic Rings,None,0,Prone,Double Arm,Neutral,No Load,Continuous,Horizontal Push,,Sagittal Plane,Upper Body,Push,Compound,Calisthenics
Single Arm Barbell Overhead Press,Video Demonstration,,Expert,Shoulders,Anterior Deltoids,Triceps Brachii,Barbell,None,0,Standing,Single Arm,Pronated,Overhead,Continuous,Vertical Push,,Sagittal Plane,Upper Body,Push,Compound,Bodybuilding
Ring Shoulder Stand,Video Demonstration,Video Explanation,Expert,Shoulders,Anterior Deltoids,Triceps Brachii,Gymnastic Rings,None,0,Inverted,Double Arm,Neutral,No Load,Continuous,Isometric Hold,,Sagittal Plane,Upper Body,Other,Compound,Calisthenics
Ring Strap Handstand,Video Demonstration,,Expert,Shoulders,Anterior Deltoids,Triceps Brachii,Gymnastic Rings,None,0,Inverted,Double Arm,Neutral,No Load,Continuous,Isometric Hold,,Sagittal Plane,Upper Body,Other,Compound,Calisthenics
Ring Handstand,,Video Explanation,Expert,Shoulders,Anterior Deltoids,Triceps Brachii,Gymnastic Rings,None,0,Inverted,Double Arm,Neutral,No Load,Continuous,Isometric Hold,,Sagittal Plane,Upper Body,Other,Compound,Calisthenics
Ring Strap Handstand Push Up,Video Demonstration,Video Explanation,Expert,Shoulders,Anterior Deltoids,Triceps Brachii,Gymnastic Rings,None,0,Inverted,Double Arm,Neutral,No Load,Continuous,Vertical Push,,Sagittal Plane,Upper Body,Push,Compound,Calisthenics
Bodyweight Straddle Press Handstand ,Video Demonstration,,Expert,Shoulders,Anterior Deltoids,Triceps Brachii,Bodyweight,None,0,Inverted,Double Arm,Flat Palm,No Load,Continuous,Vertical Push,,Sagittal Plane,Upper Body,Push,Compound,Calisthenics
Bodyweight Alternating Step Up,Video Demonstration,,Novice,Quadriceps,Quadriceps Femoris,Gluteus Maximus,Bodyweight,Plyo Box,1,Standing,No Arms,No Grip,No Load,Alternating,Knee Dominant,,Sagittal Plane,Lower Body,Push,Compound,Calisthenics
Bodyweight Step Up,Video Demonstration,Video Explanation,Novice,Quadriceps,Quadriceps Femoris,Gluteus Maximus,Bodyweight,Plyo Box,1,Standing,No Arms,No Grip,No Load,Continuous,Knee Dominant,,Sagittal Plane,Lower Body,Push,Compound,Calisthenics
Macebell Order Cossack Squat,,,Novice,Quadriceps,Quadriceps Femoris,Adductor Magnus,Macebell,None,0,Standing,Double Arm,Neutral,Order,Continuous,Knee Dominant,,Frontal Plane,Lower Body,Push,Compound,Bodybuilding
Macebell Order Alternating Cossack Squat,,,Novice,Quadriceps,Quadriceps Femoris,Adductor Magnus,Macebell,None,0,Standing,Double Arm,Neutral,Order,Alternating,Knee Dominant,,Frontal Plane,Lower Body,Push,Compound,Bodybuilding
Macebell Order Low Switch Cossack Squat,,,Intermediate,Quadriceps,Quadriceps Femoris,Adductor Magnus,Macebell,None,0,Standing,Double Arm,Neutral,Order,Alternating,Knee Dominant,,Frontal Plane,Lower Body,Push,Compound,Bodybuilding
Macebell Order Foot Elevated Cossack Squat,,,Intermediate,Quadriceps,Quadriceps Femoris,Adductor Magnus,Macebell,None,0,Standing,Double Arm,Neutral,Order,Continuous,Knee Dominant,,Frontal Plane,Lower Body,Push,Compound,Bodybuilding
Bodyweight Pike Press Handstand,Video Demonstration,,Expert,Shoulders,Anterior Deltoids,Triceps Brachii,Bodyweight,None,0,Inverted,Double Arm,Flat Palm,No Load,Continuous,Vertical Push,,Sagittal Plane,Upper Body,Push,Compound,Calisthenics
Parallette L Sit to Straddle Press Handstand,Video Demonstration,,Expert,Shoulders,Anterior Deltoids,Triceps Brachii,Parallette Bars,None,0,Inverted,Double Arm,Neutral,No Load,Continuous,Vertical Push,,Sagittal Plane,Upper Body,Push,Compound,Calisthenics
Parallette L Sit to Pike Press Handstand,,Video Explanation,Expert,Shoulders,Anterior Deltoids,Triceps Brachii,Parallette Bars,None,0,Inverted,Double Arm,Neutral,No Load,Continuous,Vertical Push,,Sagittal Plane,Upper Body,Push,Compound,Calisthenics
Heavy Sandbag Clean to Push Press,Video Demonstration,,Intermediate,Shoulders,Anterior Deltoids,Triceps Brachii,Heavy Sandbag,None,0,Standing,Double Arm,Neutral,Overhead,Continuous,Vertical Push,Hip Hinge,Sagittal Plane,Full Body,Push,Compound,Unsorted*
Ring Tuck Front Lever Pull Up,Video Demonstration,Video Explanation,Expert,Back,Latissimus Dorsi,,Gymnastic Rings,None,0,Hanging,Double Arm,Pronated,No Load,Continuous,Horizontal Pull,,Sagittal Plane,Upper Body,Pull,Compound,Calisthenics
Ring Advanced Tuck Front Lever Pull Up,,,Expert,Back,Latissimus Dorsi,,Gymnastic Rings,None,0,Hanging,Double Arm,Pronated,No Load,Continuous,Horizontal Pull,,Sagittal Plane,Upper Body,Pull,Compound,Calisthenics
Double Kettlebell Suitcase Walking Lunge,Video Demonstration,,Novice,Quadriceps,Quadriceps Femoris,Gluteus Maximus,Kettlebell,None,0,Walking,Double Arm,Neutral,Suitcase,Alternating,Knee Dominant,,Sagittal Plane,Lower Body,Push,Compound,Bodybuilding
Double Clubbell Order March,,,Novice,Hip Flexors,Iliopsoas,Rectus Abdominis,Clubbell,None,0,March,Double Arm,Neutral,Order,Alternating,Locomotion,,Sagittal Plane,Core,Other,Compound,Balance
Single Arm Clubbell Order March,,,Novice,Hip Flexors,Iliopsoas,Rectus Abdominis,Clubbell,None,0,March,Single Arm,Neutral,Order,Alternating,Locomotion,,Sagittal Plane,Core,Other,Compound,Balance
Ring Straddle Front Lever Pull Up,,,Expert,Back,Latissimus Dorsi,,Gymnastic Rings,None,0,Hanging,Double Arm,Pronated,No Load,Continuous,Horizontal Pull,,Sagittal Plane,Upper Body,Pull,Compound,Calisthenics
Single Arm Ring Push Up,Video Demonstration,,Expert,Chest,Pectoralis Major,Triceps Brachii,Gymnastic Rings,None,0,Prone,Single Arm,Neutral,No Load,Continuous,Horizontal Push,Anti-Rotational ,Sagittal Plane,Upper Body,Push,Compound,Calisthenics
Ring L Sit Muscle Up,Video Demonstration,Video Explanation,Expert,Back,Latissimus Dorsi,Triceps Brachii,Gymnastic Rings,None,0,Hanging,Double Arm,False Grip,No Load,Continuous,Vertical Pull,Vertical Push,Sagittal Plane,Upper Body,Push & Pull,Compound,Calisthenics
Ring Strict Muscle Up,Video Demonstration,Video Explanation,Expert,Back,Latissimus Dorsi,Triceps Brachii,Gymnastic Rings,None,0,Hanging,Double Arm,False Grip,No Load,Continuous,Vertical Pull,Vertical Push,Sagittal Plane,Upper Body,Push & Pull,Compound,Calisthenics
Single Arm Kettlebell Suitcase Walking Lunge,Video Demonstration,,Novice,Quadriceps,Quadriceps Femoris,Triceps Brachii,Kettlebell,None,0,Walking,Single Arm,Neutral,Suitcase,Alternating,Knee Dominant,Anti-Lateral Flexion,Sagittal Plane,Lower Body,Push,Compound,Bodybuilding
Single Arm Kettlebell Front Rack Walking Lunge,Video Demonstration,,Novice,Quadriceps,Quadriceps Femoris,Gluteus Maximus,Kettlebell,None,0,Walking,Single Arm,Neutral,Front Rack,Alternating,Knee Dominant,,Sagittal Plane,Lower Body,Push,Compound,Bodybuilding
Single Arm Kettlebell Overhead Walking Lunge,Video Demonstration,,Intermediate,Quadriceps,Quadriceps Femoris,Gluteus Maximus,Kettlebell,None,0,Walking,Single Arm,Neutral,Overhead,Alternating,Knee Dominant,,Sagittal Plane,Lower Body,Push,Compound,Bodybuilding
Single Arm Kettlebell Bottoms Up Overhead Walking Lunge,Video Demonstration,,Advanced,Quadriceps,Quadriceps Femoris,Gluteus Maximus,Kettlebell,None,0,Walking,Single Arm,Bottoms Up,Overhead,Alternating,Knee Dominant,,Sagittal Plane,Lower Body,Push,Compound,Bodybuilding
Single Arm Landmine Isometric Split Squat Shoulder Press,,,Expert,Shoulders,Anterior Deltoids,,Landmine,None,0,Isometric Split Squat,Single Arm,Neutral,Overhead,Continuous,Vertical Push,,Sagittal Plane,Upper Body,Push,Compound,Balance
Single Arm Clubbell Inside Pendulum to Outside Pendulum,,Video Explanation,Intermediate,Abdominals,Obliques,Gluteus Maximus,Clubbell,None,0,Standing,Single Arm,Neutral,Other,Continuous,Rotational,,Transverse Plane,Full Body,Other,Compound,Ballistics
Clubbell Inside Pendulum,Video Demonstration,Video Explanation,Intermediate,Abdominals,Obliques,Gluteus Maximus,Clubbell,None,0,Standing,Double Arm,Neutral,Other,Continuous,Rotational,,Transverse Plane,Full Body,Other,Compound,Ballistics
Clubbell Inside Pendulum to Outside Pendulum,,Video Explanation,Intermediate,Abdominals,Obliques,Gluteus Maximus,Clubbell,None,0,Standing,Double Arm,Neutral,Other,Continuous,Rotational,,Transverse Plane,Full Body,Other,Compound,Ballistics
Single Arm Clubbell Outside Circle,,Video Explanation,Intermediate,Abdominals,Rectus Abdominis,Gluteus Maximus,Clubbell,None,0,Standing,Single Arm,Neutral,Other,Continuous,Rotational,,Transverse Plane,Full Body,Other,Compound,Ballistics
Alternating Double Clubbell Outside Circle,,Video Explanation,Intermediate,Abdominals,Rectus Abdominis,Gluteus Maximus,Clubbell,None,0,Standing,Double Arm,Neutral,Other,Continuous,Rotational,,Transverse Plane,Full Body,Other,Compound,Ballistics
Double Clubbell Inside Circle to Outside Circle,,Video Explanation,Intermediate,Abdominals,Rectus Abdominis,Gluteus Maximus,Clubbell,None,0,Standing,Double Arm,Neutral,Order,Continuous,Rotational,,Transverse Plane,Full Body,Other,Compound,Ballistics
Single Arm Kettlebell Bottoms Up Front Rack Squat,,,Intermediate,Quadriceps,Quadriceps Femoris,Gluteus Maximus,Kettlebell,None,0,Standing,Single Arm,Bottoms Up,Front Rack,Continuous,Knee Dominant,,Sagittal Plane,Lower Body,Push,Compound,Bodybuilding
Kettlebell Romanian Deadlift,Video Demonstration,,Beginner,Hamstrings,Biceps Femoris,Gluteus Maximus,Kettlebell,None,0,Standing,Double Arm,Pronated,Other,Continuous,Hip Hinge,,Sagittal Plane,Lower Body,Pull,Compound,Bodybuilding
Barbell Snatch Balance,Video Demonstration,Video Explanation,Advanced,Quadriceps,Quadriceps Femoris,Gluteus Maximus,Barbell,None,0,Standing,Double Arm,Pronated,Overhead,Continuous,Knee Dominant,,Sagittal Plane,Full Body,Unsorted*,Compound,Olympic Weightlifting 
Parallette Straddle Press to Handstand,Video Demonstration,,Expert,Shoulders,Anterior Deltoids,Triceps Brachii,Parallette Bars,None,0,Inverted,Double Arm,Neutral,No Load,Continuous,Vertical Push,,Sagittal Plane,Upper Body,Unsorted*,Compound,Calisthenics
Double Dumbbell Suitcase March,Video Demonstration,,Novice,Hip Flexors,Iliopsoas,Rectus Abdominis,Dumbbell,None,0,March,Double Arm,Neutral,Suitcase,Alternating,Locomotion,,Sagittal Plane,Core,Other,Compound,Balance
Single Arm Dumbbell Suitcase March,Video Demonstration,,Novice,Hip Flexors,Iliopsoas,Rectus Abdominis,Dumbbell,None,0,March,Single Arm,Neutral,Suitcase,Alternating,Locomotion,Anti-Lateral Flexion,Sagittal Plane,Core,Other,Compound,Balance
Double Dumbbell Front Rack March,Video Demonstration,,Novice,Hip Flexors,Iliopsoas,Rectus Abdominis,Dumbbell,None,0,March,Double Arm,Neutral,Front Rack,Alternating,Locomotion,,Sagittal Plane,Core,Other,Compound,Balance
Single Arm Dumbbell Front Rack March,Video Demonstration,,Novice,Hip Flexors,Iliopsoas,Rectus Abdominis,Dumbbell,None,0,March,Single Arm,Neutral,Front Rack,Alternating,Locomotion,,Sagittal Plane,Core,Other,Compound,Balance
Double Dumbbell Overhead March,Video Demonstration,,Intermediate,Hip Flexors,Iliopsoas,Rectus Abdominis,Dumbbell,None,0,March,Double Arm,Neutral,Overhead,Alternating,Locomotion,,Sagittal Plane,Core,Other,Compound,Balance
Single Arm Dumbbell Overhead March,Video Demonstration,Video Explanation,Intermediate,Hip Flexors,Iliopsoas,Rectus Abdominis,Dumbbell,None,0,March,Single Arm,Neutral,Overhead,Alternating,Locomotion,,Sagittal Plane,Core,Other,Compound,Balance
Barbell Front Rack March,Video Demonstration,,Novice,Hip Flexors,Iliopsoas,Rectus Abdominis,Barbell,None,0,March,Double Arm,Pronated,Front Rack,Alternating,Locomotion,,Sagittal Plane,Core,Other,Compound,Balance
Barbell Back Rack March,,Video Explanation,Novice,Hip Flexors,Iliopsoas,Rectus Abdominis,Barbell,None,0,March,Double Arm,Pronated,Back Rack,Alternating,Locomotion,,Sagittal Plane,Core,Other,Compound,Balance
Barbell Back Rack Alternating Forward Lunge,Video Demonstration,,Intermediate,Quadriceps,Quadriceps Femoris,Gluteus Maximus,Barbell,None,0,Standing,Double Arm,Pronated,Back Rack,Alternating,Knee Dominant,,Sagittal Plane,Lower Body,Push,Compound,Bodybuilding
Barbell Back Rack Alternating Reverse Lunge,Video Demonstration,,Intermediate,Quadriceps,Quadriceps Femoris,Gluteus Maximus,Barbell,None,0,Standing,Double Arm,Pronated,Back Rack,Alternating,Knee Dominant,,Sagittal Plane,Lower Body,Push,Compound,Bodybuilding
Barbell Overhead Alternating Lateral Lunge,,,Advanced,Quadriceps,Quadriceps Femoris,Gluteus Maximus,Barbell,None,0,Standing,Double Arm,Pronated,Overhead,Alternating,Knee Dominant,,Frontal Plane,Lower Body,Push,Compound,Bodybuilding
Barbell Front Rack Alternating Lateral Lunge,,,Intermediate,Quadriceps,Quadriceps Femoris,Gluteus Maximus,Barbell,None,0,Standing,Double Arm,Pronated,Front Rack,Alternating,Knee Dominant,,Frontal Plane,Lower Body,Push,Compound,Bodybuilding
Barbell Back Rack Alternating Lateral Lunge,,,Intermediate,Quadriceps,Quadriceps Femoris,Gluteus Maximus,Barbell,None,0,Standing,Double Arm,Pronated,Back Rack,Alternating,Knee Dominant,,Frontal Plane,Lower Body,Push,Compound,Bodybuilding
Kettlebell Single Leg Romanian Deadlift,Video Demonstration,,Intermediate,Hamstrings,Biceps Femoris,Gluteus Maximus,Kettlebell,None,0,Single Leg Standing,Double Arm,Neutral,Other,Continuous,Hip Hinge,,Sagittal Plane,Lower Body,Pull,Compound,Bodybuilding
Single Arm Ring Eccentric Chin Up ,Video Demonstration,,Expert,Biceps,Biceps Brachii,Latissimus Dorsi,Gymnastic Rings,None,0,Hanging,Single Arm,Supinated,No Load,Continuous,Vertical Pull,,Sagittal Plane,Upper Body,Pull,Compound,Calisthenics
Parallette Freestanding Handstand,Video Demonstration,Video Explanation,Expert,Shoulders,Anterior Deltoids,,Parallette Bars,None,0,Inverted,Double Arm,Neutral,No Load,Continuous,Isometric Hold,,Sagittal Plane,Upper Body,Other,Compound,Calisthenics
Ring Gironda Sternum Chin Up,Video Demonstration,Video Explanation,Expert,Biceps,Biceps Brachii,Latissimus Dorsi,Gymnastic Rings,None,0,Hanging,Double Arm,Supinated,No Load,Continuous,Vertical Pull,,Sagittal Plane,Upper Body,Pull,Compound,Calisthenics
Single Arm Kettlebell Front Rack Contralateral Pistol Squat,,,Advanced,Quadriceps,Quadriceps Femoris,Gluteus Maximus,Kettlebell,None,0,Single Leg Standing,Single Arm,Neutral,Front Rack,Continuous,Knee Dominant,,Sagittal Plane,Lower Body,Push,Compound,Balance
Single Arm Kettlebell Front Rack Ipsilateral Pistol Squat,Video Demonstration,,Advanced,Quadriceps,Quadriceps Femoris,Gluteus Maximus,Kettlebell,None,0,Single Leg Standing,Single Arm,Neutral,Front Rack,Continuous,Knee Dominant,,Sagittal Plane,Lower Body,Push,Compound,Balance
Single Arm Kettlebell Bottoms Up Front Rack Contralateral Pistol Squat,,,Expert,Quadriceps,Quadriceps Femoris,Gluteus Maximus,Kettlebell,None,0,Single Leg Standing,Single Arm,Bottoms Up,Front Rack,Continuous,Knee Dominant,,Sagittal Plane,Lower Body,Push,Compound,Balance
Single Arm Kettlebell Bottoms Up Front Rack Ipsilateral Pistol Squat,,,Expert,Quadriceps,Quadriceps Femoris,Gluteus Maximus,Kettlebell,None,0,Single Leg Standing,Single Arm,Bottoms Up,Front Rack,Continuous,Knee Dominant,,Sagittal Plane,Lower Body,Push,Compound,Balance
Kettlebell Horn Grip Pistol Squat,Video Demonstration,,Advanced,Quadriceps,Quadriceps Femoris,Gluteus Maximus,Kettlebell,None,0,Single Leg Standing,Double Arm,Horn Grip,Front Rack,Continuous,Knee Dominant,,Sagittal Plane,Lower Body,Push,Compound,Balance
Single Arm Kettlebell Overhead Contralateral Pistol Squat,,,Expert,Quadriceps,Quadriceps Femoris,Gluteus Maximus,Kettlebell,None,0,Single Leg Standing,Single Arm,Pronated,Overhead,Continuous,Knee Dominant,,Sagittal Plane,Lower Body,Push,Compound,Balance
Single Arm Kettlebell Overhead Ipsilateral Pistol Squat,,,Expert,Quadriceps,Quadriceps Femoris,Gluteus Maximus,Kettlebell,None,0,Single Leg Standing,Single Arm,Pronated,Overhead,Continuous,Knee Dominant,,Sagittal Plane,Lower Body,Push,Compound,Balance
Single Arm Kettlebell Bottoms Up Overhead Contralateral Pistol Squat,,,Expert,Quadriceps,Quadriceps Femoris,Gluteus Maximus,Kettlebell,None,0,Single Leg Standing,Single Arm,Bottoms Up,Overhead,Continuous,Knee Dominant,,Sagittal Plane,Lower Body,Push,Compound,Balance
Single Arm Kettlebell Bottoms Up Overhead Ipsilateral Pistol Squat,,,Expert,Quadriceps,Quadriceps Femoris,Gluteus Maximus,Kettlebell,None,0,Single Leg Standing,Single Arm,Bottoms Up,Overhead,Continuous,Knee Dominant,,Sagittal Plane,Lower Body,Push,Compound,Balance
Double Kettlebell L Sit,Video Demonstration,,Advanced,Abdominals,Rectus Abdominis,,Kettlebell,None,0,L Sit,Double Arm,Neutral,No Load,Continuous,Isometric Hold,,Sagittal Plane,Core,Other,Compound,Calisthenics
Double Kettlebell L Sit Lift Over,Video Demonstration,,Advanced,Abdominals,Rectus Abdominis,,Kettlebell,None,0,L Sit,Double Arm,Neutral,No Load,Continuous,Isometric Hold,,Frontal Plane,Core,Other,Compound,Calisthenics
Single Arm Kettlebell Bottoms Up Windmill,Video Demonstration,,Advanced,Abdominals,Obliques,Rectus Abdominis,Kettlebell,None,0,Standing,Single Arm,Bottoms Up,Overhead,Continuous,Rotational,,Transverse Plane,Core,Other,Compound,Grinds
Single Arm Kettlebell Bottoms Up Bent Press,,,Advanced,Shoulders,Anterior Deltoids,Triceps Brachii,Kettlebell,None,0,Standing,Single Arm,Bottoms Up,Overhead,Continuous,Rotational,Vertical Push,Transverse Plane,Full Body,Push,Compound,Grinds
Single Arm Kettlebell Bottoms Up Half Kneeling Bent Press,,,Advanced,Shoulders,Anterior Deltoids,Triceps Brachii,Kettlebell,None,0,Half Kneeling,Single Arm,Bottoms Up,Overhead,Continuous,Rotational,Vertical Push,Transverse Plane,Full Body,Push,Compound,Grinds
Ring L Sit Archer Pull Up,,,Expert,Back,Latissimus Dorsi,Biceps Brachii,Gymnastic Rings,None,0,Hanging,Double Arm,Pronated,No Load,Continuous,Vertical Pull,,Frontal Plane,Upper Body,Pull,Compound,Calisthenics
Double Kettlebell Overhead March,Video Demonstration,,Intermediate,Hip Flexors,Iliopsoas,Rectus Abdominis,Kettlebell,None,0,March,Double Arm,Pronated,Overhead,Alternating,Locomotion,,Sagittal Plane,Core,Other,Compound,Balance
Single Arm Kettlebell Overhead March,Video Demonstration,,Intermediate,Hip Flexors,Iliopsoas,Rectus Abdominis,Kettlebell,None,0,March,Single Arm,Pronated,Overhead,Alternating,Locomotion,,Sagittal Plane,Core,Other,Compound,Balance
Double Kettlebell Suitcase Alternating Forward Lunge,Video Demonstration,,Novice,Quadriceps,Quadriceps Femoris,Gluteus Maximus,Kettlebell,None,0,Standing,Double Arm,Neutral,Suitcase,Alternating,Knee Dominant,,Sagittal Plane,Lower Body,Push,Compound,Bodybuilding
Double Kettlebell Suitcase Alternating Lateral Lunge,Video Demonstration,,Novice,Quadriceps,Quadriceps Femoris,Gluteus Maximus,Kettlebell,None,0,Standing,Double Arm,Neutral,Suitcase,Alternating,Knee Dominant,,Frontal Plane,Lower Body,Push,Compound,Bodybuilding
Double Kettlebell Front Rack Alternating Lateral Lunge,Video Demonstration,Video Explanation,Novice,Quadriceps,Quadriceps Femoris,Gluteus Maximus,Kettlebell,None,0,Standing,Double Arm,Neutral,Front Rack,Alternating,Knee Dominant,,Frontal Plane,Lower Body,Push,Compound,Bodybuilding
Double Kettlebell Front Rack Alternating Forward Lunge,Video Demonstration,,Novice,Quadriceps,Quadriceps Femoris,Gluteus Maximus,Kettlebell,None,0,Standing,Double Arm,Neutral,Front Rack,Alternating,Knee Dominant,,Sagittal Plane,Lower Body,Push,Compound,Bodybuilding
Double Kettlebell Front Rack Alternating Reverse Lunge,Video Demonstration,,Novice,Quadriceps,Quadriceps Femoris,Gluteus Maximus,Kettlebell,None,0,Standing,Double Arm,Neutral,Front Rack,Alternating,Knee Dominant,,Sagittal Plane,Lower Body,Push,Compound,Bodybuilding
Double Kettlebell Bottoms Up Front Rack Alternating Lateral Lunge,,,Intermediate,Quadriceps,Quadriceps Femoris,Gluteus Maximus,Kettlebell,None,0,Standing,Double Arm,Bottoms Up,Front Rack,Alternating,Knee Dominant,,Frontal Plane,Lower Body,Push,Compound,Bodybuilding
Double Kettlebell Bottoms Up Front Rack Alternating Forward Lunge,,,Intermediate,Quadriceps,Quadriceps Femoris,Gluteus Maximus,Kettlebell,None,0,Standing,Double Arm,Bottoms Up,Front Rack,Alternating,Knee Dominant,,Sagittal Plane,Lower Body,Push,Compound,Bodybuilding
Double Kettlebell Bottoms Up Front Rack Alternating Reverse Lunge,Video Demonstration,,Intermediate,Quadriceps,Quadriceps Femoris,Gluteus Maximus,Kettlebell,None,0,Standing,Double Arm,Bottoms Up,Front Rack,Alternating,Knee Dominant,,Sagittal Plane,Lower Body,Push,Compound,Bodybuilding
Double Dumbbell Suitcase Alternating Lateral Lunge,Video Demonstration,,Novice,Quadriceps,Quadriceps Femoris,Gluteus Maximus,Dumbbell,None,0,Standing,Double Arm,Neutral,Suitcase,Alternating,Knee Dominant,,Frontal Plane,Lower Body,Push,Compound,Bodybuilding
Double Dumbbell Front Rack Alternating Lateral Lunge,Video Demonstration,,Novice,Quadriceps,Quadriceps Femoris,Gluteus Maximus,Dumbbell,None,0,Standing,Double Arm,Neutral,Front Rack,Alternating,Knee Dominant,,Frontal Plane,Lower Body,Push,Compound,Bodybuilding
Double Dumbbell Front Rack Alternating Forward Lunge,Video Demonstration,,Novice,Quadriceps,Quadriceps Femoris,Gluteus Maximus,Dumbbell,None,0,Standing,Double Arm,Neutral,Front Rack,Alternating,Knee Dominant,,Sagittal Plane,Lower Body,Push,Compound,Bodybuilding
Double Dumbbell Front Rack Alternating Reverse Lunge,Video Demonstration,,Novice,Quadriceps,Quadriceps Femoris,Gluteus Maximus,Dumbbell,None,0,Standing,Double Arm,Neutral,Front Rack,Alternating,Knee Dominant,,Sagittal Plane,Lower Body,Push,Compound,Bodybuilding
Double Dumbbell Overhead Alternating Lateral Lunge,,,Intermediate,Quadriceps,Quadriceps Femoris,Gluteus Maximus,Dumbbell,None,0,Standing,Double Arm,Neutral,Overhead,Alternating,Knee Dominant,,Frontal Plane,Lower Body,Push,Compound,Bodybuilding
Double Dumbbell Overhead Alternating Forward Lunge,Video Demonstration,Video Explanation,Intermediate,Quadriceps,Quadriceps Femoris,Gluteus Maximus,Dumbbell,None,0,Standing,Double Arm,Neutral,Overhead,Alternating,Knee Dominant,,Sagittal Plane,Lower Body,Push,Compound,Bodybuilding
Double Dumbbell Overhead Alternating Reverse Lunge,Video Demonstration,,Intermediate,Quadriceps,Quadriceps Femoris,Gluteus Maximus,Dumbbell,None,0,Standing,Double Arm,Neutral,Overhead,Alternating,Knee Dominant,,Sagittal Plane,Lower Body,Push,Compound,Bodybuilding
Single Arm Dumbbell Suitcase Alternating Forward Lunge,Video Demonstration,,Novice,Quadriceps,Quadriceps Femoris,Gluteus Maximus,Dumbbell,None,0,Standing,Single Arm,Neutral,Suitcase,Alternating,Knee Dominant,Anti-Lateral Flexion,Sagittal Plane,Lower Body,Push,Compound,Bodybuilding
Single Arm Dumbbell Suitcase Alternating Reverse Lunge,Video Demonstration,,Novice,Quadriceps,Quadriceps Femoris,Gluteus Maximus,Dumbbell,None,0,Standing,Single Arm,Neutral,Suitcase,Alternating,Knee Dominant,Anti-Lateral Flexion,Sagittal Plane,Lower Body,Push,Compound,Bodybuilding
Alternating Single Arm Dumbbell Low Hold Alternating Lateral Lunge,,,Novice,Quadriceps,Quadriceps Femoris,Gluteus Maximus,Dumbbell,None,0,Standing,Single Arm,Neutral,Low Hold,Alternating,Knee Dominant,,Frontal Plane,Lower Body,Push,Compound,Bodybuilding
Single Arm Dumbbell Front Rack Alternating Lateral Lunge,,,Novice,Quadriceps,Quadriceps Femoris,Gluteus Maximus,Dumbbell,None,0,Standing,Single Arm,Neutral,Front Rack,Alternating,Knee Dominant,,Frontal Plane,Lower Body,Push,Compound,Bodybuilding
Single Arm Dumbbell Front Rack Alternating Forward Lunge,Video Demonstration,,Novice,Quadriceps,Quadriceps Femoris,Gluteus Maximus,Dumbbell,None,0,Standing,Single Arm,Neutral,Front Rack,Alternating,Knee Dominant,,Sagittal Plane,Lower Body,Push,Compound,Bodybuilding
Single Arm Dumbbell Front Rack Alternating Reverse Lunge,Video Demonstration,,Novice,Quadriceps,Quadriceps Femoris,Gluteus Maximus,Dumbbell,None,0,Standing,Single Arm,Neutral,Front Rack,Alternating,Knee Dominant,,Sagittal Plane,Lower Body,Push,Compound,Bodybuilding
Single Arm Dumbbell Overhead Alternating Lateral Lunge,,,Intermediate,Quadriceps,Quadriceps Femoris,Gluteus Maximus,Dumbbell,None,0,Standing,Single Arm,Neutral,Overhead,Alternating,Knee Dominant,,Frontal Plane,Lower Body,Push,Compound,Bodybuilding
Single Arm Dumbbell Overhead Alternating Forward Lunge,Video Demonstration,,Intermediate,Quadriceps,Quadriceps Femoris,Gluteus Maximus,Dumbbell,None,0,Standing,Single Arm,Neutral,Overhead,Alternating,Knee Dominant,,Sagittal Plane,Lower Body,Push,Compound,Bodybuilding
Single Arm Dumbbell Overhead Alternating Reverse Lunge,Video Demonstration,,Intermediate,Quadriceps,Quadriceps Femoris,Gluteus Maximus,Dumbbell,None,0,Standing,Single Arm,Neutral,Overhead,Alternating,Knee Dominant,,Sagittal Plane,Lower Body,Push,Compound,Bodybuilding
Double Kettlebell Overhead Alternating Lateral Lunge,,,Intermediate,Quadriceps,Quadriceps Femoris,Gluteus Maximus,Kettlebell,None,0,Standing,Double Arm,Pronated,Overhead,Alternating,Knee Dominant,,Frontal Plane,Lower Body,Push,Compound,Bodybuilding
Double Kettlebell Overhead Alternating Forward Lunge,Video Demonstration,,Intermediate,Quadriceps,Quadriceps Femoris,Gluteus Maximus,Kettlebell,None,0,Standing,Double Arm,Pronated,Overhead,Alternating,Knee Dominant,,Sagittal Plane,Lower Body,Push,Compound,Bodybuilding
Double Kettlebell Overhead Alternating Reverse Lunge,Video Demonstration,,Intermediate,Quadriceps,Quadriceps Femoris,Gluteus Maximus,Kettlebell,None,0,Standing,Double Arm,Pronated,Overhead,Alternating,Knee Dominant,,Sagittal Plane,Lower Body,Push,Compound,Bodybuilding
Dumbbell Goblet Alternating Lateral Lunge,Video Demonstration,,Novice,Quadriceps,Quadriceps Femoris,Gluteus Maximus,Dumbbell,None,0,Standing,Double Arm,Goblet,Front Rack,Alternating,Knee Dominant,,Frontal Plane,Lower Body,Push,Compound,Bodybuilding
Dumbbell Goblet Alternating Forward Lunge,Video Demonstration,,Novice,Quadriceps,Quadriceps Femoris,Gluteus Maximus,Dumbbell,None,0,Standing,Double Arm,Goblet,Front Rack,Alternating,Knee Dominant,,Sagittal Plane,Lower Body,Push,Compound,Bodybuilding
Dumbbell Goblet Alternating Reverse Lunge,Video Demonstration,,Novice,Quadriceps,Quadriceps Femoris,Gluteus Maximus,Dumbbell,None,0,Standing,Double Arm,Goblet,Front Rack,Alternating,Knee Dominant,,Sagittal Plane,Lower Body,Push,Compound,Bodybuilding
Clubbell Order Alternating Lateral Lunge,,,Novice,Quadriceps,Quadriceps Femoris,Gluteus Maximus,Clubbell,None,0,Standing,Double Arm,Neutral,Order,Alternating,Knee Dominant,,Frontal Plane,Lower Body,Push,Compound,Bodybuilding
Clubbell Order Alternating Forward Lunge,,,Novice,Quadriceps,Quadriceps Femoris,Gluteus Maximus,Clubbell,None,0,Standing,Double Arm,Neutral,Order,Alternating,Knee Dominant,,Sagittal Plane,Lower Body,Push,Compound,Bodybuilding
Clubbell Order Alternating Reverse Lunge,,Video Explanation,Novice,Quadriceps,Quadriceps Femoris,Gluteus Maximus,Clubbell,None,0,Standing,Double Arm,Neutral,Order,Alternating,Knee Dominant,,Sagittal Plane,Lower Body,Push,Compound,Bodybuilding
Double Clubbell Order Alternating Lateral Lunge,,,Novice,Quadriceps,Quadriceps Femoris,Gluteus Maximus,Clubbell,None,0,Standing,Double Arm,Neutral,Order,Alternating,Knee Dominant,,Frontal Plane,Lower Body,Push,Compound,Bodybuilding
Double Clubbell Order Alternating Forward Lunge,,,Novice,Quadriceps,Quadriceps Femoris,Gluteus Maximus,Clubbell,None,0,Standing,Double Arm,Neutral,Order,Alternating,Knee Dominant,,Sagittal Plane,Lower Body,Push,Compound,Bodybuilding
Double Clubbell Order Alternating Reverse Lunge,,,Novice,Quadriceps,Quadriceps Femoris,Gluteus Maximus,Clubbell,None,0,Standing,Double Arm,Neutral,Order,Alternating,Knee Dominant,,Sagittal Plane,Lower Body,Push,Compound,Bodybuilding
Single Arm Clubbell Order Alternating Lateral Lunge,,,Novice,Quadriceps,Quadriceps Femoris,Gluteus Maximus,Clubbell,None,0,Standing,Single Arm,Neutral,Order,Alternating,Knee Dominant,,Frontal Plane,Lower Body,Push,Compound,Bodybuilding
Single Arm Clubbell Order Alternating Forward Lunge,,,Novice,Quadriceps,Quadriceps Femoris,Gluteus Maximus,Clubbell,None,0,Standing,Single Arm,Neutral,Order,Alternating,Knee Dominant,,Sagittal Plane,Lower Body,Push,Compound,Bodybuilding
Single Arm Clubbell Order Alternating Reverse Lunge,,,Novice,Quadriceps,Quadriceps Femoris,Gluteus Maximus,Clubbell,None,0,Standing,Single Arm,Neutral,Order,Alternating,Knee Dominant,,Sagittal Plane,Lower Body,Push,Compound,Bodybuilding
Landmine Low Hold Alternating Lateral Lunge,,,Novice,Quadriceps,Quadriceps Femoris,Gluteus Maximus,Landmine,None,0,Standing,Double Arm,Neutral,Low Hold,Alternating,Knee Dominant,,Frontal Plane,Lower Body,Push,Compound,Bodybuilding
Landmine Goblet Alternating Lateral Lunge,Video Demonstration,,Novice,Quadriceps,Quadriceps Femoris,Gluteus Maximus,Landmine,None,0,Standing,Double Arm,Goblet,Front Rack,Alternating,Knee Dominant,,Frontal Plane,Lower Body,Push,Compound,Bodybuilding
Landmine Goblet Alternating Reverse Lunge,Video Demonstration,,Novice,Quadriceps,Quadriceps Femoris,Gluteus Maximus,Landmine,None,0,Standing,Double Arm,Goblet,Front Rack,Alternating,Knee Dominant,,Sagittal Plane,Lower Body,Push,Compound,Bodybuilding
Macebell Order Alternating Lateral Lunge,,,Novice,Quadriceps,Quadriceps Femoris,Gluteus Maximus,Macebell,None,0,Standing,Double Arm,Neutral,Order,Alternating,Knee Dominant,,Frontal Plane,Lower Body,Push,Compound,Bodybuilding
Macebell Order Alternating Forward Lunge,,,Novice,Quadriceps,Quadriceps Femoris,Gluteus Maximus,Macebell,None,0,Standing,Double Arm,Neutral,Order,Alternating,Knee Dominant,,Sagittal Plane,Lower Body,Push,Compound,Bodybuilding
Macebell Order Alternating Reverse Lunge,,,Novice,Quadriceps,Quadriceps Femoris,Gluteus Maximus,Macebell,None,0,Standing,Double Arm,Neutral,Order,Alternating,Knee Dominant,,Sagittal Plane,Lower Body,Push,Compound,Bodybuilding
Double Kettlebell Bottoms Up Overhead Alternating Lateral Lunge,,,Advanced,Quadriceps,Quadriceps Femoris,Gluteus Maximus,Kettlebell,None,0,Standing,Double Arm,Bottoms Up,Overhead,Alternating,Knee Dominant,,Frontal Plane,Lower Body,Push,Compound,Bodybuilding
Double Kettlebell Bottoms Up Overhead Alternating Forward Lunge,,,Advanced,Quadriceps,Quadriceps Femoris,Gluteus Maximus,Kettlebell,None,0,Standing,Double Arm,Bottoms Up,Overhead,Alternating,Knee Dominant,,Sagittal Plane,Lower Body,Push,Compound,Bodybuilding
Double Kettlebell Bottoms Up Overhead Alternating Reverse Lunge,,,Advanced,Quadriceps,Quadriceps Femoris,Gluteus Maximus,Kettlebell,None,0,Standing,Double Arm,Bottoms Up,Overhead,Alternating,Knee Dominant,,Sagittal Plane,Lower Body,Push,Compound,Bodybuilding
Single Arm Kettlebell Suitcase Alternating Forward Lunge,Video Demonstration,,Novice,Quadriceps,Quadriceps Femoris,Gluteus Maximus,Kettlebell,None,0,Standing,Single Arm,Neutral,Suitcase,Alternating,Knee Dominant,Anti-Lateral Flexion,Sagittal Plane,Lower Body,Push,Compound,Bodybuilding
Double Dumbbell Front Rack Cyclist Squat,Video Demonstration,,Novice,Quadriceps,Quadriceps Femoris,Gluteus Maximus,Dumbbell,Slant Board,1,Standing,Double Arm,Neutral,Front Rack,Continuous,Knee Dominant,,Sagittal Plane,Lower Body,Push,Compound,Bodybuilding
Double Dumbbell Overhead Cyclist Squat,,,Intermediate,Quadriceps,Quadriceps Femoris,Gluteus Maximus,Dumbbell,Slant Board,1,Standing,Double Arm,Neutral,Overhead,Continuous,Knee Dominant,,Sagittal Plane,Lower Body,Push,Compound,Bodybuilding
Single Arm Dumbbell Front Rack Cyclist Squat,Video Demonstration,,Novice,Quadriceps,Quadriceps Femoris,Gluteus Maximus,Dumbbell,Slant Board,1,Standing,Single Arm,Neutral,Front Rack,Continuous,Knee Dominant,,Sagittal Plane,Lower Body,Push,Compound,Bodybuilding
Single Arm Dumbbell Overhead Cyclist Squat,Video Demonstration,,Intermediate,Quadriceps,Quadriceps Femoris,Gluteus Maximus,Dumbbell,Slant Board,1,Standing,Single Arm,Neutral,Overhead,Continuous,Knee Dominant,,Sagittal Plane,Lower Body,Push,Compound,Bodybuilding
Bodyweight Alternating Lateral Lunge,Video Demonstration,,Beginner,Quadriceps,Quadriceps Femoris,Gluteus Maximus,Bodyweight,None,0,Standing,No Arms,No Grip,No Load,Alternating,Knee Dominant,,Frontal Plane,Lower Body,Push,Compound,Bodybuilding
Bodyweight Alternating Forward Lunge,Video Demonstration,Video Explanation,Beginner,Quadriceps,Quadriceps Femoris,Gluteus Maximus,Bodyweight,None,0,Standing,No Arms,No Grip,No Load,Alternating,Knee Dominant,,Sagittal Plane,Lower Body,Push,Compound,Bodybuilding
Bodyweight Alternating Reverse Lunge,Video Demonstration,,Beginner,Quadriceps,Quadriceps Femoris,Gluteus Maximus,Bodyweight,None,0,Standing,No Arms,No Grip,No Load,Alternating,Knee Dominant,,Sagittal Plane,Lower Body,Push,Compound,Bodybuilding
Macebell Order Cyclist Squat,,,Novice,Quadriceps,Quadriceps Femoris,Gluteus Maximus,Macebell,Slant Board,1,Standing,Double Arm,Neutral,Order,Continuous,Knee Dominant,,Sagittal Plane,Lower Body,Push,Compound,Bodybuilding
Double Dumbbell Overhead Squat,Video Demonstration,,Intermediate,Quadriceps,Quadriceps Femoris,Gluteus Maximus,Dumbbell,None,0,Standing,Double Arm,Neutral,Overhead,Continuous,Knee Dominant,,Sagittal Plane,Lower Body,Push,Compound,Bodybuilding
Single Arm Dumbbell Overhead Squat,Video Demonstration,,Intermediate,Quadriceps,Quadriceps Femoris,Gluteus Maximus,Dumbbell,None,0,Standing,Single Arm,Neutral,Overhead,Continuous,Knee Dominant,,Sagittal Plane,Lower Body,Push,Compound,Bodybuilding
Macebell Order Squat,,,Beginner,Quadriceps,Quadriceps Femoris,Gluteus Maximus,Macebell,None,0,Standing,Double Arm,Neutral,Order,Continuous,Knee Dominant,,Sagittal Plane,Lower Body,Push,Compound,Unsorted*
Double Dumbbell Front Rack Bulgarian Split Squat,Video Demonstration,,Intermediate,Quadriceps,Quadriceps Femoris,Gluteus Maximus,Dumbbell,Bench (Flat),1,Single Leg Supported,Double Arm,Neutral,Front Rack,Continuous,Knee Dominant,,Sagittal Plane,Lower Body,Push,Compound,Bodybuilding
Double Dumbbell Overhead Bulgarian Split Squat,Video Demonstration,,Advanced,Quadriceps,Quadriceps Femoris,Gluteus Maximus,Dumbbell,Bench (Flat),1,Single Leg Supported,Double Arm,Neutral,Overhead,Continuous,Knee Dominant,,Sagittal Plane,Lower Body,Push,Compound,Bodybuilding
Single Arm Dumbbell Overhead Ipsilateral Bulgarian Split Squat,,,Advanced,Quadriceps,Quadriceps Femoris,Gluteus Maximus,Dumbbell,Bench (Flat),1,Single Leg Supported,Single Arm,Neutral,Overhead,Continuous,Knee Dominant,,Sagittal Plane,Lower Body,Push,Compound,Bodybuilding
Single Arm Dumbbell Suitcase Contralateral Bulgarian Split Squat,Video Demonstration,,Intermediate,Quadriceps,Quadriceps Femoris,Gluteus Maximus,Dumbbell,Bench (Flat),1,Single Leg Supported,Single Arm,Neutral,Suitcase,Continuous,Knee Dominant,Anti-Lateral Flexion,Sagittal Plane,Lower Body,Push,Compound,Bodybuilding
Single Arm Dumbbell Suitcase Ipsilateral Bulgarian Split Squat,Video Demonstration,,Intermediate,Quadriceps,Quadriceps Femoris,Gluteus Maximus,Dumbbell,Bench (Flat),1,Single Leg Supported,Single Arm,Neutral,Suitcase,Continuous,Knee Dominant,Anti-Lateral Flexion,Sagittal Plane,Lower Body,Push,Compound,Bodybuilding
Single Arm Dumbbell Front Rack Contralateral Bulgarian Split Squat,Video Demonstration,,Intermediate,Quadriceps,Quadriceps Femoris,Gluteus Maximus,Dumbbell,Bench (Flat),1,Single Leg Supported,Single Arm,Neutral,Front Rack,Continuous,Knee Dominant,,Sagittal Plane,Lower Body,Push,Compound,Bodybuilding
Single Arm Dumbbell Front Rack Ipsilateral Bulgarian Split Squat,Video Demonstration,,Intermediate,Quadriceps,Quadriceps Femoris,Gluteus Maximus,Dumbbell,Bench (Flat),1,Single Leg Supported,Single Arm,Neutral,Front Rack,Continuous,Knee Dominant,,Sagittal Plane,Lower Body,Push,Compound,Bodybuilding
Clubbell Order March,,,Novice,Hip Flexors,Iliopsoas,Rectus Abdominis,Clubbell,None,0,March,Double Arm,Neutral,Order,Alternating,Locomotion,,Sagittal Plane,Core,Other,Compound,Balance
Macebell Order Walking Lunge,,,Novice,Quadriceps,Quadriceps Femoris,Gluteus Maximus,Macebell,None,0,Walking,Double Arm,Neutral,Order,Alternating,Knee Dominant,,Sagittal Plane,Lower Body,Push,Compound,Bodybuilding
Suspension Alternating Lateral Lunge,Video Demonstration,,Beginner,Quadriceps,Quadriceps Femoris,Gluteus Maximus,Suspension Trainer,None,0,Standing,Double Arm,Neutral,Other,Alternating,Knee Dominant,,Frontal Plane,Lower Body,Push,Compound,Bodybuilding
Bulgarian Bag Back Rack Alternating Lateral Lunge,Video Demonstration,,Novice,Quadriceps,Quadriceps Femoris,Gluteus Maximus,Bulgarian Bag,None,0,Standing,Double Arm,Neutral,Back Rack,Alternating,Knee Dominant,,Frontal Plane,Lower Body,Push,Compound,Bodybuilding
Bulgarian Bag Back Rack Walking Lunge,Video Demonstration,,Novice,Quadriceps,Quadriceps Femoris,Gluteus Maximus,Bulgarian Bag,None,0,Walking,Double Arm,Neutral,Back Rack,Alternating,Knee Dominant,,Sagittal Plane,Lower Body,Push,Compound,Bodybuilding
Bulgarian Bag Back Rack Alternating Forward Lunge,Video Demonstration,Video Explanation,Novice,Quadriceps,Quadriceps Femoris,Gluteus Maximus,Bulgarian Bag,None,0,Standing,Double Arm,Neutral,Back Rack,Alternating,Knee Dominant,,Sagittal Plane,Lower Body,Push,Compound,Bodybuilding
Heavy Sandbag Bear Hug Alternating Lateral Lunge,,,Intermediate,Quadriceps,Quadriceps Femoris,Gluteus Maximus,Heavy Sandbag,None,0,Standing,Double Arm,Neutral,Bear Hug,Alternating,Knee Dominant,,Frontal Plane,Lower Body,Push,Compound,Unsorted*
Heavy Sandbag Shoulder Alternating Lateral Lunge,,,Intermediate,Quadriceps,Quadriceps Femoris,Gluteus Maximus,Heavy Sandbag,None,0,Standing,Double Arm,Neutral,Shoulder,Alternating,Knee Dominant,,Frontal Plane,Lower Body,Push,Compound,Unsorted*
Sandbag Front Rack Alternating Lateral Lunge,Video Demonstration,Video Explanation,Novice,Quadriceps,Quadriceps Femoris,Gluteus Maximus,Sandbag,None,0,Standing,Double Arm,Neutral,Front Rack,Alternating,Knee Dominant,,Frontal Plane,Lower Body,Push,Compound,Bodybuilding
Sandbag Front Rack Walking Lunge,Video Demonstration,,Novice,Quadriceps,Quadriceps Femoris,Gluteus Maximus,Sandbag,None,0,Walking,Double Arm,Neutral,Front Rack,Alternating,Knee Dominant,,Sagittal Plane,Lower Body,Push,Compound,Bodybuilding
Sandbag Front Rack Alternating Forward Lunge,Video Demonstration,Video Explanation,Novice,Quadriceps,Quadriceps Femoris,Gluteus Maximus,Sandbag,None,0,Standing,Double Arm,Neutral,Front Rack,Alternating,Knee Dominant,,Sagittal Plane,Lower Body,Push,Compound,Bodybuilding
Sandbag Front Rack Alternating Reverse Lunge,Video Demonstration,,Novice,Quadriceps,Quadriceps Femoris,Gluteus Maximus,Sandbag,None,0,Standing,Double Arm,Neutral,Front Rack,Alternating,Knee Dominant,,Sagittal Plane,Lower Body,Push,Compound,Bodybuilding
Plate Overhead Walking Lunge,Video Demonstration,,Intermediate,Quadriceps,Quadriceps Femoris,Gluteus Maximus,Weight Plate,None,0,Walking,Double Arm,Neutral,Overhead,Alternating,Knee Dominant,,Sagittal Plane,Lower Body,Push,Compound,Bodybuilding
Plate Overhead Alternating Lateral Lunge,,,Intermediate,Quadriceps,Quadriceps Femoris,Gluteus Maximus,Weight Plate,None,0,Standing,Double Arm,Neutral,Overhead,Alternating,Knee Dominant,,Frontal Plane,Lower Body,Push,Compound,Bodybuilding
Plate Overhead Alternating Forward Lunge,Video Demonstration,,Intermediate,Quadriceps,Quadriceps Femoris,Gluteus Maximus,Weight Plate,None,0,Standing,Double Arm,Neutral,Overhead,Alternating,Knee Dominant,,Sagittal Plane,Lower Body,Push,Compound,Bodybuilding
Plate Overhead Alternating Reverse Lunge,Video Demonstration,,Intermediate,Quadriceps,Quadriceps Femoris,Gluteus Maximus,Weight Plate,None,0,Standing,Double Arm,Neutral,Overhead,Alternating,Knee Dominant,,Sagittal Plane,Lower Body,Push,Compound,Bodybuilding
Barbell Single Leg Standing Bent Knee Overhead Press,,,Expert,Shoulders,Anterior Deltoids,Triceps Brachii,Barbell,None,0,Single Leg Standing Bent Knee,Double Arm,Pronated,Overhead,Continuous,Vertical Push,,Sagittal Plane,Upper Body,Push,Compound,Balance
Single Arm Barbell Single Leg Standing Bent Knee Contralateral Overhead Press ,,,Expert,Shoulders,Anterior Deltoids,Rectus Abdominis,Barbell,None,0,Single Leg Standing Bent Knee,Single Arm,Pronated,Overhead,Continuous,Vertical Push,,Sagittal Plane,Upper Body,Push,Compound,Balance
Bodyweight Tuck Planche,Video Demonstration,Video Explanation,Advanced,Abdominals,Rectus Abdominis,Biceps Brachii,Bodyweight,None,0,Other,Double Arm,Flat Palm,No Load,Continuous,Isometric Hold,,Sagittal Plane,Full Body,Other,Compound,Calisthenics
Single Arm Barbell Single Leg Standing Bent Knee Ipsilateral Overhead Press,,,Expert,Shoulders,Anterior Deltoids,Rectus Abdominis,Barbell,None,0,Single Leg Standing Bent Knee,Single Arm,Pronated,Overhead,Continuous,Vertical Push,,Sagittal Plane,Upper Body,Push,Compound,Balance
Double Kettlebell Push Up to L Sit,Video Demonstration,,Expert,Chest,Pectoralis Major,Rectus Abdominis,Kettlebell,None,0,Prone,Double Arm,Neutral,No Load,Continuous,Horizontal Push,Isometric Hold,Sagittal Plane,Upper Body,Push,Compound,Calisthenics
Bar Hanging L Sit,Video Demonstration,,Intermediate,Abdominals,Rectus Abdominis,,Pull Up Bar,None,0,Hanging,Double Arm,Pronated,No Load,Continuous,Isometric Hold,,Sagittal Plane,Core,Other,Compound,Calisthenics
Ring Hanging L Sit,Video Demonstration,Video Explanation,Intermediate,Abdominals,Rectus Abdominis,,Gymnastic Rings,None,0,Hanging,Double Arm,Pronated,No Load,Continuous,Isometric Hold,,Sagittal Plane,Core,Other,Compound,Calisthenics
Single Arm Bar Hanging L Sit ,Video Demonstration,,Advanced,Abdominals,Rectus Abdominis,,Pull Up Bar,None,0,Hanging,Single Arm,Pronated,No Load,Continuous,Isometric Hold,,Sagittal Plane,Core,Other,Compound,Calisthenics
Single Arm Ring Hanging L Sit,Video Demonstration,,Advanced,Abdominals,Rectus Abdominis,,Gymnastic Rings,None,0,Hanging,Single Arm,Pronated,No Load,Continuous,Isometric Hold,,Sagittal Plane,Core,Other,Compound,Calisthenics
Single Arm Kettlebell Suitcase Alternating Reverse Lunge,Video Demonstration,,Novice,Quadriceps,Quadriceps Femoris,Gluteus Maximus,Kettlebell,None,0,Standing,Single Arm,Neutral,Suitcase,Alternating,Knee Dominant,Anti-Lateral Flexion,Sagittal Plane,Lower Body,Push,Compound,Bodybuilding
Parallette L Sit Flutter Kicks,Video Demonstration,,Advanced,Hip Flexors,Iliopsoas,Rectus Abdominis,Parallette Bars,None,0,L Sit,Double Arm,Neutral,No Load,Alternating,Isometric Hold,,Sagittal Plane,Core,Other,Compound,Calisthenics
Bodyweight Single Arm Contralateral Single Leg Push Up,Video Demonstration,,Expert,Chest,Pectoralis Major,Rectus Abdominis,Bodyweight,None,0,Prone,Single Arm,Flat Palm,No Load,Continuous,Horizontal Push,,Sagittal Plane,Upper Body,Push,Compound,Calisthenics
Parallette Tuck Planche Push Up,Video Demonstration,,Expert,Chest,Pectoralis Major,Triceps Brachii,Parallette Bars,None,0,Other,Double Arm,Neutral,No Load,Continuous,Horizontal Push,Isometric Hold,Sagittal Plane,Full Body,Push,Compound,Calisthenics
Ring Maltese Push Up,Video Demonstration,,Expert,Chest,Pectoralis Major,Triceps Brachii,Gymnastic Rings,None,0,Prone,Double Arm,Supinated,No Load,Continuous,Horizontal Push,,Sagittal Plane,Upper Body,Push,Compound,Calisthenics
Ring Tuck Planche Push Up,,,Expert,Chest,Pectoralis Major,Triceps Brachii,Gymnastic Rings,None,0,Other,Double Arm,Neutral,No Load,Continuous,Horizontal Push,Isometric Hold,Sagittal Plane,Full Body,Push,Compound,Calisthenics
Parallette L Sit to Tuck Planche Push Up,,Video Explanation,Expert,Chest,Pectoralis Major,Triceps Brachii,Parallette Bars,None,0,Other,Double Arm,Neutral,No Load,Continuous,Horizontal Push,Isometric Hold,Sagittal Plane,Upper Body,Push,Compound,Calisthenics
Ring L Sit to Tuck Planche Push Up,,,Expert,Chest,Pectoralis Major,Triceps Brachii,Gymnastic Rings,None,0,Other,Double Arm,Neutral,No Load,Continuous,Horizontal Push,Isometric Hold,Sagittal Plane,Upper Body,Push,Compound,Calisthenics
Bar Advanced Tuck Front Lever Pull Up,Video Demonstration,,Expert,Back,Latissimus Dorsi,,Pull Up Bar,None,0,Hanging,Double Arm,Pronated,No Load,Continuous,Horizontal Pull,,Sagittal Plane,Upper Body,Pull,Compound,Calisthenics
Bar Gironda Sternum Chin Up,Video Demonstration,Video Explanation,Expert,Biceps,Biceps Brachii,Latissimus Dorsi,Pull Up Bar,None,0,Hanging,Double Arm,Supinated,No Load,Continuous,Vertical Pull,,Sagittal Plane,Upper Body,Pull,Compound,Calisthenics
Bar L Sit Archer Pull Up,,,Expert,Back,Latissimus Dorsi,Biceps Brachii,Pull Up Bar,None,0,Hanging,Double Arm,Pronated,No Load,Continuous,Vertical Pull,,Frontal Plane,Upper Body,Pull,Compound,Calisthenics
Bar Straddle Front Lever Pull Up,,,Expert,Back,Latissimus Dorsi,,Pull Up Bar,None,0,Hanging,Double Arm,Pronated,No Load,Continuous,Horizontal Pull,,Sagittal Plane,Upper Body,Pull,Compound,Calisthenics
Bar Strict Muscle Up,Video Demonstration,,Expert,Back,Latissimus Dorsi,Triceps Brachii,Pull Up Bar,None,0,Hanging,Double Arm,False Grip,No Load,Continuous,Vertical Pull,Vertical Push,Sagittal Plane,Upper Body,Push & Pull,Compound,Calisthenics
Bar Tuck Front Lever Pull Up,,,Expert,Back,Latissimus Dorsi,Triceps Brachii,Pull Up Bar,None,0,Hanging,Double Arm,Pronated,No Load,Continuous,Horizontal Pull,,Sagittal Plane,Upper Body,Pull,Compound,Calisthenics
Bodyweight Tuck Planche Push Up,Video Demonstration,Video Explanation,Expert,Chest,Pectoralis Major,Triceps Brachii,Bodyweight,None,0,Other,Double Arm,Flat Palm,No Load,Continuous,Horizontal Push,Isometric Hold,Sagittal Plane,Full Body,Push,Compound,Calisthenics
Double Clubbell Asynchronous Mill,Video Demonstration,,Expert,Shoulders,Posterior Deltoids,Gluteus Maximus,Clubbell,None,0,Standing,Double Arm,Neutral,Behind Back,Continuous,Rotational,,Transverse Plane,Upper Body,Pull,Compound,Ballistics
Clubbell Order Step Up,,,Novice,Quadriceps,Quadriceps Femoris,Gluteus Maximus,Clubbell,Plyo Box,1,Standing,Double Arm,Neutral,Order,Continuous,Knee Dominant,,Sagittal Plane,Lower Body,Push,Compound,Bodybuilding
Clubbell Order Alternating Step Up,,,Novice,Quadriceps,Quadriceps Femoris,Gluteus Maximus,Clubbell,Plyo Box,1,Standing,Double Arm,Neutral,Order,Alternating,Knee Dominant,,Sagittal Plane,Lower Body,Push,Compound,Bodybuilding
Bodyweight L Sit,Video Demonstration,Video Explanation,Expert,Abdominals,Rectus Abdominis,,Bodyweight,None,0,L Sit,Double Arm,Flat Palm,No Load,Continuous,Isometric Hold,,Sagittal Plane,Core,Other,Compound,Calisthenics
Bodyweight Single Arm L Sit,Video Demonstration,,Master,Abdominals,Rectus Abdominis,,Bodyweight,None,0,L Sit,Single Arm,Flat Palm,No Load,Continuous,Isometric Hold,,Sagittal Plane,Core,Other,Compound,Calisthenics
Alternating Single Arm Kettlebell Low Hold Alternating Lateral Lunge,Video Demonstration,Video Explanation,Novice,Quadriceps,Quadriceps Femoris,Gluteus Maximus,Kettlebell,None,0,Standing,Single Arm,Neutral,Low Hold,Alternating,Knee Dominant,,Frontal Plane,Lower Body,Push,Compound,Bodybuilding
Single Arm Kettlebell Front Rack Alternating Lateral Lunge,Video Demonstration,,Novice,Quadriceps,Quadriceps Femoris,Gluteus Maximus,Kettlebell,None,0,Standing,Single Arm,Neutral,Front Rack,Alternating,Knee Dominant,,Frontal Plane,Lower Body,Push,Compound,Bodybuilding
Single Arm Kettlebell Front Rack Alternating Forward Lunge,Video Demonstration,,Novice,Quadriceps,Quadriceps Femoris,Gluteus Maximus,Kettlebell,None,0,Standing,Single Arm,Neutral,Front Rack,Alternating,Knee Dominant,,Sagittal Plane,Lower Body,Push,Compound,Bodybuilding
Single Arm Kettlebell Front Rack Alternating Reverse Lunge,Video Demonstration,,Novice,Quadriceps,Quadriceps Femoris,Gluteus Maximus,Kettlebell,None,0,Standing,Single Arm,Neutral,Front Rack,Alternating,Knee Dominant,,Sagittal Plane,Lower Body,Push,Compound,Bodybuilding
Single Arm Kettlebell Bottoms Up Front Rack Alternating Lateral Lunge,,,Intermediate,Quadriceps,Quadriceps Femoris,Gluteus Maximus,Kettlebell,None,0,Standing,Single Arm,Bottoms Up,Front Rack,Alternating,Knee Dominant,,Frontal Plane,Lower Body,Push,Compound,Bodybuilding
Single Arm Kettlebell Bottoms Up Front Rack Alternating Forward Lunge,Video Demonstration,,Intermediate,Quadriceps,Quadriceps Femoris,Gluteus Maximus,Kettlebell,None,0,Standing,Single Arm,Bottoms Up,Front Rack,Alternating,Knee Dominant,,Sagittal Plane,Lower Body,Push,Compound,Bodybuilding
Parallette V Sit to Pike Press Handstand,Video Demonstration,,Expert,Shoulders,Anterior Deltoids,Triceps Brachii,Parallette Bars,None,0,Inverted,Double Arm,Neutral,No Load,Continuous,Vertical Push,,Sagittal Plane,Upper Body,Push,Compound,Calisthenics
Ring Pseudo Planche Push Up,Video Demonstration,Video Explanation,Expert,Chest,Pectoralis Major,Anterior Deltoids,Gymnastic Rings,None,0,Prone,Double Arm,Neutral,No Load,Continuous,Horizontal Push,,Sagittal Plane,Upper Body,Push,Compound,Calisthenics
Single Arm Macebell Order Contralateral Cossack Squat,,,Novice,Quadriceps,Quadriceps Femoris,Adductor Magnus,Macebell,None,0,Standing,Single Arm,Neutral,Order,Continuous,Knee Dominant,,Frontal Plane,Lower Body,Push,Compound,Bodybuilding
Single Arm Macebell Order Low Switch Cossack Squat,,,Intermediate,Quadriceps,Quadriceps Femoris,Adductor Magnus,Macebell,None,0,Standing,Single Arm,Neutral,Order,Alternating,Knee Dominant,,Frontal Plane,Lower Body,Push,Compound,Bodybuilding
Single Arm Macebell Order Alternating Cossack Squat,,,Novice,Quadriceps,Quadriceps Femoris,Adductor Magnus,Macebell,None,0,Standing,Single Arm,Neutral,Order,Alternating,Knee Dominant,,Frontal Plane,Lower Body,Push,Compound,Bodybuilding
Single Arm Macebell Order Foot Elevated Contralateral Cossack Squat,,,Intermediate,Quadriceps,Quadriceps Femoris,Adductor Magnus,Macebell,None,0,Standing,Single Arm,Neutral,Order,Continuous,Knee Dominant,,Frontal Plane,Lower Body,Push,Compound,Bodybuilding
Stability Ball Feet Elevated Glute Bridge,Video Demonstration,,Novice,Glutes,Gluteus Maximus,Biceps Femoris,Stability Ball,None,0,Bridge,No Arms,No Grip,No Load,Continuous,Hip Extension,,Sagittal Plane,Lower Body,Unsorted*,Compound,Bodybuilding
Bodyweight Mountain Climber,Video Demonstration,Video Explanation,Novice,Abdominals,Rectus Abdominis,Iliopsoas,Bodyweight,None,0,Prone,Double Arm,Flat Palm,No Load,Alternating,Anti-Extension,Spinal Flexion,Sagittal Plane,Core,Other,Compound,Calisthenics
Suspension Feet Elevated Mountain Climber,Video Demonstration,Video Explanation,Intermediate,Abdominals,Rectus Abdominis,Iliopsoas,Suspension Trainer,None,0,Prone,Double Arm,Flat Palm,No Load,Alternating,Anti-Extension,Spinal Flexion,Sagittal Plane,Core,Other,Compound,Unsorted*
Bodyweight Straddle L Sit,Video Demonstration,Video Explanation,Expert,Abdominals,Rectus Abdominis,,Bodyweight,None,0,L Sit,Double Arm,Flat Palm,No Load,Continuous,Isometric Hold,,Sagittal Plane,Core,Other,Compound,Calisthenics
Single Arm Kettlebell Bottoms Up Front Rack Alternating Reverse Lunge,Video Demonstration,,Intermediate,Quadriceps,Quadriceps Femoris,Gluteus Maximus,Kettlebell,None,0,Standing,Single Arm,Bottoms Up,Front Rack,Alternating,Knee Dominant,,Sagittal Plane,Lower Body,Push,Compound,Bodybuilding
Bodyweight Cossack Squat,Video Demonstration,,Beginner,Quadriceps,Quadriceps Femoris,Adductor Magnus,Bodyweight,None,0,Standing,No Arms,No Grip,No Load,Continuous,Knee Dominant,,Frontal Plane,Lower Body,Push,Compound,Bodybuilding
Bodyweight Wall Facing Handstand Push Up,Video Demonstration,Video Explanation,Expert,Shoulders,Anterior Deltoids,Triceps Brachii,Bodyweight,None,0,Inverted,Double Arm,Flat Palm,No Load,Continuous,Vertical Push,,Sagittal Plane,Upper Body,Push,Compound,Calisthenics
Ring Pelican Push Up,Video Demonstration,Video Explanation,Expert,Chest,Pectoralis Major,Triceps Brachii,Gymnastic Rings,None,0,Prone,Double Arm,Supinated,No Load,Continuous,Horizontal Push,,Sagittal Plane,Upper Body,Push,Compound,Calisthenics
Barbell Back Rack Alternating Step Up,Video Demonstration,,Intermediate,Quadriceps,Quadriceps Femoris,Gluteus Maximus,Barbell,Plyo Box,1,Standing,Double Arm,Pronated,Back Rack,Alternating,Knee Dominant,,Sagittal Plane,Lower Body,Push,Compound,Bodybuilding
Barbell Front Rack Alternating Step Up,Video Demonstration,,Intermediate,Quadriceps,Quadriceps Femoris,Gluteus Maximus,Barbell,Plyo Box,1,Standing,Double Arm,Pronated,Front Rack,Alternating,Knee Dominant,,Sagittal Plane,Lower Body,Push,Compound,Bodybuilding
Ring Feet Elevated Pelican Push Up,Video Demonstration,,Expert,Chest,Pectoralis Major,Triceps Brachii,Gymnastic Rings,Bench (Flat),1,Prone,Double Arm,Supinated,No Load,Continuous,Horizontal Push,,Sagittal Plane,Upper Body,Push,Compound,Calisthenics
Suspension Pelican Push Up,,,Expert,Chest,Pectoralis Major,Triceps Brachii,Suspension Trainer,None,0,Prone,Double Arm,Neutral,No Load,Continuous,Horizontal Push,,Sagittal Plane,Upper Body,Push,Compound,Unsorted*
Ring Tuck L Sit,Video Demonstration,Video Explanation,Intermediate,Abdominals,Rectus Abdominis,,Gymnastic Rings,None,0,Tuck L Sit,Double Arm,Neutral,No Load,Continuous,Isometric Hold,,Sagittal Plane,Core,Other,Compound,Calisthenics
Ring Hanging Tuck L Sit,Video Demonstration,Video Explanation,Intermediate,Abdominals,Rectus Abdominis,,Gymnastic Rings,None,0,Hanging,Double Arm,Pronated,No Load,Continuous,Isometric Hold,,Sagittal Plane,Core,Other,Compound,Calisthenics
Bar Hanging Tuck L Sit,Video Demonstration,,Intermediate,Abdominals,Rectus Abdominis,,Pull Up Bar,None,0,Hanging,Double Arm,Pronated,No Load,Continuous,Isometric Hold,,Sagittal Plane,Core,Other,Compound,Calisthenics
Single Arm Kettlebell Overhead Alternating Lateral Lunge,,,Intermediate,Quadriceps,Quadriceps Femoris,Gluteus Maximus,Kettlebell,None,0,Standing,Single Arm,Pronated,Overhead,Alternating,Knee Dominant,,Frontal Plane,Lower Body,Push,Compound,Bodybuilding
Single Arm Kettlebell Overhead Alternating Forward Lunge,Video Demonstration,,Intermediate,Quadriceps,Quadriceps Femoris,Gluteus Maximus,Kettlebell,None,0,Standing,Single Arm,Pronated,Overhead,Alternating,Knee Dominant,,Sagittal Plane,Lower Body,Push,Compound,Bodybuilding
Ring Mountain Climber,Video Demonstration,Video Explanation,Intermediate,Abdominals,Rectus Abdominis,Iliopsoas,Gymnastic Rings,None,0,Prone,Double Arm,Neutral,No Load,Alternating,Anti-Extension,Spinal Flexion,Sagittal Plane,Core,Other,Compound,Calisthenics
Ring Feet Elevated Mountain Climber,Video Demonstration,,Intermediate,Abdominals,Rectus Abdominis,Iliopsoas,Gymnastic Rings,None,0,Prone,Double Arm,Flat Palm,No Load,Alternating,Anti-Extension,Spinal Flexion,Sagittal Plane,Core,Other,Compound,Calisthenics
Single Arm Kettlebell Overhead Alternating Reverse Lunge,Video Demonstration,,Intermediate,Quadriceps,Quadriceps Femoris,Gluteus Maximus,Kettlebell,None,0,Standing,Single Arm,Pronated,Overhead,Alternating,Knee Dominant,,Sagittal Plane,Lower Body,Push,Compound,Bodybuilding
Ring Dead Hang,Video Demonstration,,Beginner,Forearms,Brachioradialis,Latissimus Dorsi,Gymnastic Rings,None,0,Hanging,Double Arm,Pronated,No Load,Continuous,Isometric Hold,,Sagittal Plane,Upper Body,Other,Compound,Calisthenics
Parallette Kneeling Push Up,Video Demonstration,,Beginner,Chest,Pectoralis Major,,Parallette Bars,None,0,Kneeling,Double Arm,Neutral,No Load,Continuous,Horizontal Push,,Sagittal Plane,Upper Body,Push,Compound,Calisthenics
Clubbell Outside Circle,Video Demonstration,Video Explanation,Intermediate,Abdominals,Rectus Abdominis,Gluteus Maximus,Clubbell,None,0,Standing,Double Arm,Neutral,Other,Continuous,Rotational,,Transverse Plane,Full Body,Other,Compound,Ballistics
Single Arm Macebell Order Carry,,,Novice,Forearms,Brachioradialis,Rectus Abdominis,Macebell,None,0,Walking,Single Arm,Neutral,Order,Alternating,Loaded Carry,,Sagittal Plane,Full Body,Other,Compound,Unsorted*
Clubbell Order Carry,,,Novice,Forearms,Brachioradialis,Rectus Abdominis,Clubbell,None,0,Walking,Double Arm,Neutral,Order,Alternating,Loaded Carry,,Sagittal Plane,Full Body,Other,Compound,Unsorted*
Macebell Order Carry,,,Novice,Forearms,Brachioradialis,Rectus Abdominis,Macebell,None,0,Walking,Double Arm,Neutral,Order,Alternating,Loaded Carry,,Sagittal Plane,Full Body,Other,Compound,Unsorted*
Macebell Order March,,,Novice,Hip Flexors,Iliopsoas,Rectus Abdominis,Macebell,None,0,March,Double Arm,Neutral,Order,Alternating,Locomotion,,Sagittal Plane,Core,Other,Compound,Balance
Single Arm Macebell Order March,,,Novice,Hip Flexors,Iliopsoas,Rectus Abdominis,Macebell,None,0,March,Single Arm,Neutral,Order,Alternating,Locomotion,,Sagittal Plane,Core,Other,Compound,Balance
Single Arm Kettlebell Bottoms Up Overhead Alternating Lateral Lunge,,,Advanced,Quadriceps,Quadriceps Femoris,Gluteus Maximus,Kettlebell,None,0,Standing,Single Arm,Bottoms Up,Overhead,Alternating,Knee Dominant,,Frontal Plane,Lower Body,Push,Compound,Bodybuilding
Single Arm Kettlebell Bottoms Up Overhead Alternating Forward Lunge,,,Advanced,Quadriceps,Quadriceps Femoris,Gluteus Maximus,Kettlebell,None,0,Standing,Single Arm,Bottoms Up,Overhead,Alternating,Knee Dominant,,Sagittal Plane,Lower Body,Push,Compound,Bodybuilding
Single Arm Kettlebell Bottoms Up Overhead Alternating Reverse Lunge,Video Demonstration,,Advanced,Quadriceps,Quadriceps Femoris,Gluteus Maximus,Kettlebell,None,0,Standing,Single Arm,Bottoms Up,Overhead,Alternating,Knee Dominant,,Sagittal Plane,Lower Body,Push,Compound,Bodybuilding
Stability Ball T's Y's I's ,Video Demonstration,Video Explanation,Beginner,Shoulders,Posterior Deltoids,,Stability Ball,None,0,Prone,Double Arm,No Grip,No Load,Continuous,Horizontal Pull,,Frontal Plane,Upper Body,Pull,Isolation,Postural
Resistance Band Reverse Fly,Video Demonstration,Video Explanation,Beginner,Shoulders,Posterior Deltoids,,Resistance Band,None,0,Standing,Double Arm,Neutral,Other,Continuous,Horizontal Pull,,Frontal Plane,Upper Body,Pull,Isolation,Unsorted*
Resistance Band Lateral Raise,Video Demonstration,,Beginner,Shoulders,Lateral Deltoids,Anterior Deltoids,Resistance Band,None,0,Standing,Double Arm,Neutral,Other,Continuous,Shoulder Abduction,,Frontal Plane,Upper Body,Push,Isolation,Bodybuilding
Double Dumbbell Lateral Raise,Video Demonstration,Video Explanation,Beginner,Shoulders,Lateral Deltoids,Anterior Deltoids,Dumbbell,None,0,Standing,Double Arm,Neutral,Other,Continuous,Shoulder Abduction,,Frontal Plane,Upper Body,Push,Isolation,Bodybuilding
Single Arm Resistance Band Standing Shoulder External Rotation,,Video Explanation,Beginner,Shoulders,Posterior Deltoids,Infraspinatus,Resistance Band,None,0,Standing,Single Arm,Neutral,Other,Continuous,Shoulder External Rotation,,Transverse Plane,Upper Body,Pull,Isolation,Unsorted*
Double Dumbbell Seated Lateral Raise,Video Demonstration,Video Explanation,Beginner,Shoulders,Lateral Deltoids,Anterior Deltoids,Dumbbell,Bench (Flat),1,Seated,Double Arm,Neutral,Other,Continuous,Shoulder Abduction,,Frontal Plane,Upper Body,Push,Isolation,Bodybuilding
Single Arm Dumbbell Side Lying Shoulder External Rotation,Video Demonstration,Video Explanation,Beginner,Shoulders,Posterior Deltoids,Infraspinatus,Dumbbell,None,0,Side Lying,Single Arm,Neutral,Other,Continuous,Shoulder External Rotation,,Transverse Plane,Upper Body,Pull,Isolation,Unsorted*
Miniband Standing Shoulder External Rotation,Video Demonstration,Video Explanation,Beginner,Shoulders,Posterior Deltoids,Infraspinatus,Miniband,None,0,Standing,Double Arm,Neutral,No Load,Continuous,Shoulder External Rotation,,Transverse Plane,Upper Body,Pull,Isolation,Unsorted*
Single Arm Dumbbell Side Lying Shoulder Internal Rotation,,Video Explanation,Beginner,Shoulders,Subscapularis ,Teres Major,Dumbbell,None,0,Side Lying,Single Arm,Neutral,Other,Continuous,Shoulder Internal Rotation,,Transverse Plane,Upper Body,Unsorted*,Isolation,Unsorted*
Stability Ball Double Dumbbell Seated Arnold Press,Video Demonstration,,Beginner,Shoulders,Anterior Deltoids,Triceps Brachii,Stability Ball,Dumbbell,2,Seated,Double Arm,Pronated,Overhead,Continuous,Vertical Push,,Sagittal Plane,Upper Body,Push,Compound,Unsorted*
Single Arm Cable Lateral Raise,Video Demonstration,Video Explanation,Beginner,Shoulders,Lateral Deltoids,Anterior Deltoids,Cable,None,0,Standing,Single Arm,Pronated,Other,Continuous,Shoulder Abduction,,Frontal Plane,Upper Body,Push,Isolation,Bodybuilding
Double Dumbbell Seated Overhead Press,Video Demonstration,,Beginner,Shoulders,Anterior Deltoids,Triceps Brachii,Dumbbell,Bench (Flat),1,Seated,Double Arm,Neutral,Overhead,Continuous,Vertical Push,,Sagittal Plane,Upper Body,Push,Compound,Bodybuilding
Double Dumbbell Overhead Press,Video Demonstration,Video Explanation,Beginner,Shoulders,Anterior Deltoids,Triceps Brachii,Dumbbell,None,0,Standing,Double Arm,Neutral,Overhead,Continuous,Vertical Push,,Sagittal Plane,Upper Body,Push,Compound,Bodybuilding
Double Dumbbell Shrug,Video Demonstration,Video Explanation,Beginner,Trapezius,Upper Trapezius,Levator Scapulae,Dumbbell,None,0,Standing,Double Arm,Neutral,Suitcase,Continuous,Scapular Elevation,,Sagittal Plane,Upper Body,Pull,Isolation,Bodybuilding
Double Dumbbell Standing Scaption,Video Demonstration,Video Explanation,Beginner,Shoulders,Anterior Deltoids,Supraspinatus,Dumbbell,None,0,Standing,Double Arm,Neutral,Other,Continuous,Shoulder Scapular Plane Elevation,,,Upper Body,Unsorted*,Isolation,Unsorted*
EZ Bar Kneeling Rollout,Video Demonstration,Video Explanation,Intermediate,Abdominals,Rectus Abdominis,Latissimus Dorsi,EZ Bar,None,0,Kneeling,Double Arm,Pronated,Other,Continuous,Anti-Extension,,Sagittal Plane,Core,Other,Compound,Unsorted*
EZ Bar Standing Rollout,Video Demonstration,,Advanced,Abdominals,Rectus Abdominis,Latissimus Dorsi,EZ Bar,None,0,Standing,Double Arm,Pronated,Other,Continuous,Anti-Extension,,Sagittal Plane,Core,Other,Compound,Unsorted*
Double Dumbbell Seated Scaption,Video Demonstration,,Beginner,Shoulders,Anterior Deltoids,Supraspinatus,Dumbbell,Bench (Flat),1,Seated,Double Arm,Neutral,Other,Continuous,Shoulder Scapular Plane Elevation,,,Upper Body,Unsorted*,Isolation,Unsorted*
Stability Ball Double Dumbbell Seated Scaption,Video Demonstration,,Beginner,Shoulders,Anterior Deltoids,Supraspinatus,Stability Ball,Dumbbell,2,Seated,Double Arm,Neutral,Other,Continuous,Shoulder Scapular Plane Elevation,,,Upper Body,Unsorted*,Isolation,Unsorted*
Alternating Double Dumbbell Bicep Curl,Video Demonstration,Video Explanation,Beginner,Biceps,Biceps Brachii,Brachialis,Dumbbell,None,0,Standing,Double Arm,Supinated,Other,Continuous,Elbow Flexion,,Sagittal Plane,Upper Body,Pull,Isolation,Bodybuilding
Alternating Double Dumbbell Incline Bench Bicep Curl,Video Demonstration,Video Explanation,Beginner,Biceps,Biceps Brachii,Brachialis,Dumbbell,Bench (Incline),1,Seated,Double Arm,Supinated,Other,Continuous,Elbow Flexion,,Sagittal Plane,Upper Body,Pull,Isolation,Bodybuilding
Alternating Double Dumbbell Hammer Curl,Video Demonstration,,Beginner,Biceps,Biceps Brachii,Brachialis,Dumbbell,None,0,Standing,Double Arm,Neutral,Other,Continuous,Elbow Flexion,,Sagittal Plane,Upper Body,Pull,Isolation,Bodybuilding
Alternating Double Dumbbell Cross Body Hammer Curl,Video Demonstration,Video Explanation,Beginner,Biceps,Biceps Brachii,Brachialis,Dumbbell,None,0,Standing,Double Arm,Neutral,Other,Continuous,Elbow Flexion,,Frontal Plane,Upper Body,Pull,Isolation,Bodybuilding
Single Arm Dumbbell Incline Bench Preacher Curl,Video Demonstration,,Beginner,Biceps,Biceps Brachii,Brachialis,Dumbbell,Bench (Incline),1,Standing,Single Arm,Supinated,Other,Continuous,Elbow Flexion,,Sagittal Plane,Upper Body,Pull,Isolation,Bodybuilding
Dumbbell Crush Grip Bicep Curl,Video Demonstration,,Beginner,Biceps,Biceps Brachii,Brachialis,Dumbbell,None,0,Standing,Double Arm,Crush Grip,Other,Continuous,Elbow Flexion,,Sagittal Plane,Upper Body,Pull,Isolation,Bodybuilding
Double Dumbbell Zottman Curl,Video Demonstration,Video Explanation,Beginner,Biceps,Biceps Brachii,Brachioradialis,Dumbbell,None,0,Standing,Double Arm,Supinated,Other,Continuous,Elbow Flexion,,Sagittal Plane,Upper Body,Pull,Isolation,Bodybuilding
Dumbbell Waiter Curl,Video Demonstration,,Beginner,Biceps,Biceps Brachii,Brachialis,Dumbbell,None,0,Standing,Double Arm,Supinated,Other,Continuous,Elbow Flexion,,Sagittal Plane,Upper Body,Pull,Isolation,Bodybuilding
Cable Straight Bar Drag Curl,Video Demonstration,Video Explanation,Beginner,Biceps,Biceps Brachii,Brachialis,Cable,None,0,Standing,Double Arm,Supinated,Other,Continuous,Elbow Flexion,,Sagittal Plane,Upper Body,Pull,Isolation,Bodybuilding
Cable Rope Hammer Curl,Video Demonstration,Video Explanation,Beginner,Biceps,Biceps Brachii,Brachialis,Cable,None,0,Standing,Double Arm,Neutral,Other,Continuous,Elbow Flexion,,Sagittal Plane,Upper Body,Pull,Isolation,Bodybuilding
Kettlebell Goblet Alternating Lateral Lunge,Video Demonstration,,Novice,Quadriceps,Quadriceps Femoris,Gluteus Maximus,Kettlebell,None,0,Standing,Double Arm,Goblet,Front Rack,Alternating,Knee Dominant,,Frontal Plane,Lower Body,Push,Compound,Bodybuilding
Suspension Bicep Curl,Video Demonstration,Video Explanation,Beginner,Biceps,Biceps Brachii,Brachialis,Suspension Trainer,None,0,Standing,Double Arm,Supinated,No Load,Continuous,Elbow Flexion,,Sagittal Plane,Upper Body,Pull,Isolation,Unsorted*
Double Dumbbell Tricep Kickback,Video Demonstration,Video Explanation,Beginner,Triceps,Triceps Brachii ,,Dumbbell,None,0,Standing,Double Arm,Neutral,Other,Continuous,Elbow Extension,,Sagittal Plane,Upper Body,Push,Isolation,Bodybuilding
Tire Jump,Video Demonstration,,Intermediate,Quadriceps,Quadriceps Femoris,Gluteus Maximus,Tire,None,0,Standing,No Arms,No Grip,No Load,Continuous,Knee Dominant,,Sagittal Plane,Lower Body,Push,Compound,Plyometric
Tire Jump Through,Video Demonstration,,Intermediate,Quadriceps,Quadriceps Femoris,Gluteus Maximus,Tire,None,0,Standing,No Arms,No Grip,No Load,Continuous,Knee Dominant,,Sagittal Plane,Lower Body,Push,Compound,Plyometric
Tire Broad Jump,Video Demonstration,,Advanced,Quadriceps,Quadriceps Femoris,Gluteus Maximus,Tire,None,0,Standing,No Arms,No Grip,No Load,Continuous,Knee Dominant,,Sagittal Plane,Lower Body,Push,Compound,Plyometric
Tire Step Up,Video Demonstration,,Novice,Quadriceps,Quadriceps Femoris,Gluteus Maximus,Tire,None,0,Standing,No Arms,No Grip,No Load,Continuous,Knee Dominant,,Sagittal Plane,Lower Body,Push,Compound,Unsorted*
Tire Alternating Step Up,Video Demonstration,,Novice,Quadriceps,Quadriceps Femoris,Gluteus Maximus,Tire,None,0,Standing,No Arms,No Grip,No Load,Alternating,Knee Dominant,,Sagittal Plane,Lower Body,Push,Compound,Unsorted*
Tire Alternating Toe Taps Around the World,Video Demonstration,,Intermediate,Quadriceps,Quadriceps Femoris,Gluteus Maximus,Tire,None,0,Standing,No Arms,No Grip,No Load,Alternating,Knee Dominant,,Sagittal Plane,Lower Body,Push,Compound,Plyometric
Dumbbell Seated Overhead Tricep Extension,Video Demonstration,Video Explanation,Beginner,Triceps,Triceps Brachii ,Anterior Deltoids,Dumbbell,Bench (Flat),1,Seated,Double Arm,Flat Palm,Overhead,Continuous,Elbow Extension,,Sagittal Plane,Upper Body,Push,Isolation,Bodybuilding
Tire Lateral Jump Through,Video Demonstration,,Intermediate,Quadriceps,Quadriceps Femoris,Gluteus Maximus,Tire,None,0,Standing,No Arms,No Grip,No Load,Continuous,Knee Dominant,,Frontal Plane,Lower Body,Push,Compound,Plyometric
Tire Carry,Video Demonstration,Video Explanation,Intermediate,Forearms,Brachioradialis,Rectus Abdominis,Tire,None,0,Walking,Double Arm,Other,Suitcase,Alternating,Loaded Carry,,Sagittal Plane,Full Body,Other,Compound,Unsorted*
Dumbbell Overhead Tricep Extension,Video Demonstration,Video Explanation,Beginner,Triceps,Triceps Brachii ,Anterior Deltoids,Dumbbell,None,0,Standing,Double Arm,Flat Palm,Overhead,Continuous,Elbow Extension,,Sagittal Plane,Upper Body,Push,Isolation,Bodybuilding
Double Dumbbell Close Grip Floor Press,Video Demonstration,,Beginner,Triceps,Triceps Brachii ,Pectoralis Major,Dumbbell,None,0,Supine,Double Arm,Neutral,Above Chest,Continuous,Horizontal Push,,Sagittal Plane,Upper Body,Push,Compound,Bodybuilding
Barbell Back Rack Carry,Video Demonstration,,Intermediate,Abdominals,Rectus Abdominis,Gluteus Maximus,Barbell,None,0,Walking,Double Arm,Pronated,Back Rack,Alternating,Loaded Carry,,Sagittal Plane,Full Body,Other,Compound,Unsorted*
Single Arm Barbell Suitcase Carry,Video Demonstration,,Intermediate,Forearms,Brachioradialis,Obliques,Barbell,None,0,Walking,Single Arm,Neutral,Suitcase,Alternating,Loaded Carry,Anti-Lateral Flexion,Sagittal Plane,Full Body,Other,Compound,Unsorted*
Suspension Bulgarian Split Squat,Video Demonstration,Video Explanation,Intermediate,Quadriceps,Quadriceps Femoris,Gluteus Maximus,Suspension Trainer,None,0,Single Leg Supported,No Arms,No Grip,No Load,Continuous,Knee Dominant,,Sagittal Plane,Lower Body,Push,Compound,Bodybuilding
Suspension Bulgarian Split Squat Jump,Video Demonstration,,Advanced,Quadriceps,Quadriceps Femoris,Gluteus Maximus,Suspension Trainer,None,0,Single Leg Supported,No Arms,No Grip,No Load,Continuous,Knee Dominant,,Sagittal Plane,Lower Body,Push,Compound,Plyometric
Bodyweight Lateral Bear Crawl,Video Demonstration,,Novice,Abdominals,Rectus Abdominis,,Bodyweight,None,0,Knee Hover Quadruped,Double Arm,Flat Palm,No Load,Alternating,Unsorted*,,Frontal Plane,Core,Other,Compound,Animal Flow
Bodyweight Step Up Jump,Video Demonstration,,Intermediate,Quadriceps,Quadriceps Femoris,Gluteus Maximus,Bodyweight,Plyo Box,1,Standing,No Arms,No Grip,No Load,Continuous,Knee Dominant,,Sagittal Plane,Lower Body,Push,Compound,Plyometric
Tire Step Up Jump,,,Intermediate,Quadriceps,Quadriceps Femoris,Gluteus Maximus,Tire,None,0,Standing,No Arms,No Grip,No Load,Continuous,Knee Dominant,,Sagittal Plane,Lower Body,Push,Compound,Plyometric
Bodyweight Alternating Step Up Jump,Video Demonstration,Video Explanation,Intermediate,Quadriceps,Quadriceps Femoris,Gluteus Maximus,Bodyweight,Plyo Box,1,Standing,No Arms,No Grip,No Load,Alternating,Knee Dominant,,Sagittal Plane,Lower Body,Push,Compound,Plyometric
Tire Alternating Step Up Jump,,,Intermediate,Quadriceps,Quadriceps Femoris,Gluteus Maximus,Tire,None,0,Standing,No Arms,No Grip,No Load,Alternating,Knee Dominant,,Sagittal Plane,Lower Body,Push,Compound,Plyometric
Barbell Power Clean to Push Press,Video Demonstration,Video Explanation,Expert,Shoulders,Anterior Deltoids,Triceps Brachii,Barbell,None,0,Standing,Double Arm,Pronated,Overhead,Continuous,Hip Hinge,Vertical Push,Sagittal Plane,Full Body,Push & Pull,Compound,Olympic Weightlifting 
Double Dumbbell Close Grip Bench Press,Video Demonstration,Video Explanation,Beginner,Triceps,Triceps Brachii ,Pectoralis Major,Dumbbell,Bench (Flat),1,Supine,Double Arm,Neutral,Above Chest,Continuous,Horizontal Push,,Sagittal Plane,Upper Body,Push,Compound,Bodybuilding
Double Clubbell Inside Pendulum,,,Intermediate,Abdominals,Obliques,Gluteus Maximus,Clubbell,None,0,Standing,Double Arm,Neutral,Order,Continuous,Rotational,,Transverse Plane,Full Body,Other,Compound,Ballistics
Single Arm Clubbell Outside Pendulum,Video Demonstration,Video Explanation,Intermediate,Abdominals,Obliques,Gluteus Maximus,Clubbell,None,0,Standing,Single Arm,Neutral,Order,Continuous,Rotational,,Transverse Plane,Full Body,Other,Compound,Ballistics
Double Clubbell Outside Pendulum,,,Intermediate,Abdominals,Obliques,Gluteus Maximus,Clubbell,None,0,Standing,Double Arm,Neutral,Order,Continuous,Rotational,,Transverse Plane,Full Body,Other,Compound,Ballistics
Double Clubbell Inside Pendulum to Outside Pendulum,,,Intermediate,Abdominals,Obliques,Gluteus Maximus,Clubbell,None,0,Standing,Double Arm,Neutral,Order,Continuous,Rotational,,Transverse Plane,Full Body,Other,Compound,Ballistics
Clubbell Outside Pendulum,Video Demonstration,Video Explanation,Intermediate,Abdominals,Obliques,Gluteus Maximus,Clubbell,None,0,Standing,Double Arm,Neutral,Other,Continuous,Rotational,,Transverse Plane,Full Body,Other,Compound,Ballistics
Double Clubbell Inside Circle,,,Intermediate,Abdominals,Rectus Abdominis,Gluteus Maximus,Clubbell,None,0,Standing,Double Arm,Neutral,Order,Continuous,Rotational,,Transverse Plane,Full Body,Other,Compound,Ballistics
Double Clubbell Outside Circle,,,Intermediate,Abdominals,Rectus Abdominis,Gluteus Maximus,Clubbell,None,0,Standing,Double Arm,Neutral,Order,Continuous,Rotational,,Transverse Plane,Full Body,Other,Compound,Ballistics
Clubbell Side to Side Swing,,Video Explanation,Intermediate,Abdominals,Obliques,Gluteus Maximus,Clubbell,None,0,Standing,Double Arm,Neutral,Other,Continuous,Rotational,,Transverse Plane,Full Body,Other,Compound,Ballistics
Double Dumbbell Close Grip Incline Bench Press,Video Demonstration,,Beginner,Triceps,Triceps Brachii ,Pectoralis Major,Dumbbell,Bench (Incline),1,Seated,Double Arm,Neutral,Above Chest,Continuous,Horizontal Push,,Sagittal Plane,Upper Body,Push,Compound,Bodybuilding
Cable Rope Tricep Pushdown ,Video Demonstration,Video Explanation,Beginner,Triceps,Triceps Brachii ,Anconeus,Cable,None,0,Standing,Double Arm,Neutral,Other,Continuous,Elbow Extension,,Sagittal Plane,Upper Body,Push,Isolation,Bodybuilding
Barbell Incline Push Up,Video Demonstration,,Beginner,Chest,Pectoralis Major,Triceps Brachii,Barbell,None,0,Prone,Double Arm,Pronated,No Load,Continuous,Horizontal Push,,Sagittal Plane,Upper Body,Push,Compound,Calisthenics
Bodyweight Kneeling Push Up,Video Demonstration,Video Explanation,Beginner,Chest,Pectoralis Major,Triceps Brachii,Bodyweight,None,0,Kneeling,Double Arm,Flat Palm,No Load,Continuous,Horizontal Push,,Sagittal Plane,Upper Body,Push,Compound,Calisthenics
Suspension Push Up,Video Demonstration,Video Explanation,Beginner,Chest,Pectoralis Major,Triceps Brachii,Suspension Trainer,None,0,Standing,Double Arm,Pronated,No Load,Continuous,Horizontal Push,,Sagittal Plane,Upper Body,Push,Compound,Unsorted*
Suspension Chest Fly,Video Demonstration,Video Explanation,Beginner,Chest,Pectoralis Major,Anterior Deltoids,Suspension Trainer,None,0,Standing,Double Arm,Neutral,No Load,Continuous,Horizontal Adduction,,Transverse Plane,Upper Body,Push,Isolation,Unsorted*
Stability Ball Double Dumbbell Chest Fly,Video Demonstration,Video Explanation,Beginner,Chest,Pectoralis Major,Anterior Deltoids,Stability Ball,Dumbbell,2,Supine,Double Arm,Neutral,Above Chest,Continuous,Horizontal Adduction,,Transverse Plane,Upper Body,Push,Isolation,Unsorted*
Stability Ball Dumbbell Pullover ,Video Demonstration,Video Explanation,Beginner,Back,Latissimus Dorsi,Pectoralis Major,Stability Ball,Dumbbell,1,Supine,Double Arm,Flat Palm,Above Chest,Continuous,Unsorted*,,Sagittal Plane,Upper Body,Pull,Compound,Bodybuilding
Tire Feet Elevated Glute Bridge,,,Novice,Glutes,Gluteus Maximus,Biceps Femoris,Tire,None,0,Bridge,No Arms,No Grip,No Load,Continuous,Hip Extension,,Sagittal Plane,Lower Body,Unsorted*,Compound,Bodybuilding
Double Dumbbell Incline Bench Chest Fly,Video Demonstration,Video Explanation,Beginner,Chest,Pectoralis Major,Anterior Deltoids,Dumbbell,Bench (Incline),1,Seated,Double Arm,Neutral,Above Chest,Continuous,Horizontal Adduction,,Transverse Plane,Upper Body,Push,Isolation,Bodybuilding
Suspension Low Row,Video Demonstration,Video Explanation,Beginner,Back,Latissimus Dorsi,,Suspension Trainer,None,0,Standing,Double Arm,Neutral,No Load,Continuous,Horizontal Pull,,Sagittal Plane,Upper Body,Pull,Compound,Unsorted*
Tire Flip,Video Demonstration,Video Explanation,Advanced,Back,Latissimus Dorsi,Quadriceps Femoris,Tire,None,0,Standing,Double Arm,Supinated,Other,Continuous,Hip Hinge,Horizontal Push,Sagittal Plane,Full Body,Push & Pull,Compound,Unsorted*
Tire In and Out Squat Jump,Video Demonstration,,Intermediate,Quadriceps,Quadriceps Femoris,Gluteus Maximus,Tire,None,0,Standing,No Arms,No Grip,No Load,Continuous,Knee Dominant,,Frontal Plane,Lower Body,Push,Compound,Plyometric
Kettlebell Goblet Alternating Forward Lunge,Video Demonstration,,Novice,Quadriceps,Quadriceps Femoris,Gluteus Maximus,Kettlebell,None,0,Standing,Double Arm,Goblet,Front Rack,Alternating,Knee Dominant,,Sagittal Plane,Lower Body,Push,Compound,Bodybuilding
Double Dumbbell Suitcase Feet Elevated Calf Raise,Video Demonstration,Video Explanation,Novice,Calves,Gastrocnemius,Soleus,Dumbbell,None,0,Standing,Double Arm,Neutral,Suitcase,Continuous,Ankle Plantar Flexion,,Sagittal Plane,Lower Body,Push,Isolation,Bodybuilding
Double Dumbbell Suitcase Calf Raise,Video Demonstration,Video Explanation,Beginner,Calves,Gastrocnemius,Soleus,Dumbbell,None,0,Standing,Double Arm,Neutral,Suitcase,Continuous,Ankle Plantar Flexion,,Sagittal Plane,Lower Body,Push,Isolation,Bodybuilding
Suspension Mid Row,Video Demonstration,,Beginner,Back,Latissimus Dorsi,,Suspension Trainer,None,0,Standing,Double Arm,Pronated,No Load,Continuous,Horizontal Pull,,Sagittal Plane,Upper Body,Pull,Compound,Unsorted*
Double Dumbbell Seated Calf Raise,Video Demonstration,Video Explanation,Beginner,Calves,Soleus,Gastrocnemius,Dumbbell,Bench (Flat),1,Seated,Double Arm,Neutral,Other,Continuous,Ankle Plantar Flexion,,Sagittal Plane,Lower Body,Push,Isolation,Bodybuilding
Barbell Seated Calf Raise,Video Demonstration,,Novice,Calves,Soleus,Gastrocnemius,Barbell,Bench (Flat),1,Seated,Double Arm,Pronated,Other,Continuous,Ankle Plantar Flexion,,Sagittal Plane,Lower Body,Push,Isolation,Bodybuilding
Double Clubbell Order Feet Elevated Calf Raise,,,Novice,Calves,Gastrocnemius,Soleus,Clubbell,None,0,Standing,Double Arm,Neutral,Order,Continuous,Ankle Plantar Flexion,,Sagittal Plane,Lower Body,Push,Isolation,Bodybuilding
Double Clubbell Order Calf Raise,,,Beginner,Calves,Gastrocnemius,Soleus,Clubbell,None,0,Standing,Double Arm,Neutral,Order,Continuous,Ankle Plantar Flexion,,Sagittal Plane,Lower Body,Push,Isolation,Bodybuilding
Clubbell Order Feet Elevated Calf Raise,,,Novice,Calves,Gastrocnemius,Soleus,Clubbell,None,0,Standing,Double Arm,Neutral,Order,Continuous,Ankle Plantar Flexion,,Sagittal Plane,Lower Body,Push,Isolation,Bodybuilding
Clubbell Order Calf Raise,,,Beginner,Calves,Gastrocnemius,Soleus,Clubbell,None,0,Standing,Double Arm,Neutral,Order,Continuous,Ankle Plantar Flexion,,Sagittal Plane,Lower Body,Push,Isolation,Bodybuilding
Single Arm Clubbell Order Feet Elevated Calf Raise,,,Novice,Calves,Gastrocnemius,Soleus,Clubbell,None,0,Standing,Single Arm,Neutral,Order,Continuous,Ankle Plantar Flexion,,Sagittal Plane,Lower Body,Push,Isolation,Bodybuilding
Single Arm Clubbell Order Calf Raise,,,Beginner,Calves,Gastrocnemius,Soleus,Clubbell,None,0,Standing,Single Arm,Neutral,Order,Continuous,Ankle Plantar Flexion,,Sagittal Plane,Lower Body,Push,Isolation,Bodybuilding
Bodyweight Hand Assisted Feet Elevated Calf Raise,Video Demonstration,,Beginner,Calves,Gastrocnemius,Soleus,Bodyweight,None,0,Standing,Double Arm,Hand Assisted,No Load,Continuous,Ankle Plantar Flexion,,Sagittal Plane,Lower Body,Push,Isolation,Bodybuilding
Bodyweight Hand Assisted Calf Raise,Video Demonstration,,Beginner,Calves,Gastrocnemius,Soleus,Bodyweight,None,0,Standing,Double Arm,Hand Assisted,No Load,Continuous,Ankle Plantar Flexion,,Sagittal Plane,Lower Body,Push,Isolation,Bodybuilding
Bodyweight Calf Raise,Video Demonstration,Video Explanation,Beginner,Calves,Gastrocnemius,Soleus,Bodyweight,None,0,Standing,No Arms,No Grip,No Load,Continuous,Ankle Plantar Flexion,,Sagittal Plane,Lower Body,Push,Isolation,Bodybuilding
Bodyweight Hand Assisted Foot Elevated Single Leg Calf Raise,Video Demonstration,,Novice,Calves,Gastrocnemius,Soleus,Bodyweight,None,0,Single Leg Standing,Double Arm,Hand Assisted,No Load,Continuous,Ankle Plantar Flexion,,Sagittal Plane,Lower Body,Push,Isolation,Bodybuilding
Bodyweight Hand Assisted Single Leg Calf Raise,Video Demonstration,Video Explanation,Novice,Calves,Gastrocnemius,Soleus,Bodyweight,None,0,Single Leg Standing,Double Arm,Hand Assisted,No Load,Continuous,Ankle Plantar Flexion,,Sagittal Plane,Lower Body,Push,Isolation,Bodybuilding
Bodyweight Single Leg Calf Raise,Video Demonstration,,Novice,Calves,Gastrocnemius,Soleus,Bodyweight,None,0,Single Leg Standing,No Arms,No Grip,No Load,Continuous,Ankle Plantar Flexion,,Sagittal Plane,Lower Body,Push,Isolation,Bodybuilding
Barbell Front Rack Feet Elevated Calf Raise,,,Intermediate,Calves,Gastrocnemius,Soleus,Barbell,None,0,Standing,Double Arm,Pronated,Front Rack,Continuous,Ankle Plantar Flexion,,Sagittal Plane,Lower Body,Push,Isolation,Bodybuilding
Kettlebell Goblet Alternating Reverse Lunge,Video Demonstration,,Novice,Quadriceps,Quadriceps Femoris,Gluteus Maximus,Kettlebell,None,0,Standing,Double Arm,Goblet,Front Rack,Alternating,Knee Dominant,,Sagittal Plane,Lower Body,Push,Compound,Bodybuilding
Double Kettlebell L Sit Flutter Kicks,Video Demonstration,,Advanced,Hip Flexors,Iliopsoas,Rectus Abdominis,Kettlebell,None,0,L Sit,Double Arm,Neutral,No Load,Alternating,Isometric Hold,,Sagittal Plane,Core,Other,Compound,Calisthenics
Double Dumbbell Front Rack Feet Elevated Calf Raise,,,Novice,Calves,Gastrocnemius,Soleus,Dumbbell,None,0,Standing,Double Arm,Neutral,Front Rack,Continuous,Ankle Plantar Flexion,,Sagittal Plane,Lower Body,Push,Isolation,Bodybuilding
Double Dumbbell Front Rack Calf Raise,Video Demonstration,,Beginner,Calves,Gastrocnemius,Soleus,Dumbbell,None,0,Standing,Double Arm,Neutral,Front Rack,Continuous,Ankle Plantar Flexion,,Sagittal Plane,Lower Body,Push,Isolation,Bodybuilding
Barbell Back Rack Feet Elevated Calf Raise,Video Demonstration,Video Explanation,Intermediate,Calves,Gastrocnemius,Soleus,Barbell,None,0,Standing,Double Arm,Pronated,Back Rack,Continuous,Ankle Plantar Flexion,,Sagittal Plane,Lower Body,Push,Isolation,Bodybuilding
Tire Mountain Climber,Video Demonstration,,Novice,Abdominals,Rectus Abdominis,Iliopsoas,Tire,None,0,Prone,Double Arm,Flat Palm,No Load,Alternating,Anti-Extension,Spinal Flexion,Sagittal Plane,Core,Other,Compound,Calisthenics
Bodyweight Wall Supported Tibialis Raise,Video Demonstration,,Beginner,Shins,Tibialis Anterior,Extensor Digitorum Longus,Bodyweight,None,0,Standing,No Arms,No Grip,Other,Continuous,Ankle Dorsiflexion,,Sagittal Plane,Lower Body,Unsorted*,Isolation,Unsorted*
Cable Seated Tibialis Raise,Video Demonstration,,Novice,Shins,Tibialis Anterior,Extensor Digitorum Longus,Cable,None,0,Seated Floor,No Arms,No Grip,Other,Continuous,Ankle Dorsiflexion,,Sagittal Plane,Lower Body,Unsorted*,Isolation,Unsorted*
Cable Seated Single Leg Tibialis Raise,Video Demonstration,,Novice,Shins,Tibialis Anterior,Extensor Digitorum Longus,Cable,None,0,Seated Floor,No Arms,No Grip,Other,Continuous,Ankle Dorsiflexion,,Sagittal Plane,Lower Body,Unsorted*,Isolation,Unsorted*
Kettlebell Goblet Walking Lunge,Video Demonstration,,Novice,Quadriceps,Quadriceps Femoris,Gluteus Maximus,Kettlebell,None,0,Walking,Double Arm,Goblet,Front Rack,Alternating,Knee Dominant,,Sagittal Plane,Lower Body,Push,Compound,Bodybuilding
Dumbbell Seated Tibialis Raise,Video Demonstration,,Novice,Shins,Tibialis Anterior,Extensor Digitorum Longus,Dumbbell,Bench (Flat),1,Seated,No Arms,No Grip,Other,Continuous,Ankle Dorsiflexion,,Sagittal Plane,Lower Body,Unsorted*,Isolation,Unsorted*
Kettlebell Horn Grip Alternating Lateral Lunge,Video Demonstration,Video Explanation,Novice,Quadriceps,Quadriceps Femoris,Gluteus Maximus,Kettlebell,None,0,Standing,Double Arm,Horn Grip,Front Rack,Alternating,Knee Dominant,,Frontal Plane,Lower Body,Push,Compound,Bodybuilding
Kettlebell Low Hold Alternating Lateral Lunge,Video Demonstration,,Novice,Quadriceps,Quadriceps Femoris,Gluteus Maximus,Kettlebell,None,0,Standing,Double Arm,Pronated,Low Hold,Alternating,Knee Dominant,,Frontal Plane,Lower Body,Push,Compound,Bodybuilding
Double Dumbbell Seated Feet Elevated Calf Raise,Video Demonstration,Video Explanation,Beginner,Calves,Soleus,Gastrocnemius,Dumbbell,Bench (Flat),1,Seated,Double Arm,Neutral,Other,Continuous,Ankle Plantar Flexion,,Sagittal Plane,Lower Body,Push,Isolation,Bodybuilding
Barbell Seated Feet Elevated Calf Raise,Video Demonstration,,Novice,Calves,Soleus,Gastrocnemius,Barbell,Bench (Flat),1,Seated,Double Arm,Pronated,Other,Continuous,Ankle Plantar Flexion,,Sagittal Plane,Lower Body,Push,Isolation,Bodybuilding
Kettlebell Horn Grip Alternating Forward Lunge,Video Demonstration,,Novice,Quadriceps,Quadriceps Femoris,Gluteus Maximus,Kettlebell,None,0,Standing,Double Arm,Horn Grip,Front Rack,Alternating,Knee Dominant,,Sagittal Plane,Lower Body,Push,Compound,Bodybuilding
Tire Leg Press,Video Demonstration,,Intermediate,Quadriceps,Quadriceps Femoris,Gluteus Maximus,Tire,None,0,Supine,No Arms,No Grip,Other,Continuous,Knee Dominant,,Sagittal Plane,Lower Body,Push,Compound,Bodybuilding
Cable Isometric Split Squat Pallof Press,Video Demonstration,,Intermediate,Abdominals,Obliques,Rectus Abdominis,Cable,None,0,Isometric Split Squat,Double Arm,Neutral,Other,Continuous,Anti-Rotational,Isometric Hold,Transverse Plane,Full Body,Other,Compound,Balance
Bodyweight Isometric Split Squat Calf Raise,Video Demonstration,,Intermediate,Calves,Soleus,Gastrocnemius,Bodyweight,None,0,Isometric Split Squat,No Arms,No Grip,No Load,Continuous,Ankle Plantar Flexion,Isometric Hold,Sagittal Plane,Lower Body,Push,Compound,Balance
Bodyweight Isometric Split Squat Foot Elevated Calf Raise,Video Demonstration,Video Explanation,Intermediate,Calves,Soleus,Gastrocnemius,Bodyweight,None,0,Isometric Split Squat,No Arms,No Grip,No Load,Continuous,Ankle Plantar Flexion,Isometric Hold,Sagittal Plane,Lower Body,Push,Compound,Balance
Double Dumbbell Suitcase Isometric Split Squat Calf Raise,,,Advanced,Calves,Soleus,Gastrocnemius,Dumbbell,None,0,Isometric Split Squat,Double Arm,Neutral,Suitcase,Continuous,Ankle Plantar Flexion,Isometric Hold,Sagittal Plane,Lower Body,Push,Compound,Balance
Double Dumbbell Suitcase Isometric Split Squat Foot Elevated Calf Raise,,Video Explanation,Advanced,Calves,Soleus,Gastrocnemius,Dumbbell,None,0,Isometric Split Squat,Double Arm,Neutral,Suitcase,Continuous,Ankle Plantar Flexion,Isometric Hold,Sagittal Plane,Lower Body,Push,Compound,Balance
Kettlebell Horn Grip Alternating Reverse Lunge,Video Demonstration,,Novice,Quadriceps,Quadriceps Femoris,Gluteus Maximus,Kettlebell,None,0,Standing,Double Arm,Horn Grip,Front Rack,Alternating,Knee Dominant,,Sagittal Plane,Lower Body,Push,Compound,Bodybuilding
Kettlebell Horn Grip Walking Lunge,Video Demonstration,,Novice,Quadriceps,Quadriceps Femoris,Gluteus Maximus,Kettlebell,None,0,Walking,Double Arm,Horn Grip,Front Rack,Alternating,Knee Dominant,,Sagittal Plane,Lower Body,Push,Compound,Bodybuilding
Barbell Back Rack Isometric Split Squat Calf Raise,,,Advanced,Calves,Soleus,Gastrocnemius,Barbell,None,0,Isometric Split Squat,Double Arm,Pronated,Back Rack,Continuous,Ankle Plantar Flexion,Isometric Hold,Sagittal Plane,Lower Body,Push,Compound,Balance
Barbell Back Rack Isometric Split Squat Foot Elevated Calf Raise,,,Advanced,Calves,Soleus,Gastrocnemius,Barbell,None,0,Isometric Split Squat,Double Arm,Pronated,Back Rack,Continuous,Ankle Plantar Flexion,Isometric Hold,Sagittal Plane,Lower Body,Push,Compound,Balance
Barbell Front Rack Isometric Split Squat Calf Raise,,,Advanced,Calves,Soleus,Gastrocnemius,Barbell,None,0,Isometric Split Squat,Double Arm,Pronated,Front Rack,Continuous,Ankle Plantar Flexion,Isometric Hold,Sagittal Plane,Lower Body,Push,Compound,Balance
Barbell Front Rack Isometric Split Squat Foot Elevated Calf Raise,,,Advanced,Calves,Soleus,Gastrocnemius,Barbell,None,0,Isometric Split Squat,Double Arm,Pronated,Front Rack,Continuous,Ankle Plantar Flexion,Isometric Hold,Sagittal Plane,Lower Body,Push,Compound,Balance
Single Arm Dumbbell Suitcase Hand Assisted Ipsilateral Foot Elevated Single Leg Calf Raise,Video Demonstration,Video Explanation,Novice,Calves,Gastrocnemius,Soleus,Dumbbell,None,0,Single Leg Standing,Single Arm,Hand Assisted,Suitcase,Continuous,Ankle Plantar Flexion,Anti-Lateral Flexion,Sagittal Plane,Lower Body,Push,Isolation,Bodybuilding
Double Kettlebell Straddle L Sit,,,Advanced,Abdominals,Rectus Abdominis,,Kettlebell,None,0,L Sit,Double Arm,Neutral,No Load,Continuous,Isometric Hold,,Sagittal Plane,Core,Other,Compound,Calisthenics
Double Dumbbell Front Rack Isometric Split Squat Calf Raise,,,Advanced,Calves,Soleus,Gastrocnemius,Dumbbell,None,0,Isometric Split Squat,Double Arm,Neutral,Front Rack,Continuous,Ankle Plantar Flexion,Isometric Hold,Sagittal Plane,Lower Body,Push,Compound,Balance
Double Dumbbell Front Rack Isometric Split Squat Foot Elevated Calf Raise,,,Advanced,Calves,Soleus,Gastrocnemius,Dumbbell,None,0,Isometric Split Squat,Double Arm,Neutral,Front Rack,Continuous,Ankle Plantar Flexion,Isometric Hold,Sagittal Plane,Lower Body,Push,Compound,Balance
Single Arm Kettlebell Front Rack Low Switch Cossack Squat,,,Intermediate,Quadriceps,Quadriceps Femoris,Adductor Magnus,Kettlebell,None,0,Standing,Single Arm,Neutral,Front Rack,Alternating,Knee Dominant,,Frontal Plane,Lower Body,Push,Compound,Bodybuilding
Single Arm Kettlebell Front Rack Foot Elevated Contralateral Cossack Squat,,,Intermediate,Quadriceps,Quadriceps Femoris,Adductor Magnus,Kettlebell,None,0,Standing,Single Arm,Neutral,Front Rack,Continuous,Knee Dominant,,Frontal Plane,Lower Body,Push,Compound,Bodybuilding
Bodyweight Squat Jump,Video Demonstration,,Intermediate,Quadriceps,Quadriceps Femoris,Gluteus Maximus,Bodyweight,None,0,Standing,No Arms,No Grip,No Load,Continuous,Knee Dominant,,Sagittal Plane,Lower Body,Push,Compound,Plyometric
Double Dumbbell Suitcase Alternating Step Up,Video Demonstration,Video Explanation,Novice,Quadriceps,Quadriceps Femoris,Gluteus Maximus,Dumbbell,Plyo Box,1,Standing,Double Arm,Neutral,Suitcase,Alternating,Knee Dominant,,Sagittal Plane,Lower Body,Push,Compound,Bodybuilding
Double Dumbbell Front Rack Step Up,Video Demonstration,,Novice,Quadriceps,Quadriceps Femoris,Gluteus Maximus,Dumbbell,Plyo Box,1,Standing,Double Arm,Neutral,Front Rack,Continuous,Knee Dominant,,Sagittal Plane,Lower Body,Push,Compound,Bodybuilding
Cable V Grip Seated Low Row,Video Demonstration,Video Explanation,Beginner,Back,Latissimus Dorsi,,Cable,Bench (Flat),1,Seated,Double Arm,Neutral,Other,Continuous,Horizontal Pull,,Sagittal Plane,Upper Body,Pull,Compound,Bodybuilding
Resistance Band Half Kneeling Face Pull,Video Demonstration,,Beginner,Shoulders,Posterior Deltoids,Infraspinatus,Resistance Band,None,0,Half Kneeling,Double Arm,Pronated,Other,Continuous,Shoulder External Rotation,,Transverse Plane,Upper Body,Pull,Compound,Unsorted*
Bodyweight Prone Cobra,Video Demonstration,Video Explanation,Beginner,Back,Erector Spinae ,,Bodyweight,None,0,Prone,Double Arm,No Grip,No Load,Continuous,Spinal Extension,,Sagittal Plane,Upper Body,Unsorted*,Isolation,Postural
Barbell Hang Power Snatch,Video Demonstration,,Advanced,Glutes,Gluteus Maximus,Anterior Deltoids ,Barbell,None,0,Standing,Double Arm,Pronated,Overhead,Continuous,Hip Hinge,,Sagittal Plane,Full Body,Unsorted*,Compound,Olympic Weightlifting 
Barbell Hang Squat Snatch,Video Demonstration,,Advanced,Quadriceps,Quadriceps Femoris,Gluteus Maximus,Barbell,None,0,Standing,Double Arm,Pronated,Overhead,Continuous,Knee Dominant,Hip Hinge,Sagittal Plane,Full Body,Unsorted*,Compound,Olympic Weightlifting 
Double Dumbbell Seated Reverse Fly,Video Demonstration,,Beginner,Shoulders,Posterior Deltoids,,Dumbbell,Bench (Flat),1,Seated,Double Arm,Neutral,Other,Continuous,Horizontal Pull,,Frontal Plane,Upper Body,Pull,Isolation,Bodybuilding
Single Arm Dumbbell Seated Concentration Curl,Video Demonstration,Video Explanation,Beginner,Biceps,Biceps Brachii,Brachialis,Dumbbell,Bench (Flat),1,Seated,Single Arm,Supinated,Other,Continuous,Elbow Flexion,,Sagittal Plane,Upper Body,Pull,Isolation,Bodybuilding
Alternating Double Dumbbell Seated Bicep Curl,Video Demonstration,,Beginner,Biceps,Biceps Brachii,Brachialis,Dumbbell,Bench (Flat),1,Seated,Double Arm,Supinated,Other,Continuous,Elbow Flexion,,Sagittal Plane,Upper Body,Pull,Isolation,Bodybuilding
Alternating Double Dumbbell Front Raise,Video Demonstration,Video Explanation,Beginner,Shoulders,Anterior Deltoids,Pectoralis Major,Dumbbell,None,0,Standing,Double Arm,Pronated,Other,Continuous,Shoulder Flexion,,Sagittal Plane,Upper Body,Push,Isolation,Bodybuilding
Cable Wide Grip Lat Pulldown,Video Demonstration,Video Explanation,Beginner,Back,Latissimus Dorsi,Biceps Brachii,Cable,Bench (Flat),1,Seated,Double Arm,Pronated,Overhead,Continuous,Vertical Pull,,Sagittal Plane,Upper Body,Pull,Compound,Bodybuilding
Cable Reverse Grip Lat Pulldown,Video Demonstration,Video Explanation,Beginner,Back,Latissimus Dorsi,Biceps Brachii,Cable,Bench (Flat),1,Seated,Double Arm,Supinated,Overhead,Continuous,Vertical Pull,,Sagittal Plane,Upper Body,Pull,Compound,Bodybuilding
Cable V Grip Lat Pulldown,Video Demonstration,Video Explanation,Beginner,Back,Latissimus Dorsi,Biceps Brachii,Cable,Bench (Flat),1,Seated,Double Arm,Neutral,Overhead,Continuous,Vertical Pull,,Sagittal Plane,Upper Body,Pull,Compound,Bodybuilding
Bodyweight Bicycle Crunch,Video Demonstration,Video Explanation,Novice,Abdominals,Obliques,Rectus Abdominis,Bodyweight,None,0,Supine,No Arms,Head Supported,No Load,Alternating,Rotational,,Transverse Plane,Core,Other,Compound,Unsorted*
Bodyweight Broad Jump,Video Demonstration,,Intermediate,Quadriceps,Quadriceps Femoris,Gluteus Maximus,Bodyweight,None,0,Standing,No Arms,No Grip,No Load,Continuous,Knee Dominant,,Sagittal Plane,Lower Body,Push,Compound,Plyometric
Bodyweight Forearm Plank,Video Demonstration,,Novice,Abdominals,Rectus Abdominis,,Bodyweight,None,0,Prone,Double Arm,Forearm,No Load,Continuous,Anti-Extension,,Sagittal Plane,Core,Other,Compound,Calisthenics
Parallette Plank,Video Demonstration,,Novice,Abdominals,Rectus Abdominis,,Parallette Bars,None,0,Prone,Double Arm,Neutral,No Load,Continuous,Anti-Extension,,Sagittal Plane,Core,Other,Compound,Calisthenics
Double Clubbell Clean to Shoulder Park Squat,,,Intermediate,Quadriceps,Quadriceps Femoris,Gluteus Maximus,Clubbell,None,0,Standing,Double Arm,Neutral,Shoulder,Continuous,Knee Dominant,Hip Hinge,Sagittal Plane,Full Body,Unsorted*,,Unsorted*
Clubbell Shoulder Park Squat,,Video Explanation,Novice,Quadriceps,Quadriceps Femoris,Gluteus Maximus,Clubbell,None,0,Standing,Double Arm,Neutral,Shoulder,Continuous,Knee Dominant,,Sagittal Plane,Lower Body,Push,Compound,Unsorted*
Single Arm Clubbell Shoulder Park Squat,,,Novice,Quadriceps,Quadriceps Femoris,Gluteus Maximus,Clubbell,None,0,Standing,Single Arm,Neutral,Shoulder,Continuous,Knee Dominant,,Sagittal Plane,Lower Body,Push,Compound,Unsorted*
Clubbell Swing to Alternating Shoulder Park Squat,Video Demonstration,,Intermediate,Quadriceps,Quadriceps Femoris,Gluteus Maximus,Clubbell,None,0,Standing,Double Arm,Neutral,Shoulder,Continuous,Hip Hinge,Knee Dominant,Sagittal Plane,Lower Body,Push,Compound,Unsorted*
Single Arm Dumbbell Bench Press,Video Demonstration,Video Explanation,Beginner,Chest,Pectoralis Major,Triceps Brachii,Dumbbell,Bench (Flat),1,Supine,Single Arm,Pronated,Above Chest,Continuous,Horizontal Push,,Sagittal Plane,Upper Body,Push,Compound,Bodybuilding
Double Dumbbell Bench Press,Video Demonstration,Video Explanation,Beginner,Chest,Pectoralis Major,Triceps Brachii,Dumbbell,Bench (Flat),1,Supine,Double Arm,Pronated,Above Chest,Continuous,Horizontal Push,,Sagittal Plane,Upper Body,Push,Compound,Bodybuilding
Barbell Split Jerk,Video Demonstration,Video Explanation,Advanced,Shoulders,Anterior Deltoids,Triceps Brachii,Barbell,None,0,Staggered Stance,Double Arm,Pronated,Overhead,Continuous,Vertical Push,Hip Hinge,Sagittal Plane,Full Body,Push,Compound,Olympic Weightlifting 
Barbell Power Clean to Split Jerk,Video Demonstration,,Expert,Shoulders,Anterior Deltoids,Gluteus Maximus,Barbell,None,0,Staggered Stance,Double Arm,Pronated,Overhead,Continuous,Vertical Push,Hip Hinge,Sagittal Plane,Full Body,Push & Pull,Compound,Olympic Weightlifting 
Double Dumbbell Incline Bench Press,Video Demonstration,Video Explanation,Beginner,Chest,Pectoralis Major,Triceps Brachii,Dumbbell,Bench (Incline),1,Seated,Double Arm,Pronated,Above Chest,Continuous,Horizontal Push,,Sagittal Plane,Upper Body,Push,Compound,Bodybuilding
Barbell Power Jerk,Video Demonstration,Video Explanation,Intermediate,Shoulders,Anterior Deltoids,Triceps Brachii,Barbell,None,0,Standing,Double Arm,Pronated,Overhead,Continuous,Vertical Push,,Sagittal Plane,Full Body,Push,Compound,Olympic Weightlifting 
Barbell Squat Jerk,Video Demonstration,Video Explanation,Advanced,Quadriceps,Quadriceps Femoris,Gluteus Maximus,Barbell,None,0,Standing,Double Arm,Pronated,Overhead,Continuous,Knee Dominant,Vertical Push,Sagittal Plane,Full Body,Push,Compound,Olympic Weightlifting 
Double Kettlebell Bent Over Row,Video Demonstration,Video Explanation,Beginner,Back,Latissimus Dorsi,Rhomboids,Kettlebell,None,0,Standing,Double Arm,Neutral,Other,Continuous,Horizontal Pull,,Sagittal Plane,Upper Body,Pull,Compound,Bodybuilding
Bodyweight Seated Wall Angels,Video Demonstration,,Beginner,Shoulders,Posterior Deltoids,Infraspinatus,Bodyweight,None,0,Seated Floor,Double Arm,No Grip,No Load,Continuous,Vertical Push,,Sagittal Plane,Upper Body,Push,Compound,Unsorted*
Parallette Kneeling Close Grip Push Up,,,Beginner,Triceps,Triceps Brachii,Pectoralis Major,Parallette Bars,None,0,Kneeling,Double Arm,Pronated,No Load,Continuous,Horizontal Push,,Sagittal Plane,Upper Body,Push,Compound,Calisthenics
Double Kettlebell Shrug,Video Demonstration,Video Explanation,Beginner,Trapezius ,Upper Trapezius,Levator Scapulae,Kettlebell,None,0,Standing,Double Arm,Neutral,Suitcase,Continuous,Scapular Elevation,,Sagittal Plane,Upper Body,Pull,Isolation,Bodybuilding
Bodyweight Alternating Split Squat Jump,Video Demonstration,Video Explanation,Intermediate,Quadriceps,Quadriceps Femoris,Gluteus Maximus,Bodyweight,None,0,Split Squat,No Arms,No Grip,No Load,Alternating,Knee Dominant,,Sagittal Plane,Lower Body,Push,Compound,Plyometric
Suspension Y Raise,Video Demonstration,Video Explanation,Beginner,Shoulders,Posterior Deltoids,,Suspension Trainer,None,0,Standing,Double Arm,Pronated,No Load,Continuous,Unsorted*,,Sagittal Plane,Upper Body,Pull,Compound,Unsorted*
Bodyweight Standing Wall Angels,Video Demonstration,,Beginner,Shoulders,Posterior Deltoids,Infraspinatus,Bodyweight,None,0,Standing,Double Arm,No Grip,No Load,Continuous,Vertical Push,,Sagittal Plane,Upper Body,Push,Compound,Unsorted*
Double Kettlebell Mountain Climber,Video Demonstration,,Novice,Abdominals,Rectus Abdominis,Iliopsoas,Kettlebell,None,0,Prone,Double Arm,Neutral,No Load,Alternating,Anti-Extension,Spinal Flexion,Sagittal Plane,Core,Other,Compound,Calisthenics
Bodyweight Split Squat Jump,Video Demonstration,Video Explanation,Intermediate,Quadriceps,Quadriceps Femoris,Gluteus Maximus,Bodyweight,None,0,Split Squat,No Arms,No Grip,No Load,Continuous,Knee Dominant,,Sagittal Plane,Lower Body,Push,Compound,Plyometric
Bodyweight Duck Walk,Video Demonstration,Video Explanation,Intermediate,Quadriceps,Quadriceps Femoris,Gluteus Maximus,Bodyweight,None,0,Standing,No Arms,No Grip,No Load,Alternating,Knee Dominant,,Sagittal Plane,Lower Body,Push,Compound,Animal Flow
Barbell Front Rack Split Squat,Video Demonstration,Video Explanation,Novice,Quadriceps,Quadriceps Femoris,Gluteus Maximus,Barbell,None,0,Split Squat,Double Arm,Pronated,Front Rack,Continuous,Knee Dominant,,Sagittal Plane,Lower Body,Push,Compound,Bodybuilding
Barbell Overhead Split Squat,Video Demonstration,Video Explanation,Advanced,Quadriceps,Quadriceps Femoris,Gluteus Maximus,Barbell,None,0,Split Squat,Double Arm,Pronated,Overhead,Continuous,Knee Dominant,,Sagittal Plane,Lower Body,Push,Compound,Bodybuilding
Double Dumbbell Split Jerk,Video Demonstration,Video Explanation,Intermediate,Shoulders,Anterior Deltoids,Triceps Brachii,Dumbbell,None,0,Staggered Stance,Double Arm,Neutral,Overhead,Continuous,Vertical Push,,Sagittal Plane,Full Body,Push,Compound,Unsorted*
Suspension Reverse Fly,Video Demonstration,,Beginner,Shoulders,Posterior Deltoids,,Suspension Trainer,None,0,Standing,Double Arm,Neutral,No Load,Continuous,Horizontal Pull,,Sagittal Plane,Upper Body,Pull,Compound,Unsorted*
Double Dumbbell Decline Bench Press,Video Demonstration,Video Explanation,Beginner,Chest,Pectoralis Major,Triceps Brachii,Dumbbell,Bench (Decline),1,Supine,Double Arm,Pronated,Above Chest,Continuous,Horizontal Push,,Sagittal Plane,Upper Body,Push,Compound,Bodybuilding
Single Arm Dumbbell Split Jerk,Video Demonstration,Video Explanation,Intermediate,Shoulders,Anterior Deltoids,Triceps Brachii,Dumbbell,None,0,Staggered Stance,Single Arm,Neutral,Overhead,Continuous,Vertical Push,Hip Hinge,Sagittal Plane,Full Body,Push,Compound,Unsorted*
Single Arm Kettlebell Bottoms Up Snatch,Video Demonstration,Video Explanation,Advanced,Glutes,Gluteus Maximus,Anterior Deltoids ,Kettlebell,None,0,Standing,Single Arm,Bottoms Up,Overhead,Continuous,Hip Hinge,,Sagittal Plane,Full Body,Unsorted*,Compound,Ballistics
Bodyweight Copenhagen Plank Side Raise,Video Demonstration,Video Explanation,Intermediate,Adductors,Adductor Magnus,,Bodyweight,Bench (Flat),1,Side Plank,Single Arm,Forearm,No Load,Continuous,Hip Adduction,Isometric Hold,Frontal Plane,Lower Body,Other,Compound,Unsorted*
Bodyweight Copenhagen Plank with Leg Lift,Video Demonstration,,Intermediate,Adductors,Adductor Magnus,,Bodyweight,Bench (Flat),1,Side Plank,Single Arm,Forearm,No Load,Continuous,Hip Adduction,Isometric Hold,Frontal Plane,Lower Body,Other,Compound,Unsorted*
Double Dumbbell Chest Fly,Video Demonstration,Video Explanation,Beginner,Chest,Pectoralis Major,Anterior Deltoids,Dumbbell,Bench (Flat),1,Supine,Double Arm,Neutral,Above Chest,Continuous,Horizontal Adduction,,Transverse Plane,Upper Body,Push,Isolation,Bodybuilding
Double Dumbbell Decline Bench Chest Fly,Video Demonstration,Video Explanation,Beginner,Chest,Pectoralis Major,Anterior Deltoids,Dumbbell,Bench (Decline),1,Supine,Double Arm,Neutral,Above Chest,Continuous,Horizontal Adduction,,Transverse Plane,Upper Body,Push,Isolation,Bodybuilding
Double Kettlebell Suitcase Calf Raise,Video Demonstration,,Beginner,Calves,Gastrocnemius,Soleus,Kettlebell,None,0,Standing,Double Arm,Neutral,Suitcase,Continuous,Ankle Plantar Flexion,,Sagittal Plane,Lower Body,Push,Isolation,Bodybuilding
Double Kettlebell Front Rack Feet Elevated Calf Raise,,,Novice,Calves,Gastrocnemius,Soleus,Kettlebell,None,0,Standing,Double Arm,Neutral,Front Rack,Continuous,Ankle Plantar Flexion,,Sagittal Plane,Lower Body,Push,Isolation,Bodybuilding
Dumbbell Crush Grip Bent Over Row,Video Demonstration,,Beginner,Back,Latissimus Dorsi,Rhomboids,Dumbbell,None,0,Standing,Double Arm,Crush Grip,Other,Continuous,Horizontal Pull,,Sagittal Plane,Upper Body,Pull,Compound,Bodybuilding
Double Kettlebell Front Rack Calf Raise,,,Beginner,Calves,Gastrocnemius,Soleus,Kettlebell,None,0,Standing,Double Arm,Neutral,Front Rack,Continuous,Ankle Plantar Flexion,,Sagittal Plane,Lower Body,Push,Isolation,Bodybuilding
Dumbbell Crush Grip Bicep Curl to Overhead Press,Video Demonstration,,Beginner,Shoulders,Anterior Deltoids,Biceps Brachii,Dumbbell,None,0,Standing,Double Arm,Crush Grip,Overhead,Continuous,Vertical Push,Elbow Flexion,Sagittal Plane,Upper Body,Push & Pull,Compound,Bodybuilding
Dumbbell Crush Grip Overhead Press,Video Demonstration,,Beginner,Shoulders,Anterior Deltoids,Triceps Brachii,Dumbbell,None,0,Standing,Double Arm,Crush Grip,Overhead,Continuous,Vertical Push,,Sagittal Plane,Upper Body,Push,Compound,Bodybuilding
Dumbbell Crush Grip Floor Press,Video Demonstration,,Beginner,Chest,Pectoralis Major,Triceps Brachii,Dumbbell,None,0,Supine,Double Arm,Crush Grip,Above Chest,Continuous,Horizontal Push,,Sagittal Plane,Upper Body,Push,Compound,Bodybuilding
Dumbbell Crush Grip Overhead Tricep Extension,Video Demonstration,,Beginner,Triceps,Triceps Brachii ,Anterior Deltoids,Dumbbell,None,0,Standing,Double Arm,Crush Grip,Overhead,Continuous,Elbow Extension,,Sagittal Plane,Upper Body,Push,Isolation,Bodybuilding
Double Kettlebell Suitcase Isometric Split Squat Calf Raise,,,Advanced,Calves,Soleus,Gastrocnemius,Kettlebell,None,0,Isometric Split Squat,Double Arm,Neutral,Suitcase,Continuous,Ankle Plantar Flexion,Isometric Hold,Sagittal Plane,Lower Body,Push,Compound,Balance
Bodyweight Single Leg Hip Thrust,Video Demonstration,Video Explanation,Novice,Glutes,Gluteus Maximus,Biceps Femoris,Bodyweight,Bench (Flat),1,Single Leg Bridge,No Arms,No Grip,No Load,Continuous,Hip Extension,,Sagittal Plane,Lower Body,Unsorted*,Compound,Bodybuilding
Stability Ball Single Leg Hip Thrust,Video Demonstration,Video Explanation,Novice,Glutes,Gluteus Maximus,Biceps Femoris,Stability Ball,None,0,Single Leg Bridge,No Arms,No Grip,No Load,Continuous,Hip Extension,,Sagittal Plane,Lower Body,Unsorted*,Compound,Bodybuilding
Double Kettlebell Suitcase Isometric Split Squat Foot Elevated Calf Raise,,,Advanced,Calves,Soleus,Gastrocnemius,Kettlebell,None,0,Isometric Split Squat,Double Arm,Neutral,Suitcase,Continuous,Ankle Plantar Flexion,Isometric Hold,Sagittal Plane,Lower Body,Push,Compound,Balance
Single Arm Kettlebell Suitcase Hand Assisted Ipsilateral Foot Elevated Single Leg Calf Raise,Video Demonstration,,Novice,Calves,Gastrocnemius,Soleus,Kettlebell,None,0,Single Leg Standing,Single Arm,Hand Assisted,Suitcase,Continuous,Ankle Plantar Flexion,Anti-Lateral Flexion,Sagittal Plane,Lower Body,Push,Isolation,Bodybuilding
Double Kettlebell Front Rack Isometric Split Squat Calf Raise,,,Advanced,Calves,Soleus,Gastrocnemius,Kettlebell,None,0,Isometric Split Squat,Double Arm,Neutral,Front Rack,Continuous,Ankle Plantar Flexion,Isometric Hold,Sagittal Plane,Lower Body,Push,Compound,Balance
Cable V Grip Seated Floor Lat Pulldown,Video Demonstration,,Beginner,Back,Latissimus Dorsi,Biceps Brachii,Cable,None,0,Seated Floor,Double Arm,Neutral,Overhead,Continuous,Vertical Pull,,Sagittal Plane,Upper Body,Pull,Compound,Bodybuilding
Double Kettlebell Front Rack Isometric Split Squat Foot Elevated Calf Raise,,,Advanced,Calves,Soleus,Gastrocnemius,Kettlebell,None,0,Isometric Split Squat,Double Arm,Neutral,Front Rack,Continuous,Ankle Plantar Flexion,Isometric Hold,Sagittal Plane,Lower Body,Push,Compound,Balance
Battle Rope Alternating Wave,Video Demonstration,,Beginner,Biceps,Biceps Brachii,,Battle Ropes,None,0,Standing,Double Arm,Neutral,Other,Continuous,Unsorted*,,Sagittal Plane,Upper Body,Other,Compound,Unsorted*
Cable Rope Tall Kneeling Tricep Pushdown,Video Demonstration,,Beginner,Triceps,Triceps Brachii ,Anconeus,Cable,None,0,Tall Kneeling,Double Arm,Neutral,Other,Continuous,Elbow Extension,,Sagittal Plane,Upper Body,Push,Isolation,Bodybuilding
Bodyweight Feet Elevated Calf Raise,Video Demonstration,,Beginner,Calves,Gastrocnemius,Soleus,Bodyweight,None,0,Standing,No Arms,No Grip,No Load,Continuous,Ankle Plantar Flexion,,Sagittal Plane,Lower Body,Push,Isolation,Bodybuilding
Stability Ball Reverse Hyperextension,Video Demonstration,Video Explanation,Novice,Glutes,Gluteus Maximus,,Stability Ball,None,0,Prone,Double Arm,Flat Palm,No Load,Continuous,Hip Extension,,Sagittal Plane,Lower Body,Unsorted*,Isolation,Bodybuilding
Bodyweight Frog Reverse Hyperextension,Video Demonstration,,Novice,Glutes,Gluteus Maximus,,Bodyweight,Bench (Flat),1,Prone,Double Arm,Neutral,No Load,Continuous,Hip Extension,,Sagittal Plane,Lower Body,Unsorted*,Isolation,Bodybuilding
Bodyweight Reverse Hyperextension,Video Demonstration,,Novice,Glutes,Gluteus Maximus,,Bodyweight,Bench (Flat),1,Prone,Double Arm,Neutral,No Load,Continuous,Hip Extension,,Sagittal Plane,Lower Body,Unsorted*,Isolation,Bodybuilding
Cable Rope Tall Kneeling Low to High Chop,Video Demonstration,,Intermediate,Abdominals,Obliques,Rectus Abdominis,Cable,None,0,Tall Kneeling,Double Arm,Pronated,Other,Continuous,Rotational,,Transverse Plane,Core,Other,Compound,Unsorted*
Bodyweight V Up,Video Demonstration,Video Explanation,Novice,Abdominals,Rectus Abdominis,Iliopsoas,Bodyweight,None,0,Supine,Double Arm,No Grip,Other,Continuous,Spinal Flexion,,Sagittal Plane,Core,Other,Compound,Unsorted*
Slider Barbell Front Rack Reverse Lunge,,,Intermediate,Quadriceps,Quadriceps Femoris,Gluteus Maximus,Sliders,Barbell,1,Standing,Double Arm,Pronated,Front Rack,Continuous,Knee Dominant,,Sagittal Plane,Lower Body,Push,Compound,Bodybuilding
Slider Barbell Back Rack Reverse Lunge,Video Demonstration,,Intermediate,Quadriceps,Quadriceps Femoris,Gluteus Maximus,Sliders,Barbell,1,Standing,Double Arm,Pronated,Back Rack,Continuous,Knee Dominant,,Sagittal Plane,Lower Body,Push,Compound,Bodybuilding
Slider Reverse Lunge,Video Demonstration,,Beginner,Quadriceps,Quadriceps Femoris,Gluteus Maximus,Sliders,None,0,Standing,No Arms,No Grip,No Load,Continuous,Knee Dominant,,Sagittal Plane,Lower Body,Push,Compound,Bodybuilding
Barbell Push Jerk,Video Demonstration,Video Explanation,Intermediate,Shoulders,Anterior Deltoids,Triceps Brachii,Barbell,None,0,Standing,Double Arm,Pronated,Overhead,Continuous,Vertical Push,,Sagittal Plane,Full Body,Push,Compound,Olympic Weightlifting 
Barbell Power Clean to Push Jerk,Video Demonstration,,Expert,Shoulders,Anterior Deltoids,Triceps Brachii,Barbell,None,0,Standing,Double Arm,Pronated,Overhead,Continuous,Vertical Push,Hip Hinge,Sagittal Plane,Full Body,Push & Pull,Compound,Olympic Weightlifting 
Barbell Squat Clean to Push Jerk,Video Demonstration,,Expert,Shoulders,Anterior Deltoids,Triceps Brachii,Barbell,None,0,Standing,Double Arm,Pronated,Overhead,Continuous,Vertical Push,Hip Hinge,Sagittal Plane,Full Body,Push & Pull,Compound,Olympic Weightlifting 
Single Arm Kettlebell Outside Swing,Video Demonstration,Video Explanation,Novice,Glutes,Gluteus Maximus,,Kettlebell,None,0,Standing,Single Arm,Neutral,Other,Continuous,Hip Hinge,,Sagittal Plane,Full Body,Unsorted*,Compound,Ballistics
Single Arm Kettlebell Suitcase Alternating Forward Lunge Pass Through,Video Demonstration,,Intermediate,Quadriceps,Quadriceps Femoris,Gluteus Maximus,Kettlebell,None,0,Standing,Single Arm,Neutral,Suitcase,Alternating,Knee Dominant,Anti-Lateral Flexion,Sagittal Plane,Lower Body,Push,Compound,Bodybuilding
Single Arm Kettlebell Suitcase Alternating Reverse Lunge Pass Through,Video Demonstration,,Intermediate,Quadriceps,Quadriceps Femoris,Gluteus Maximus,Kettlebell,None,0,Standing,Single Arm,Neutral,Suitcase,Alternating,Knee Dominant,Anti-Lateral Flexion,Sagittal Plane,Lower Body,Push,Compound,Bodybuilding
Single Arm Kettlebell Contralateral Forward Lunge Snatch,Video Demonstration,Video Explanation,Advanced,Quadriceps,Quadriceps Femoris,Gluteus Maximus,Kettlebell,None,0,Standing,Single Arm,Pronated,Overhead,Continuous,Knee Dominant,Hip Hinge,Sagittal Plane,Full Body,Unsorted*,Compound,Ballistics
Single Arm Kettlebell Alternating Forward Lunge Snatch,Video Demonstration,,Advanced,Quadriceps,Quadriceps Femoris,Gluteus Maximus,Kettlebell,None,0,Standing,Single Arm,Pronated,Overhead,Alternating,Knee Dominant,Hip Hinge,Sagittal Plane,Full Body,Unsorted*,Compound,Ballistics
Double Kettlebell Overhead Press,Video Demonstration,Video Explanation,Beginner,Shoulders,Anterior Deltoids,Triceps Brachii,Kettlebell,None,0,Standing,Double Arm,Pronated,Overhead,Continuous,Vertical Push,,Sagittal Plane,Upper Body,Push,Compound,Bodybuilding
Cable Straight Bar Bicep Curl,Video Demonstration,Video Explanation,Beginner,Biceps,Biceps Brachii,Brachialis,Cable,None,0,Standing,Double Arm,Supinated,Other,Continuous,Elbow Flexion,,Sagittal Plane,Upper Body,Pull,Isolation,Bodybuilding
Double Kettlebell Glute Bridge Isometric Floor Press,Video Demonstration,,Novice,Chest,Pectoralis Major,Triceps Brachii,Kettlebell,None,0,Bridge,Double Arm,Pronated,Above Chest,Continuous,Horizontal Push,Isometric Hold,Sagittal Plane,Full Body,Push,Compound,Bodybuilding
Slider Single Arm Dumbbell Front Rack Ipsilateral Reverse Lunge,,,Novice,Quadriceps,Quadriceps Femoris,Gluteus Maximus,Sliders,Dumbbell,1,Standing,Single Arm,Neutral,Front Rack,Continuous,Knee Dominant,,Sagittal Plane,Lower Body,Push,Compound,Bodybuilding
Slider Single Arm Dumbbell Suitcase Contralateral Reverse Lunge,Video Demonstration,Video Explanation,Novice,Quadriceps,Quadriceps Femoris,Gluteus Maximus,Sliders,Dumbbell,1,Standing,Single Arm,Neutral,Suitcase,Continuous,Knee Dominant,Anti-Lateral Flexion,Sagittal Plane,Lower Body,Push,Compound,Bodybuilding
Slider Single Arm Dumbbell Suitcase Ipsilateral Reverse Lunge,,,Novice,Quadriceps,Quadriceps Femoris,Gluteus Maximus,Sliders,Dumbbell,1,Standing,Single Arm,Neutral,Suitcase,Continuous,Knee Dominant,Anti-Lateral Flexion,Sagittal Plane,Lower Body,Push,Compound,Bodybuilding
Slider Single Arm Dumbbell Overhead Contralateral Reverse Lunge,,,Intermediate,Quadriceps,Quadriceps Femoris,Gluteus Maximus,Sliders,Dumbbell,1,Standing,Single Arm,Neutral,Overhead,Continuous,Knee Dominant,,Sagittal Plane,Lower Body,Push,Compound,Bodybuilding
Slider Single Arm Dumbbell Overhead Ipsilateral Reverse Lunge,,,Intermediate,Quadriceps,Quadriceps Femoris,Gluteus Maximus,Sliders,Dumbbell,1,Standing,Single Arm,Neutral,Overhead,Continuous,Knee Dominant,,Sagittal Plane,Lower Body,Push,Compound,Bodybuilding
Slider Double Dumbbell Front Rack Reverse Lunge,Video Demonstration,,Novice,Quadriceps,Quadriceps Femoris,Gluteus Maximus,Sliders,Dumbbell,2,Standing,Double Arm,Neutral,Front Rack,Continuous,Knee Dominant,,Sagittal Plane,Lower Body,Push,Compound,Bodybuilding
Slider Double Dumbbell Suitcase Reverse Lunge,Video Demonstration,,Novice,Quadriceps,Quadriceps Femoris,Gluteus Maximus,Sliders,Dumbbell,2,Standing,Double Arm,Neutral,Suitcase,Continuous,Knee Dominant,,Sagittal Plane,Lower Body,Push,Compound,Bodybuilding
Slider Double Dumbbell Overhead Reverse Lunge,Video Demonstration,,Intermediate,Quadriceps,Quadriceps Femoris,Gluteus Maximus,Sliders,Dumbbell,2,Standing,Double Arm,Neutral,Overhead,Continuous,Knee Dominant,,Sagittal Plane,Lower Body,Push,Compound,Bodybuilding
Double Dumbbell Hammer Curl,Video Demonstration,,Beginner,Biceps,Biceps Brachii,Brachialis,Dumbbell,None,0,Standing,Double Arm,Neutral,Other,Continuous,Elbow Flexion,,Sagittal Plane,Upper Body,Pull,Isolation,Bodybuilding
Alternating Double Dumbbell Bench Press,Video Demonstration,,Beginner,Chest,Pectoralis Major,Triceps Brachii,Dumbbell,Bench (Flat),1,Supine,Double Arm,Pronated,Above Chest,Continuous,Horizontal Push,,Sagittal Plane,Upper Body,Push,Compound,Bodybuilding
Slider Single Arm Clubbell Order Contralateral Reverse Lunge,,,Novice,Quadriceps,Quadriceps Femoris,Gluteus Maximus,Sliders,Clubbell,1,Standing,Single Arm,Neutral,Order,Continuous,Knee Dominant,,Sagittal Plane,Lower Body,Push,Compound,Bodybuilding
Slider Single Arm Clubbell Order Ipsilateral Reverse Lunge,,,Novice,Quadriceps,Quadriceps Femoris,Gluteus Maximus,Sliders,Clubbell,1,Standing,Single Arm,Neutral,Order,Continuous,Knee Dominant,,Sagittal Plane,Lower Body,Push,Compound,Bodybuilding
Slider Double Clubbell Order Reverse Lunge,,,Novice,Quadriceps,Quadriceps Femoris,Gluteus Maximus,Sliders,Clubbell,2,Standing,Double Arm,Neutral,Order,Continuous,Knee Dominant,,Sagittal Plane,Lower Body,Push,Compound,Bodybuilding
Slider Clubbell Order Reverse Lunge,,,Novice,Quadriceps,Quadriceps Femoris,Gluteus Maximus,Sliders,Clubbell,1,Standing,Double Arm,Neutral,Order,Continuous,Knee Dominant,,Sagittal Plane,Lower Body,Push,Compound,Bodybuilding
Slider Macebell Order Reverse Lunge,,,Novice,Quadriceps,Quadriceps Femoris,Gluteus Maximus,Sliders,Macebell,1,Standing,Double Arm,Neutral,Order,Continuous,Knee Dominant,,Sagittal Plane,Lower Body,Push,Compound,Bodybuilding
Slider Single Arm Macebell Order Contralateral Reverse Lunge,,,Novice,Quadriceps,Quadriceps Femoris,Gluteus Maximus,Sliders,Macebell,1,Standing,Single Arm,Neutral,Order,Continuous,Knee Dominant,,Sagittal Plane,Lower Body,Push,Compound,Bodybuilding
Slider Single Arm Macebell Order Ipsilateral Reverse Lunge,,,Novice,Quadriceps,Quadriceps Femoris,Gluteus Maximus,Sliders,Macebell,1,Standing,Single Arm,Neutral,Order,Continuous,Knee Dominant,,Sagittal Plane,Lower Body,Push,Compound,Bodybuilding
Slider Landmine Goblet Reverse Lunge,,,Novice,Quadriceps,Quadriceps Femoris,Gluteus Maximus,Sliders,Landmine,1,Standing,Double Arm,Goblet,Front Rack,Continuous,Knee Dominant,,Sagittal Plane,Lower Body,Push,Compound,Bodybuilding
Slider Landmine Shoulder Contralateral Reverse Lunge,Video Demonstration,,Intermediate,Quadriceps,Quadriceps Femoris,Gluteus Maximus,Sliders,Landmine,1,Standing,Single Arm,Neutral,Shoulder,Continuous,Knee Dominant,,Sagittal Plane,Lower Body,Push,Compound,Bodybuilding
Slider Single Arm Landmine Front Rack Contralateral Reverse Lunge,,,Novice,Quadriceps,Quadriceps Femoris,Gluteus Maximus,Sliders,Landmine,1,Standing,Single Arm,Neutral,Front Rack,Continuous,Knee Dominant,,Sagittal Plane,Lower Body,Push,Compound,Bodybuilding
Slider Single Arm Landmine Front Rack Ipsilateral Reverse Lunge,,,Novice,Quadriceps,Quadriceps Femoris,Gluteus Maximus,Sliders,Landmine,1,Standing,Single Arm,Neutral,Front Rack,Continuous,Knee Dominant,,Sagittal Plane,Lower Body,Push,Compound,Bodybuilding
Slider Single Arm Landmine Suitcase Contralateral Reverse Lunge,Video Demonstration,,Novice,Quadriceps,Quadriceps Femoris,Gluteus Maximus,Sliders,Landmine,1,Standing,Single Arm,Neutral,Suitcase,Continuous,Knee Dominant,Anti-Lateral Flexion,Sagittal Plane,Lower Body,Push,Compound,Bodybuilding
Slider Single Arm Landmine Suitcase Ipsilateral Reverse Lunge,,,Novice,Quadriceps,Quadriceps Femoris,Gluteus Maximus,Sliders,Landmine,1,Standing,Single Arm,Neutral,Suitcase,Continuous,Knee Dominant,Anti-Lateral Flexion,Sagittal Plane,Lower Body,Push,Compound,Bodybuilding
Slider Single Arm Landmine Overhead Contralateral Reverse Lunge,,,Intermediate,Quadriceps,Quadriceps Femoris,Gluteus Maximus,Sliders,Landmine,1,Standing,Single Arm,Neutral,Overhead,Continuous,Knee Dominant,,Sagittal Plane,Lower Body,Push,Compound,Bodybuilding
Slider Single Arm Landmine Overhead Ipsilateral Reverse Lunge,,,Intermediate,Quadriceps,Quadriceps Femoris,Gluteus Maximus,Sliders,Landmine,1,Standing,Single Arm,Neutral,Overhead,Continuous,Knee Dominant,,Sagittal Plane,Lower Body,Push,Compound,Bodybuilding
Suspension Squat Jump,Video Demonstration,Video Explanation,Intermediate,Quadriceps,Quadriceps Femoris,Gluteus Maximus,Suspension Trainer,None,0,Standing,Double Arm,Neutral,No Load,Continuous,Knee Dominant,,Sagittal Plane,Lower Body,Push,Compound,Plyometric
Alternating Double Dumbbell Incline Bench Press,Video Demonstration,,Beginner,Chest,Pectoralis Major,Triceps Brachii,Dumbbell,Bench (Incline),1,Seated,Double Arm,Pronated,Above Chest,Continuous,Horizontal Push,,Sagittal Plane,Upper Body,Push,Compound,Bodybuilding
Alternating Double Dumbbell Decline Bench Press,Video Demonstration,,Beginner,Chest,Pectoralis Major,Triceps Brachii,Dumbbell,Bench (Decline),1,Supine,Double Arm,Pronated,Above Chest,Continuous,Horizontal Push,,Sagittal Plane,Upper Body,Push,Compound,Bodybuilding
Miniband Glute Bridge,Video Demonstration,,Beginner,Glutes,Gluteus Maximus,Gluteus Medius,Miniband,None,0,Bridge,No Arms,No Grip,No Load,Continuous,Hip Extension,,Sagittal Plane,Lower Body,Unsorted*,Compound,Bodybuilding
Alternating Double Dumbbell Top Down Bench Press,Video Demonstration,,Beginner,Chest,Pectoralis Major,Triceps Brachii,Dumbbell,Bench (Flat),1,Supine,Double Arm,Pronated,Above Chest,Continuous,Horizontal Push,,Sagittal Plane,Upper Body,Push,Compound,Bodybuilding
Alternating Double Dumbbell Top Down Incline Bench Press,Video Demonstration,,Beginner,Chest,Pectoralis Major,Triceps Brachii,Dumbbell,Bench (Incline),1,Seated,Double Arm,Pronated,Above Chest,Continuous,Horizontal Push,,Sagittal Plane,Upper Body,Push,Compound,Bodybuilding
Alternating Double Dumbbell Top Down Decline Bench Press,Video Demonstration,,Beginner,Chest,Pectoralis Major,Triceps Brachii,Dumbbell,Bench (Decline),1,Supine,Double Arm,Pronated,Above Chest,Continuous,Horizontal Push,,Sagittal Plane,Upper Body,Push,Compound,Bodybuilding
Bar Dead Hang,Video Demonstration,,Beginner,Forearms,Brachioradialis,Latissimus Dorsi,Pull Up Bar,None,0,Hanging,Double Arm,Pronated,No Load,Continuous,Isometric Hold,,Sagittal Plane,Upper Body,Other,Compound,Calisthenics
Trap Bar Deadlift,Video Demonstration,Video Explanation,Novice,Back,Latissimus Dorsi,,Trap Bar,None,0,Standing,Double Arm,Neutral,Other,Continuous,Hip Hinge,,Sagittal Plane,Full Body,Pull,Compound,Bodybuilding
Trap Bar Staggered Stance Deadlift,Video Demonstration,Video Explanation,Novice,Back,Latissimus Dorsi,,Trap Bar,None,0,Staggered Stance,Double Arm,Neutral,Other,Continuous,Hip Hinge,,Sagittal Plane,Full Body,Pull,Compound,Bodybuilding
Resistance Band Alternating Bicep Curl,Video Demonstration,,Beginner,Biceps,Biceps Brachii,Brachialis,Resistance Band,None,0,Standing,Double Arm,Supinated,Other,Continuous,Elbow Flexion,,Sagittal Plane,Upper Body,Pull,Isolation,Bodybuilding
Landmine Goblet Alternating Curtsy Lunge,Video Demonstration,,Intermediate,Quadriceps,Quadriceps Femoris,Gluteus Maximus,Landmine,None,0,Standing,Double Arm,Goblet,Front Rack,Alternating,Knee Dominant,,Frontal Plane,Lower Body,Push,Compound,Bodybuilding
Landmine Goblet Curtsy Lunge,,Video Explanation,Intermediate,Quadriceps,Quadriceps Femoris,Gluteus Maximus,Landmine,None,0,Standing,Double Arm,Goblet,Front Rack,Continuous,Knee Dominant,,Frontal Plane,Lower Body,Push,Compound,Bodybuilding
Barbell Overhead Alternating Curtsy Lunge,Video Demonstration,,Advanced,Quadriceps,Quadriceps Femoris,Gluteus Maximus,Barbell,None,0,Standing,Double Arm,Pronated,Overhead,Alternating,Knee Dominant,,Frontal Plane,Lower Body,Push,Compound,Bodybuilding
Barbell Back Rack Alternating Curtsy Lunge,Video Demonstration,,Intermediate,Quadriceps,Quadriceps Femoris,Gluteus Maximus,Barbell,None,0,Standing,Double Arm,Pronated,Back Rack,Alternating,Knee Dominant,,Frontal Plane,Lower Body,Push,Compound,Bodybuilding
Barbell Zercher Alternating Curtsy Lunge,Video Demonstration,,Advanced,Quadriceps,Quadriceps Femoris,Gluteus Maximus,Barbell,None,0,Standing,Double Arm,No Grip,Zercher,Alternating,Knee Dominant,,Frontal Plane,Lower Body,Push,Compound,Bodybuilding
Trap Bar Suitcase Carry,Video Demonstration,Video Explanation,Intermediate,Forearms,Brachioradialis,Rectus Abdominis,Trap Bar,None,0,Walking,Double Arm,Neutral,Suitcase,Alternating,Loaded Carry,,Sagittal Plane,Full Body,Other,Compound,Unsorted*
Trap Bar Romanian Deadlift,Video Demonstration,Video Explanation,Novice,Hamstrings,Biceps Femoris,Gluteus Maximus,Trap Bar,None,0,Standing,Double Arm,Neutral,Other,Continuous,Hip Hinge,,Sagittal Plane,Lower Body,Pull,Compound,Bodybuilding
Resistance Band Bicep Curl,Video Demonstration,Video Explanation,Beginner,Biceps,Biceps Brachii,Brachialis,Resistance Band,None,0,Standing,Double Arm,Supinated,Other,Continuous,Elbow Flexion,,Sagittal Plane,Upper Body,Pull,Isolation,Bodybuilding
Resistance Band Chest Press,Video Demonstration,,Beginner,Chest,Pectoralis Major,Triceps Brachii,Resistance Band,None,0,Standing,Double Arm,Pronated,No Load,Continuous,Horizontal Push,,Sagittal Plane,Upper Body,Push,Compound,Unsorted*
Resistance Band Alternating Chest Press,Video Demonstration,,Beginner,Chest,Pectoralis Major,Triceps Brachii,Resistance Band,None,0,Standing,Double Arm,Pronated,No Load,Continuous,Horizontal Push,,Sagittal Plane,Upper Body,Push,Compound,Unsorted*
Trap Bar Deficit Deadlift,Video Demonstration,Video Explanation,Intermediate,Back,Latissimus Dorsi,,Trap Bar,None,0,Standing,Double Arm,Neutral,Suitcase,Continuous,Hip Hinge,,Sagittal Plane,Full Body,Pull,Compound,Bodybuilding
Trap Bar Bulgarian Split Squat,Video Demonstration,,Intermediate,Quadriceps,Quadriceps Femoris,Gluteus Maximus,Trap Bar,Bench (Flat),1,Single Leg Supported,Double Arm,Neutral,Suitcase,Continuous,Knee Dominant,,Sagittal Plane,Lower Body,Push,Compound,Bodybuilding
Trap Bar Squat Jump,Video Demonstration,Video Explanation,Advanced,Quadriceps,Quadriceps Femoris,Gluteus Maximus,Trap Bar,None,0,Standing,Double Arm,Neutral,Suitcase,Continuous,Knee Dominant,,Sagittal Plane,Lower Body,Push,Compound,Plyometric
Resistance Band Chest Fly,Video Demonstration,Video Explanation,Beginner,Chest,Pectoralis Major,Anterior Deltoids,Resistance Band,None,0,Staggered Stance,Double Arm,Neutral,No Load,Continuous,Horizontal Adduction,,Transverse Plane,Upper Body,Push,Isolation,Bodybuilding
Battle Rope Power Slam to Burpee,Video Demonstration,,Intermediate,Chest,Pectoralis Major,Rectus Abdominis,Battle Ropes,None,0,Standing,Double Arm,Neutral,Other,Continuous,Horizontal Push,,Sagittal Plane,Full Body,Other,Compound,Plyometric
Resistance Band Low Row,Video Demonstration,Video Explanation,Beginner,Back,Latissimus Dorsi,,Resistance Band,None,0,Standing,Double Arm,Neutral,No Load,Continuous,Horizontal Pull,,Sagittal Plane,Upper Body,Pull,Compound,Bodybuilding
Battle Rope Alternating Reverse Lunge Alternating Wave ,Video Demonstration,Video Explanation,Intermediate,Quadriceps,Quadriceps Femoris,Biceps Brachii,Battle Ropes,None,0,Standing,Double Arm,Neutral,Other,Alternating,Knee Dominant,,Sagittal Plane,Full Body,Other,Compound,Unsorted*
Bodyweight Isometric Split Squat Hold,Video Demonstration,Video Explanation,Novice,Quadriceps,Quadriceps Femoris,Gluteus Maximus,Bodyweight,None,0,Isometric Split Squat,No Arms,No Grip,No Load,Continuous,Isometric Hold,Knee Dominant,Sagittal Plane,Lower Body,Other,Compound,Balance
Bodyweight Split Squat,Video Demonstration,Video Explanation,Beginner,Quadriceps,Quadriceps Femoris,Gluteus Maximus,Bodyweight,None,0,Split Squat,No Arms,No Grip,No Load,Continuous,Knee Dominant,,Sagittal Plane,Lower Body,Push,Compound,Unsorted*
Barbell Frog Pump,Video Demonstration,,Novice,Glutes,Gluteus Maximus,Biceps Femoris,Barbell,None,0,Bridge,Double Arm,Pronated,Hip Crease,Continuous,Hip Extension,,Sagittal Plane,Lower Body,Unsorted*,Compound,Bodybuilding
Barbell Front Rack Calf Raise,Video Demonstration,,Novice,Calves,Gastrocnemius,Soleus,Barbell,None,0,Standing,Double Arm,Pronated,Front Rack,Continuous,Ankle Plantar Flexion,,Sagittal Plane,Lower Body,Push,Isolation,Bodybuilding
Barbell Back Rack Calf Raise,Video Demonstration,,Novice,Calves,Gastrocnemius,Soleus,Barbell,None,0,Standing,Double Arm,Pronated,Back Rack,Continuous,Ankle Plantar Flexion,,Sagittal Plane,Lower Body,Push,Isolation,Bodybuilding
Trap Bar Calf Raise,Video Demonstration,,Novice,Calves,Gastrocnemius,Soleus,Trap Bar,None,0,Standing,Double Arm,Neutral,Suitcase,Continuous,Ankle Plantar Flexion,,Sagittal Plane,Lower Body,Push,Isolation,Bodybuilding
Barbell Zercher Cyclist Squat,Video Demonstration,,Advanced,Quadriceps,Quadriceps Femoris,Gluteus Maximus,Barbell,Slant Board,1,Standing,Double Arm,No Grip,Zercher,Continuous,Knee Dominant,,Sagittal Plane,Lower Body,Push,Compound,Bodybuilding
Trap Bar Rack Pull,Video Demonstration,,Novice,Back,Latissimus Dorsi,,Trap Bar,None,0,Standing,Double Arm,Neutral,Suitcase,Continuous,Hip Hinge,,Sagittal Plane,Full Body,Pull,Compound,Bodybuilding
Resistance Band Mid Row,Video Demonstration,,Beginner,Back,Latissimus Dorsi,,Resistance Band,None,0,Standing,Double Arm,Pronated,No Load,Continuous,Horizontal Pull,,Sagittal Plane,Upper Body,Pull,Compound,Bodybuilding
Resistance Band Face Pull,Video Demonstration,,Beginner,Shoulders,Posterior Deltoids,Infraspinatus,Resistance Band,None,0,Standing,Double Arm,Pronated,No Load,Continuous,Shoulder External Rotation,,Transverse Plane,Upper Body,Pull,Compound,Bodybuilding
Resistance Band Face Pull to Overhead Press,Video Demonstration,,Beginner,Shoulders,Posterior Deltoids,Infraspinatus,Resistance Band,None,0,Standing,Double Arm,Pronated,Overhead,Continuous,Shoulder External Rotation,Vertical Push,Transverse Plane,Upper Body,Push & Pull,Compound,Bodybuilding
Single Arm Resistance Band Low Row,Video Demonstration,,Beginner,Back,Latissimus Dorsi,,Resistance Band,None,0,Standing,Single Arm,Neutral,No Load,Continuous,Horizontal Pull,,Sagittal Plane,Upper Body,Pull,Compound,Bodybuilding
Single Arm Resistance Band Mid Row,,,Beginner,Back,Latissimus Dorsi,,Resistance Band,None,0,Standing,Single Arm,Pronated,No Load,Continuous,Horizontal Pull,,Sagittal Plane,Upper Body,Pull,Compound,Bodybuilding
Single Arm Resistance Band Chest Press,Video Demonstration,,Beginner,Chest,Pectoralis Major,Triceps Brachii,Resistance Band,None,0,Standing,Single Arm,Pronated,No Load,Continuous,Horizontal Push,,Sagittal Plane,Upper Body,Push,Compound,Bodybuilding
Resistance Band Reverse Grip Bicep Curl,Video Demonstration,Video Explanation,Beginner,Forearms,Brachioradialis,Biceps Brachii,Resistance Band,None,0,Standing,Double Arm,Pronated,No Load,Continuous,Elbow Flexion,,Sagittal Plane,Upper Body,Pull,Isolation,Bodybuilding
Resistance Band Alternating Reverse Grip Bicep Curl,,,Beginner,Forearms,Brachioradialis,Biceps Brachii,Resistance Band,None,0,Standing,Double Arm,Pronated,No Load,Continuous,Elbow Flexion,,Sagittal Plane,Upper Body,Pull,Isolation,Bodybuilding
Resistance Band Hammer Curl,Video Demonstration,,Beginner,Biceps,Biceps Brachii,Brachialis,Resistance Band,None,0,Standing,Double Arm,Neutral,Other,Continuous,Elbow Flexion,,Sagittal Plane,Upper Body,Pull,Isolation,Bodybuilding
Battle Rope Jumping Jack,Video Demonstration,Video Explanation,Novice,Shoulders,Lateral Deltoids,,Battle Ropes,None,0,Standing,Double Arm,Neutral,Lateral,Continuous,Shoulder Abduction,,Sagittal Plane,Full Body,Other,Compound,Plyometric
Battle Rope Squat Jump Power Slam,Video Demonstration,Video Explanation,Intermediate,Quadriceps,Quadriceps Femoris,Rectus Abdominis,Battle Ropes,None,0,Standing,Double Arm,Neutral,Other,Continuous,Knee Dominant,,Sagittal Plane,Full Body,Other,Compound,Plyometric
Battle Rope Alternating Side Slam,Video Demonstration,,Novice,Abdominals,Obliques,,Battle Ropes,None,0,Standing,Double Arm,Neutral,Other,Continuous,Rotational,,Transverse Plane,Core,Other,Compound,Unsorted*
Battle Rope Squat Jump Alternating Wave,Video Demonstration,Video Explanation,Intermediate,Quadriceps,Quadriceps Femoris,Rectus Abdominis,Battle Ropes,None,0,Standing,Double Arm,Neutral,Other,Continuous,Knee Dominant,,Sagittal Plane,Full Body,Other,Compound,Plyometric
Battle Rope In and Out Squat Jump Power Slam,Video Demonstration,,Intermediate,Quadriceps,Quadriceps Femoris,Rectus Abdominis,Battle Ropes,None,0,Standing,Double Arm,Neutral,Other,Continuous,Knee Dominant,,Frontal Plane,Full Body,Other,Compound,Plyometric
Battle Rope In and Out Squat Jump Alternating Wave,,,Intermediate,Quadriceps,Quadriceps Femoris,Rectus Abdominis,Battle Ropes,None,0,Standing,Double Arm,Neutral,Other,Continuous,Knee Dominant,,Frontal Plane,Full Body,Other,Compound,Plyometric
Bodyweight In and Out Squat Jump,Video Demonstration,Video Explanation,Novice,Quadriceps,Quadriceps Femoris,Gluteus Maximus,Bodyweight,None,0,Standing,No Arms,No Grip,No Load,Continuous,Knee Dominant,,Frontal Plane,Lower Body,Push,Compound,Plyometric
Miniband Thigh In and Out Squat Jump,Video Demonstration,,Novice,Abductors,Gluteus Medius,Gluteus Minimus,Miniband,None,0,Standing,No Arms,No Grip,No Load,Continuous,Hip Abduction,Knee Dominant,Frontal Plane,Lower Body,Push,Compound,Plyometric
Miniband Ankle In and Out Squat Jump,Video Demonstration,Video Explanation,Intermediate,Abductors,Gluteus Medius,Gluteus Minimus,Miniband,None,0,Standing,No Arms,No Grip,No Load,Continuous,Hip Abduction,Knee Dominant,Frontal Plane,Lower Body,Push,Compound,Plyometric
Resistance Band Alternating Hammer Curl,,Video Explanation,Beginner,Biceps,Biceps Brachii,Brachialis,Resistance Band,None,0,Standing,Double Arm,Neutral,Other,Continuous,Elbow Flexion,,Sagittal Plane,Upper Body,Pull,Isolation,Bodybuilding
Resistance Band Y Raise,,,Beginner,Shoulders,Posterior Deltoids,,Resistance Band,None,0,Standing,Double Arm,Pronated,No Load,Continuous,Unsorted*,,Sagittal Plane,Upper Body,Pull,Compound,Unsorted*
Battle Rope Isometric Split Squat Power Slam,Video Demonstration,,Intermediate,Abdominals,Rectus Abdominis,Quadriceps Femoris,Battle Ropes,None,0,Isometric Split Squat,Double Arm,Neutral,Other,Continuous,Unsorted*,,Sagittal Plane,Full Body,Other,Compound,Balance
Battle Rope Alternating Split Squat Jump Alternating Wave,Video Demonstration,,Intermediate,Quadriceps,Quadriceps Femoris,Biceps Brachii,Battle Ropes,None,0,Split Squat,Double Arm,Neutral,Other,Alternating,Knee Dominant,,Sagittal Plane,Full Body,Other,Compound,Plyometric
Battle Rope Alternating Split Squat Jump Power Slam,Video Demonstration,,Intermediate,Quadriceps,Quadriceps Femoris,Rectus Abdominis,Battle Ropes,None,0,Split Squat,Double Arm,Neutral,Other,Alternating,Knee Dominant,,Sagittal Plane,Full Body,Other,Compound,Plyometric
Single Arm Kettlebell Front Rack Contralateral Cossack Squat,Video Demonstration,,Novice,Quadriceps,Quadriceps Femoris,Adductor Magnus,Kettlebell,None,0,Standing,Single Arm,Neutral,Front Rack,Continuous,Knee Dominant,,Frontal Plane,Lower Body,Push,Compound,Bodybuilding
Resistance Band Cuban Press,Video Demonstration,,Beginner,Shoulders,Posterior Deltoids,Triceps Brachii,Resistance Band,None,0,Standing,Double Arm,Pronated,No Load,Continuous,Shoulder External Rotation,Vertical Push,Transverse Plane,Upper Body,Push & Pull,Compound,Unsorted*
Single Arm Kettlebell Overhead Contralateral Cossack Squat,Video Demonstration,,Intermediate,Quadriceps,Quadriceps Femoris,Adductor Magnus,Kettlebell,None,0,Standing,Single Arm,Pronated,Overhead,Continuous,Knee Dominant,,Frontal Plane,Lower Body,Push,Compound,Bodybuilding
Resistance Band Tall Kneeling Cuban Press,,Video Explanation,Beginner,Shoulders,Posterior Deltoids,Triceps Brachii,Resistance Band,None,0,Tall Kneeling,Double Arm,Pronated,No Load,Continuous,Shoulder External Rotation,Vertical Push,Transverse Plane,Upper Body,Push & Pull,Compound,Unsorted*
Superband Pull Apart,Video Demonstration,Video Explanation,Beginner,Shoulders,Posterior Deltoids,,Superband,None,0,Standing,Double Arm,Supinated,Lateral,Continuous,Shoulder Abduction,,Frontal Plane,Upper Body,Pull,Isolation,Mobility
Resistance Band Tall Kneeling Face Pull,Video Demonstration,,Beginner,Shoulders,Posterior Deltoids,Infraspinatus,Resistance Band,None,0,Standing,Double Arm,Pronated,No Load,Continuous,Shoulder External Rotation,,Transverse Plane,Upper Body,Pull,Compound,Bodybuilding
Resistance Band Overhead Press,Video Demonstration,Video Explanation,Beginner,Shoulders,Anterior Deltoids,Triceps Brachii,Resistance Band,None,0,Standing,Double Arm,Pronated,Overhead,Continuous,Vertical Push,,Sagittal Plane,Upper Body,Push,Compound,Bodybuilding
Resistance Band Alternating Overhead Press,Video Demonstration,,Beginner,Shoulders,Anterior Deltoids,Triceps Brachii,Resistance Band,None,0,Standing,Double Arm,Pronated,Overhead,Continuous,Vertical Push,,Sagittal Plane,Upper Body,Push,Compound,Bodybuilding
Alternating Double Dumbbell Overhead Press,Video Demonstration,,Beginner,Shoulders,Anterior Deltoids,Triceps Brachii,Dumbbell,None,0,Standing,Double Arm,Neutral,Overhead,Continuous,Vertical Push,,Sagittal Plane,Upper Body,Push,Compound,Bodybuilding
Suspension Skull Crusher,Video Demonstration,,Beginner,Triceps,Triceps Brachii ,Anconeus,Suspension Trainer,None,0,Standing,Double Arm,Pronated,Other,Continuous,Elbow Extension,,Sagittal Plane,Upper Body,Push,Compound,Bodybuilding
Slider Double Dumbbell Front Rack Lateral Lunge,Video Demonstration,,Novice,Quadriceps,Quadriceps Femoris,Gluteus Maximus,Sliders,Dumbbell,2,Standing,Double Arm,Neutral,Front Rack,Continuous,Knee Dominant,,Frontal Plane,Lower Body,Other,Compound,Bodybuilding
Slider Double Dumbbell Suitcase Lateral Lunge,Video Demonstration,,Novice,Quadriceps,Quadriceps Femoris,Gluteus Maximus,Sliders,Dumbbell,2,Standing,Double Arm,Neutral,Suitcase,Continuous,Knee Dominant,,Frontal Plane,Lower Body,Other,Compound,Bodybuilding
Slider Double Dumbbell Overhead Lateral Lunge,,,Intermediate,Quadriceps,Quadriceps Femoris,Gluteus Maximus,Sliders,Dumbbell,2,Standing,Double Arm,Neutral,Overhead,Continuous,Knee Dominant,,Frontal Plane,Lower Body,Other,Compound,Bodybuilding
Double Dumbbell Skull Crusher,Video Demonstration,,Beginner,Triceps,Triceps Brachii ,Anconeus,Dumbbell,Bench (Flat),1,Supine,Double Arm,Neutral,Other,Continuous,Elbow Extension,,Sagittal Plane,Upper Body,Push,Compound,Bodybuilding
Double Dumbbell Incline Bench Skull Crusher,Video Demonstration,Video Explanation,Beginner,Triceps,Triceps Brachii ,Anconeus,Dumbbell,Bench (Incline),1,Seated,Double Arm,Neutral,Other,Continuous,Elbow Extension,,Sagittal Plane,Upper Body,Push,Compound,Bodybuilding
Double Dumbbell Decline Bench Skull Crusher,Video Demonstration,Video Explanation,Beginner,Triceps,Triceps Brachii ,Anconeus,Dumbbell,Bench (Decline),1,Supine,Double Arm,Neutral,Other,Continuous,Elbow Extension,,Sagittal Plane,Upper Body,Push,Compound,Bodybuilding
Dumbbell Crush Grip Skull Crusher,Video Demonstration,,Beginner,Triceps,Triceps Brachii ,Anconeus,Dumbbell,Bench (Flat),1,Supine,Double Arm,Crush Grip,Other,Continuous,Elbow Extension,,Sagittal Plane,Upper Body,Push,Compound,Bodybuilding
Dumbbell Crush Grip Incline Bench Skull Crusher,,,Beginner,Triceps,Triceps Brachii ,Anconeus,Dumbbell,Bench (Incline),1,Seated,Double Arm,Crush Grip,Other,Continuous,Elbow Extension,,Sagittal Plane,Upper Body,Push,Compound,Bodybuilding
Dumbbell Crush Grip Decline Bench Skull Crusher,,,Beginner,Triceps,Triceps Brachii ,Anconeus,Dumbbell,Bench (Decline),1,Supine,Double Arm,Crush Grip,Other,Continuous,Elbow Extension,,Sagittal Plane,Upper Body,Push,Compound,Bodybuilding
Double Dumbbell Bent Over Row,Video Demonstration,,Beginner,Back,Latissimus Dorsi,Rhomboids,Dumbbell,None,0,Standing,Double Arm,Neutral,Other,Continuous,Horizontal Pull,,Sagittal Plane,Upper Body,Pull,Compound,Bodybuilding
EZ Bar Reverse Grip Bent Over Row,Video Demonstration,Video Explanation,Novice,Back,Latissimus Dorsi,Rhomboids,EZ Bar,None,0,Standing,Double Arm,Supinated,Other,Continuous,Horizontal Pull,,Sagittal Plane,Upper Body,Pull,Compound,Bodybuilding
Single Arm Kettlebell Overhead Ipsilateral Cossack Squat,,,Intermediate,Quadriceps,Quadriceps Femoris,Adductor Magnus,Kettlebell,None,0,Standing,Single Arm,Pronated,Overhead,Continuous,Knee Dominant,,Frontal Plane,Lower Body,Push,Compound,Bodybuilding
Single Arm Kettlebell Bottoms Up Overhead Contralateral Cossack Squat,,,Intermediate,Quadriceps,Quadriceps Femoris,Adductor Magnus,Kettlebell,None,0,Standing,Single Arm,Bottoms Up,Overhead,Continuous,Knee Dominant,,Frontal Plane,Lower Body,Push,Compound,Bodybuilding
Single Arm Kettlebell Bottoms Up Overhead Ipsilateral Cossack Squat,,,Intermediate,Quadriceps,Quadriceps Femoris,Adductor Magnus,Kettlebell,None,0,Standing,Single Arm,Bottoms Up,Overhead,Continuous,Knee Dominant,,Frontal Plane,Lower Body,Push,Compound,Bodybuilding
Single Arm Kettlebell Bottoms Up Front Rack Contralateral Cossack Squat,,,Intermediate,Quadriceps,Quadriceps Femoris,Adductor Magnus,Kettlebell,None,0,Standing,Single Arm,Bottoms Up,Front Rack,Continuous,Knee Dominant,,Frontal Plane,Lower Body,Push,Compound,Bodybuilding
Single Arm Kettlebell Bottoms Up Front Rack Ipsilateral Cossack Squat,,,Intermediate,Quadriceps,Quadriceps Femoris,Adductor Magnus,Kettlebell,None,0,Standing,Single Arm,Bottoms Up,Front Rack,Continuous,Knee Dominant,,Frontal Plane,Lower Body,Push,Compound,Bodybuilding
Single Arm Kettlebell Front Rack Foot Elevated Ipsilateral Cossack Squat,,,Intermediate,Quadriceps,Quadriceps Femoris,Adductor Magnus,Kettlebell,None,0,Standing,Single Arm,Neutral,Front Rack,Continuous,Knee Dominant,,Frontal Plane,Lower Body,Push,Compound,Bodybuilding
Single Arm Kettlebell Bottoms Up Front Rack Foot Elevated Contralateral Cossack Squat,,,Intermediate,Quadriceps,Quadriceps Femoris,Adductor Magnus,Kettlebell,None,0,Standing,Single Arm,Bottoms Up,Front Rack,Continuous,Knee Dominant,,Frontal Plane,Lower Body,Push,Compound,Bodybuilding
Single Arm Kettlebell Bottoms Up Front Rack Foot Elevated Ipsilateral Cossack Squat,,,Intermediate,Quadriceps,Quadriceps Femoris,Adductor Magnus,Kettlebell,None,0,Standing,Single Arm,Bottoms Up,Front Rack,Continuous,Knee Dominant,,Frontal Plane,Lower Body,Push,Compound,Bodybuilding
Single Arm Kettlebell Bottoms Up Overhead Foot Elevated Contralateral Cossack Squat,,,Intermediate,Quadriceps,Quadriceps Femoris,Adductor Magnus,Kettlebell,None,0,Standing,Single Arm,Bottoms Up,Overhead,Continuous,Knee Dominant,,Frontal Plane,Lower Body,Push,Compound,Bodybuilding
Single Arm Kettlebell Bottoms Up Overhead Foot Elevated Ipsilateral Cossack Squat,,,Intermediate,Quadriceps,Quadriceps Femoris,Adductor Magnus,Kettlebell,None,0,Standing,Single Arm,Bottoms Up,Overhead,Continuous,Knee Dominant,,Frontal Plane,Lower Body,Push,Compound,Bodybuilding
Single Arm Kettlebell Overhead Foot Elevated Contralateral Cossack Squat,,,Intermediate,Quadriceps,Quadriceps Femoris,Adductor Magnus,Kettlebell,None,0,Standing,Single Arm,Pronated,Overhead,Continuous,Knee Dominant,,Frontal Plane,Lower Body,Push,Compound,Bodybuilding
Single Arm Kettlebell Overhead Foot Elevated Ipsilateral Cossack Squat,,,Intermediate,Quadriceps,Quadriceps Femoris,Adductor Magnus,Kettlebell,None,0,Standing,Single Arm,Pronated,Overhead,Continuous,Knee Dominant,,Frontal Plane,Lower Body,Push,Compound,Bodybuilding
Double Kettlebell Bottoms Up Front Rack Foot Elevated Cossack Squat,,,Advanced,Quadriceps,Quadriceps Femoris,Adductor Magnus,Kettlebell,None,0,Standing,Double Arm,Bottoms Up,Front Rack,Continuous,Knee Dominant,,Frontal Plane,Lower Body,Push,Compound,Bodybuilding
Single Arm Dumbbell Bent Over Row,Video Demonstration,,Beginner,Back,Latissimus Dorsi,Rhomboids,Dumbbell,None,0,Standing,Single Arm,Neutral,Other,Continuous,Horizontal Pull,,Sagittal Plane,Upper Body,Pull,Compound,Bodybuilding
Single Arm Dumbbell Knee Supported Row,Video Demonstration,,Beginner,Back,Latissimus Dorsi,,Dumbbell,Bench (Flat),1,Knee Supported,Single Arm,Neutral,Other,Continuous,Horizontal Pull,,Sagittal Plane,Upper Body,Pull,Compound,Bodybuilding
Double Kettlebell Bottoms Up Overhead Low Switch Cossack Squat,,,Advanced,Quadriceps,Quadriceps Femoris,Adductor Magnus,Kettlebell,None,0,Standing,Double Arm,Bottoms Up,Overhead,Alternating,Knee Dominant,,Frontal Plane,Lower Body,Push,Compound,Bodybuilding
Double Kettlebell Bottoms Up Overhead Foot Elevated Cossack Squat,,,Advanced,Quadriceps,Quadriceps Femoris,Adductor Magnus,Kettlebell,None,0,Standing,Double Arm,Bottoms Up,Overhead,Continuous,Knee Dominant,,Frontal Plane,Lower Body,Push,Compound,Bodybuilding
Double Kettlebell Front Rack Foot Elevated Cossack Squat,,,Intermediate,Quadriceps,Quadriceps Femoris,Adductor Magnus,Kettlebell,None,0,Standing,Double Arm,Neutral,Front Rack,Continuous,Knee Dominant,,Frontal Plane,Lower Body,Push,Compound,Bodybuilding
Double Kettlebell Overhead Low Switch Cossack Squat,,,Intermediate,Quadriceps,Quadriceps Femoris,Adductor Magnus,Kettlebell,None,0,Standing,Double Arm,Pronated,Overhead,Alternating,Knee Dominant,,Frontal Plane,Lower Body,Push,Compound,Bodybuilding
Double Kettlebell Overhead Foot Elevated Cossack Squat,,,Intermediate,Quadriceps,Quadriceps Femoris,Adductor Magnus,Kettlebell,None,0,Standing,Double Arm,Pronated,Overhead,Continuous,Knee Dominant,,Frontal Plane,Lower Body,Push,Compound,Bodybuilding
Dumbbell Pullover,Video Demonstration,Video Explanation,Beginner,Back,Latissimus Dorsi,Pectoralis Major,Dumbbell,Bench (Flat),1,Supine,Double Arm,Flat Palm,Above Chest,Continuous,Unsorted*,,Sagittal Plane,Upper Body,Pull,Compound,Bodybuilding
Single Arm Kettlebell Bottoms Up Front Rack Alternating Cossack Squat,,,Intermediate,Quadriceps,Quadriceps Femoris,Adductor Magnus,Kettlebell,None,0,Standing,Single Arm,Bottoms Up,Front Rack,Alternating,Knee Dominant,,Frontal Plane,Lower Body,Push,Compound,Bodybuilding
Dumbbell Incline Bench Pullover,Video Demonstration,,Beginner,Back,Latissimus Dorsi,Pectoralis Major,Dumbbell,Bench (Incline),1,Seated,Double Arm,Flat Palm,Above Chest,Continuous,Unsorted*,,Sagittal Plane,Upper Body,Pull,Compound,Bodybuilding
Single Arm Kettlebell Bottoms Up Front Rack Low Switch Cossack Squat,,,Intermediate,Quadriceps,Quadriceps Femoris,Adductor Magnus,Kettlebell,None,0,Standing,Single Arm,Bottoms Up,Front Rack,Alternating,Knee Dominant,,Frontal Plane,Lower Body,Push,Compound,Bodybuilding
Single Arm Kettlebell Overhead Alternating Cossack Squat,,,Intermediate,Quadriceps,Quadriceps Femoris,Adductor Magnus,Kettlebell,None,0,Standing,Single Arm,Pronated,Overhead,Alternating,Knee Dominant,,Frontal Plane,Lower Body,Push,Compound,Bodybuilding
Single Arm Kettlebell Overhead Low Switch Cossack Squat,,,Intermediate,Quadriceps,Quadriceps Femoris,Adductor Magnus,Kettlebell,None,0,Standing,Single Arm,Pronated,Overhead,Alternating,Knee Dominant,,Frontal Plane,Lower Body,Push,Compound,Bodybuilding
Tire Incline Push Up,Video Demonstration,,Beginner,Chest,Pectoralis Major,Triceps Brachii,Tire,None,0,Prone,Double Arm,Flat Palm,No Load,Continuous,Horizontal Push,,Sagittal Plane,Upper Body,Push,Compound,Calisthenics
Double Dumbbell Close Grip Decline Bench Press,,Video Explanation,Beginner,Triceps,Triceps Brachii ,Pectoralis Major,Dumbbell,Bench (Decline),1,Supine,Double Arm,Neutral,Above Chest,Continuous,Horizontal Push,,Sagittal Plane,Upper Body,Push,Compound,Bodybuilding
Bodyweight Eccentric Push Up,Video Demonstration,,Beginner,Chest,Pectoralis Major,Triceps Brachii,Bodyweight,None,0,Prone,Double Arm,Flat Palm,No Load,Continuous,Horizontal Push,,Sagittal Plane,Upper Body,Push,Compound,Calisthenics
Double Dumbbell Bicep Curl,Video Demonstration,,Beginner,Biceps,Biceps Brachii,Brachialis,Dumbbell,None,0,Standing,Double Arm,Supinated,Other,Continuous,Elbow Flexion,,Sagittal Plane,Upper Body,Pull,Isolation,Bodybuilding
Cable Knee Hover Quadruped Fire Hydrant,,,Advanced,Glutes,Gluteus Maximus,Gluteus Medius,Cable,None,0,Knee Hover Quadruped,Double Arm,Flat Palm,Other,Continuous,Hip External Rotation,Isometric Hold,Transverse Plane,Lower Body,Other,Isolation,Unsorted*
Double Dumbbell Incline Bench Bicep Curl,Video Demonstration,,Beginner,Biceps,Biceps Brachii,Brachialis,Dumbbell,Bench (Incline),1,Seated,Double Arm,Supinated,Other,Continuous,Elbow Flexion,,Sagittal Plane,Upper Body,Pull,Isolation,Bodybuilding
Double Dumbbell Seated Hammer Curl,Video Demonstration,Video Explanation,Beginner,Biceps,Biceps Brachii,Brachialis,Dumbbell,Bench (Flat),1,Seated,Double Arm,Neutral,Other,Continuous,Elbow Flexion,,Sagittal Plane,Upper Body,Pull,Isolation,Bodybuilding
Alternating Double Dumbbell Seated Hammer Curl,Video Demonstration,,Beginner,Biceps,Biceps Brachii,Brachialis,Dumbbell,Bench (Flat),1,Seated,Double Arm,Neutral,Other,Continuous,Elbow Flexion,,Sagittal Plane,Upper Body,Pull,Isolation,Bodybuilding
Double Dumbbell Incline Bench Hammer Curl,Video Demonstration,,Beginner,Biceps,Biceps Brachii,Brachialis,Dumbbell,Bench (Incline),1,Seated,Double Arm,Neutral,Other,Continuous,Elbow Flexion,,Sagittal Plane,Upper Body,Pull,Isolation,Bodybuilding
Single Arm Dumbbell Half Kneeling Windmill,Video Demonstration,Video Explanation,Intermediate,Abdominals,Obliques,Rectus Abdominis,Dumbbell,None,0,Half Kneeling,Single Arm,Neutral,Overhead,Continuous,Rotational,,Transverse Plane,Core,Other,Compound,Grinds
Double Dumbbell Windmill,,,Advanced,Abdominals,Obliques,Rectus Abdominis,Dumbbell,None,0,Standing,Double Arm,Neutral,Overhead,Continuous,Rotational,,Transverse Plane,Core,Other,Compound,Grinds
Alternating Double Dumbbell Incline Bench Hammer Curl,Video Demonstration,Video Explanation,Beginner,Biceps,Biceps Brachii,Brachialis,Dumbbell,Bench (Incline),1,Seated,Double Arm,Neutral,Other,Continuous,Elbow Flexion,,Sagittal Plane,Upper Body,Pull,Isolation,Bodybuilding
Double Dumbbell Cyclist Thruster,Video Demonstration,,Novice,Quadriceps,Quadriceps Femoris,Anterior Deltoids,Dumbbell,Slant Board,1,Standing,Double Arm,Neutral,Overhead,Continuous,Knee Dominant,Vertical Push,Sagittal Plane,Full Body,Push,Compound,Bodybuilding
Single Arm Kettlebell Bottoms Up Overhead Low Switch Cossack Squat,,,Advanced,Quadriceps,Quadriceps Femoris,Adductor Magnus,Kettlebell,None,0,Standing,Single Arm,Bottoms Up,Overhead,Alternating,Knee Dominant,,Frontal Plane,Lower Body,Push,Compound,Bodybuilding
Alternating Double Dumbbell Cyclist Thruster,,,Novice,Quadriceps,Quadriceps Femoris,Anterior Deltoids,Dumbbell,Slant Board,1,Standing,Double Arm,Neutral,Overhead,Continuous,Knee Dominant,Vertical Push,Sagittal Plane,Full Body,Push,Compound,Bodybuilding
Kettlebell Goblet Alternating Pistol Squat,,,Advanced,Quadriceps,Quadriceps Femoris,Gluteus Maximus,Kettlebell,None,0,Single Leg Standing,Double Arm,Goblet,Front Rack,Alternating,Knee Dominant,,Sagittal Plane,Lower Body,Push,Compound,Balance
Kettlebell Goblet Pistol Squat,Video Demonstration,,Advanced,Quadriceps,Quadriceps Femoris,Gluteus Maximus,Kettlebell,None,0,Single Leg Standing,Double Arm,Goblet,Front Rack,Continuous,Knee Dominant,,Sagittal Plane,Lower Body,Push,Compound,Balance
Kettlebell Horn Grip Alternating Pistol Squat,Video Demonstration,,Advanced,Quadriceps,Quadriceps Femoris,Gluteus Maximus,Kettlebell,None,0,Single Leg Standing,Double Arm,Horn Grip,Front Rack,Alternating,Knee Dominant,,Sagittal Plane,Lower Body,Push,Compound,Balance
Single Arm Dumbbell Bent Press,Video Demonstration,Video Explanation,Intermediate,Shoulders,Anterior Deltoids,Triceps Brachii,Dumbbell,None,0,Standing,Single Arm,Neutral,Overhead,Continuous,Knee Dominant,Vertical Push,Transverse Plane,Full Body,Push,Compound,Grinds
Single Arm Dumbbell Half Kneeling Bent Press,,,Intermediate,Shoulders,Anterior Deltoids,Triceps Brachii,Dumbbell,None,0,Half Kneeling,Single Arm,Neutral,Overhead,Continuous,Knee Dominant,Vertical Push,Transverse Plane,Full Body,Push,Compound,Grinds
Double Dumbbell Seated Zottman Curl,Video Demonstration,,Beginner,Biceps,Biceps Brachii,Brachioradialis,Dumbbell,Bench (Flat),1,Seated,Double Arm,Supinated,Other,Continuous,Elbow Flexion,,Sagittal Plane,Upper Body,Pull,Isolation,Bodybuilding
Cable Straight Bar Tricep Pushdown,Video Demonstration,Video Explanation,Beginner,Triceps,Triceps Brachii ,Anconeus,Cable,None,0,Standing,Double Arm,Pronated,Other,Continuous,Elbow Extension,,Sagittal Plane,Upper Body,Push,Isolation,Bodybuilding
Cable Straight Bar Reverse Grip Tricep Pushdown,Video Demonstration,Video Explanation,Beginner,Triceps,Triceps Brachii ,,Cable,None,0,Standing,Double Arm,Supinated,Other,Continuous,Elbow Extension,,Sagittal Plane,Upper Body,Push,Isolation,Bodybuilding
Alternating Double Dumbbell Zottman Curl,Video Demonstration,,Beginner,Biceps,Biceps Brachii,Brachioradialis,Dumbbell,None,0,Standing,Double Arm,Supinated,Other,Continuous,Elbow Flexion,,Sagittal Plane,Upper Body,Pull,Isolation,Bodybuilding
Alternating Double Dumbbell Seated Zottman Curl,Video Demonstration,,Beginner,Biceps,Biceps Brachii,Brachioradialis,Dumbbell,Bench (Flat),1,Seated,Double Arm,Supinated,Other,Continuous,Elbow Flexion,,Sagittal Plane,Upper Body,Pull,Isolation,Bodybuilding
Dumbbell Crush Grip Tall Kneeling Overhead Tricep Extension,Video Demonstration,Video Explanation,Beginner,Triceps,Triceps Brachii ,Anterior Deltoids,Dumbbell,None,0,Tall Kneeling,Double Arm,Crush Grip,Overhead,Continuous,Elbow Extension,,Sagittal Plane,Upper Body,Push,Isolation,Bodybuilding
Single Arm Dumbbell Overhead Press,Video Demonstration,Video Explanation,Beginner,Shoulders,Anterior Deltoids,Triceps Brachii,Dumbbell,None,0,Standing,Single Arm,Neutral,Overhead,Continuous,Vertical Push,,Sagittal Plane,Upper Body,Push,Compound,Bodybuilding
Single Arm Dumbbell Seated Overhead Press,Video Demonstration,,Beginner,Shoulders,Anterior Deltoids,Triceps Brachii,Dumbbell,Bench (Flat),1,Seated,Single Arm,Neutral,Overhead,Continuous,Vertical Push,,Sagittal Plane,Upper Body,Push,Compound,Bodybuilding
Double Dumbbell Seated Bicep Curl,Video Demonstration,Video Explanation,Beginner,Biceps,Biceps Brachii,Brachialis,Dumbbell,Bench (Flat),1,Seated,Double Arm,Supinated,Other,Continuous,Elbow Flexion,,Sagittal Plane,Upper Body,Pull,Isolation,Bodybuilding
Double Dumbbell Incline Bench Zottman Curl,Video Demonstration,,Beginner,Biceps,Biceps Brachii,Brachioradialis,Dumbbell,Bench (Incline),1,Seated,Double Arm,Supinated,Other,Continuous,Elbow Flexion,,Sagittal Plane,Upper Body,Pull,Isolation,Bodybuilding
Alternating Double Dumbbell Incline Bench Zottman Curl,Video Demonstration,,Beginner,Biceps,Biceps Brachii,Brachioradialis,Dumbbell,Bench (Incline),1,Seated,Double Arm,Supinated,Other,Continuous,Elbow Flexion,,Sagittal Plane,Upper Body,Pull,Isolation,Bodybuilding
Alternating Double Dumbbell Seated Overhead Press,Video Demonstration,,Beginner,Shoulders,Anterior Deltoids,Triceps Brachii,Dumbbell,Bench (Flat),1,Seated,Double Arm,Neutral,Overhead,Continuous,Vertical Push,,Sagittal Plane,Upper Body,Push,Compound,Bodybuilding
Double Kettlebell Floor Press,Video Demonstration,Video Explanation,Beginner,Chest,Pectoralis Major,Triceps Brachii,Kettlebell,None,0,Supine,Double Arm,Pronated,Above Chest,Continuous,Horizontal Push,,Sagittal Plane,Upper Body,Push,Compound,Bodybuilding
Single Arm Kettlebell Floor Press,Video Demonstration,Video Explanation,Beginner,Chest,Pectoralis Major,Triceps Brachii,Kettlebell,None,0,Supine,Single Arm,Pronated,Above Chest,Continuous,Horizontal Push,,Sagittal Plane,Upper Body,Push,Compound,Bodybuilding
Alternating Double Kettlebell Floor Press,Video Demonstration,,Beginner,Chest,Pectoralis Major,Triceps Brachii,Kettlebell,None,0,Supine,Double Arm,Pronated,Above Chest,Continuous,Horizontal Push,,Sagittal Plane,Upper Body,Push,Compound,Bodybuilding
Single Arm Dumbbell Front Rack Ipsilateral Cossack Squat,Video Demonstration,,Novice,Quadriceps,Quadriceps Femoris,Adductor Magnus,Dumbbell,None,0,Standing,Single Arm,Neutral,Front Rack,Continuous,Knee Dominant,,Frontal Plane,Lower Body,Push,Compound,Bodybuilding
Single Arm Dumbbell Overhead Alternating Cossack Squat,,,Intermediate,Quadriceps,Quadriceps Femoris,Adductor Magnus,Dumbbell,None,0,Standing,Double Arm,Neutral,Overhead,Alternating,Knee Dominant,,Frontal Plane,Lower Body,Push,Compound,Bodybuilding
Dumbbell Crush Grip Seated Overhead Tricep Extension,Video Demonstration,,Beginner,Triceps,Triceps Brachii ,Anterior Deltoids,Dumbbell,Bench (Flat),1,Seated,Double Arm,Crush Grip,Overhead,Continuous,Elbow Extension,,Sagittal Plane,Upper Body,Push,Isolation,Bodybuilding
Alternating Double Kettlebell Bent Over Row,Video Demonstration,,Beginner,Back,Latissimus Dorsi,Rhomboids,Kettlebell,None,0,Standing,Double Arm,Neutral,Other,Continuous,Horizontal Pull,,Sagittal Plane,Upper Body,Pull,Compound,Bodybuilding
Battle Rope Double Wave,Video Demonstration,Video Explanation,Beginner,Biceps,Biceps Brachii,,Battle Ropes,None,0,Standing,Double Arm,Neutral,Other,Continuous,Unsorted*,,Sagittal Plane,Upper Body,Other,Compound,Unsorted*
Double Dumbbell Front Raise,Video Demonstration,,Beginner,Shoulders,Anterior Deltoids,Pectoralis Major,Dumbbell,None,0,Standing,Double Arm,Pronated,Other,Continuous,Shoulder Flexion,,Sagittal Plane,Upper Body,Push,Isolation,Bodybuilding
Double Dumbbell Incline Bench Prone Lateral Raise,Video Demonstration,,Beginner,Shoulders,Posterior Deltoids,,Dumbbell,Bench (Incline),1,Prone,Double Arm,Neutral,Other,Continuous,Shoulder Abduction,,Frontal Plane,Upper Body,Pull,Isolation,Bodybuilding
Dumbbell Crush Grip Seated Bicep Curl,Video Demonstration,,Beginner,Biceps,Biceps Brachii,Brachialis,Dumbbell,Bench (Flat),1,Seated,Double Arm,Crush Grip,Other,Continuous,Elbow Flexion,,Sagittal Plane,Upper Body,Pull,Isolation,Bodybuilding
Double Dumbbell Incline Bench Prone Hammer Curl,Video Demonstration,,Beginner,Biceps,Biceps Brachii,Brachialis,Dumbbell,Bench (Incline),1,Prone,Double Arm,Neutral,Other,Continuous,Elbow Flexion,,Sagittal Plane,Upper Body,Pull,Isolation,Bodybuilding
Single Arm Dumbbell Overhead Low Switch Cossack Squat,,,Advanced,Quadriceps,Quadriceps Femoris,Adductor Magnus,Dumbbell,None,0,Standing,Single Arm,Neutral,Overhead,Alternating,Knee Dominant,,Frontal Plane,Lower Body,Push,Compound,Bodybuilding
Dumbbell Goblet Foot Elevated Cossack Squat,,,Intermediate,Quadriceps,Quadriceps Femoris,Adductor Magnus,Dumbbell,None,0,Standing,Double Arm,Goblet,Front Rack,Continuous,Knee Dominant,,Frontal Plane,Lower Body,Push,Compound,Bodybuilding
Single Arm Clubbell Order Ipsilateral Cossack Squat,,,Novice,Quadriceps,Quadriceps Femoris,Adductor Magnus,Clubbell,None,0,Standing,Single Arm,Neutral,Order,Continuous,Knee Dominant,,Frontal Plane,Lower Body,Push,Compound,Bodybuilding
Single Arm Clubbell Order Foot Elevated Ipsilateral Cossack Squat,,,Intermediate,Quadriceps,Quadriceps Femoris,Adductor Magnus,Clubbell,None,0,Standing,Single Arm,Neutral,Order,Continuous,Knee Dominant,,Frontal Plane,Lower Body,Push,Compound,Bodybuilding
Single Arm Macebell Order Ipsilateral Cossack Squat,,,Novice,Quadriceps,Quadriceps Femoris,Adductor Magnus,Macebell,None,0,Standing,Single Arm,Neutral,Order,Continuous,Knee Dominant,,Frontal Plane,Lower Body,Push,Compound,Bodybuilding
Single Arm Macebell Order Foot Elevated Ipsilateral Cossack Squat,,,Intermediate,Quadriceps,Quadriceps Femoris,Adductor Magnus,Macebell,None,0,Standing,Single Arm,Neutral,Order,Continuous,Knee Dominant,,Frontal Plane,Lower Body,Push,Compound,Bodybuilding
Single Arm Dummbell Front Rack Foot Elevated Contralateral Cossack Squat,,,Intermediate,Quadriceps,Quadriceps Femoris,Adductor Magnus,Dumbbell,None,0,Standing,Single Arm,Neutral,Front Rack,Continuous,Knee Dominant,,Frontal Plane,Lower Body,Push,Compound,Bodybuilding
Single Arm Dumbbell Front Rack Foot Elevated Ipsilateral Cossack Squat,,,Intermediate,Quadriceps,Quadriceps Femoris,Adductor Magnus,Dumbbell,None,0,Standing,Single Arm,Neutral,Front Rack,Continuous,Knee Dominant,,Frontal Plane,Lower Body,Push,Compound,Bodybuilding
Alternating Double Dumbbell Incline Bench Prone Hammer Curl,Video Demonstration,,Beginner,Biceps,Biceps Brachii,Brachialis,Dumbbell,Bench (Incline),1,Prone,Double Arm,Neutral,Other,Continuous,Elbow Flexion,,Sagittal Plane,Upper Body,Pull,Isolation,Bodybuilding
Single Arm Dumbbell Incline Bench Press,Video Demonstration,Video Explanation,Beginner,Chest,Pectoralis Major,Triceps Brachii,Dumbbell,Bench (Incline),1,Supine,Single Arm,Pronated,Above Chest,Continuous,Horizontal Push,,Sagittal Plane,Upper Body,Push,Compound,Bodybuilding
Single Arm Dumbbell Decline Bench Press,Video Demonstration,,Beginner,Chest,Pectoralis Major,Triceps Brachii,Dumbbell,Bench (Decline),1,Supine,Single Arm,Pronated,Above Chest,Continuous,Horizontal Push,,Sagittal Plane,Upper Body,Push,Compound,Bodybuilding
Single Arm Kettlebell Bottoms Up Copenhagen Plank,Video Demonstration,Video Explanation,Intermediate,Adductors,Adductor Magnus,,Kettlebell,Bench (Flat),1,Side Plank,Single Arm,Bottoms Up,Other,Continuous,Hip Adduction,,Frontal Plane,Lower Body,Other,Compound,Unsorted*
Double Dumbbell Floor Press,Video Demonstration,Video Explanation,Beginner,Chest,Pectoralis Major,Triceps Brachii,Dumbbell,None,0,Supine,Double Arm,Pronated,Above Chest,Continuous,Horizontal Push,,Sagittal Plane,Upper Body,Push,Compound,Bodybuilding
Double Kettlebell Bottoms Up Glute Bridge Isometric Bench Press,,,Intermediate,Chest,Pectoralis Major,Triceps Brachii,Kettlebell,Bench (Flat),1,Bridge,Double Arm,Bottoms Up,Above Chest,Continuous,Horizontal Push,Isometric Hold,Sagittal Plane,Full Body,Push,Compound,Bodybuilding
Alternating Double Dumbbell Floor Press,Video Demonstration,,Beginner,Chest,Pectoralis Major,Triceps Brachii,Dumbbell,None,0,Supine,Double Arm,Pronated,Above Chest,Continuous,Horizontal Push,,Sagittal Plane,Upper Body,Push,Compound,Bodybuilding
Kettlebell Seated Single Leg Tibialis Raise,Video Demonstration,,Novice,Shins,Tibialis Anterior,Extensor Digitorum Longus,Kettlebell,Bench (Flat),1,Seated,No Arms,No Grip,Other,Continuous,Ankle Dorsiflexion,,Sagittal Plane,Lower Body,Unsorted*,Isolation,Unsorted*
Double Kettlebell Seated Calf Raise,,Video Explanation,Beginner,Calves,Soleus,Gastrocnemius,Kettlebell,Bench (Flat),1,Seated,Double Arm,Neutral,Other,Continuous,Ankle Plantar Flexion,,Sagittal Plane,Lower Body,Push,Isolation,Bodybuilding
Double Kettlebell Seated Feet Elevated Calf Raise,Video Demonstration,Video Explanation,Beginner,Calves,Soleus,Gastrocnemius,Kettlebell,Bench (Flat),1,Seated,Double Arm,Neutral,Other,Continuous,Ankle Plantar Flexion,,Sagittal Plane,Lower Body,Push,Isolation,Bodybuilding
Alternating Double Dumbbell Thruster,Video Demonstration,,Novice,Quadriceps,Quadriceps Femoris,Anterior Deltoids,Dumbbell,None,0,Standing,Double Arm,Neutral,Overhead,Continuous,Knee Dominant,Vertical Push,Sagittal Plane,Full Body,Push,Compound,Bodybuilding
Single Arm Dumbbell Floor Press,Video Demonstration,Video Explanation,Beginner,Chest,Pectoralis Major,Triceps Brachii,Dumbbell,None,0,Supine,Single Arm,Pronated,Above Chest,Continuous,Horizontal Push,,Sagittal Plane,Upper Body,Push,Compound,Bodybuilding
Single Arm Macebell Inside Circle,,Video Explanation,Intermediate,Abdominals,Rectus Abdominis,Gluteus Maximus,Macebell,None,0,Standing,Single Arm,Neutral,Other,Continuous,Knee Dominant,,Transverse Plane,Full Body,Other,Compound,Ballistics
Single Arm Macebell Outside Circle,,Video Explanation,Intermediate,Abdominals,Rectus Abdominis,Gluteus Maximus,Macebell,None,0,Standing,Single Arm,Neutral,Other,Continuous,Knee Dominant,,Transverse Plane,Full Body,Other,Compound,Ballistics
Single Arm Macebell Inside Circle to Outside Circle,,Video Explanation,Intermediate,Abdominals,Rectus Abdominis,Gluteus Maximus,Macebell,None,0,Standing,Single Arm,Neutral,Other,Continuous,Knee Dominant,,Transverse Plane,Full Body,Other,Compound,Ballistics
Macebell Inside Circle,,,Intermediate,Abdominals,Rectus Abdominis,Gluteus Maximus,Macebell,None,0,Standing,Double Arm,Neutral,Order,Continuous,Knee Dominant,,Transverse Plane,Full Body,Other,Compound,Ballistics
Macebell Outside Circle,,,Intermediate,Abdominals,Rectus Abdominis,Gluteus Maximus,Macebell,None,0,Standing,Double Arm,Neutral,Order,Continuous,Rotational,,Transverse Plane,Full Body,Other,Compound,Ballistics
Macebell Inside Circle to Outside Circle,,,Intermediate,Abdominals,Rectus Abdominis,Gluteus Maximus,Macebell,None,0,Standing,Double Arm,Neutral,Order,Continuous,Rotational,,Transverse Plane,Full Body,Other,Compound,Ballistics
Battle Rope Clap,Video Demonstration,Video Explanation,Beginner,Shoulders,Lateral Deltoids,Biceps Brachii,Battle Ropes,None,0,Standing,Double Arm,Neutral,Other,Continuous,Shoulder Abduction,,Sagittal Plane,Upper Body,Other,Compound,Unsorted*
Battle Rope Inward Circle,Video Demonstration,Video Explanation,Beginner,Shoulders,Anterior Deltoids,Biceps Brachii,Battle Ropes,None,0,Standing,Double Arm,Neutral,Other,Continuous,Unsorted*,,Sagittal Plane,Upper Body,Other,Compound,Unsorted*
Battle Rope Outward Circle,Video Demonstration,,Beginner,Shoulders,Anterior Deltoids,Biceps Brachii,Battle Ropes,None,0,Standing,Double Arm,Neutral,Other,Continuous,Unsorted*,,Sagittal Plane,Upper Body,Other,Compound,Unsorted*
Double Kettlebell Tall Kneeling Shrug,,,Beginner,Trapezius,Upper Trapezius,Levator Scapulae,Kettlebell,None,0,Tall Kneeling,Double Arm,Neutral,Suitcase,Continuous,Scapular Elevation,,Sagittal Plane,Upper Body,Pull,Isolation,Bodybuilding
Alternating Double Dumbbell Bent Over Row,Video Demonstration,,Beginner,Back,Latissimus Dorsi,Rhomboids,Dumbbell,None,0,Standing,Double Arm,Neutral,Other,Continuous,Horizontal Pull,,Sagittal Plane,Upper Body,Pull,Compound,Bodybuilding
Battle Rope Alternating Cossack Squat Alternating Wave,,,Intermediate,Quadriceps,Quadriceps Femoris,Adductor Magnus,Battle Ropes,None,0,Standing,Double Arm,Neutral,Other,Alternating,Knee Dominant,,Frontal Plane,Full Body,Other,Compound,Unsorted*
Bodyweight Low Switch Cossack Squat,Video Demonstration,,Beginner,Quadriceps,Quadriceps Femoris,Adductor Magnus,Bodyweight,None,0,Standing,No Arms,No Grip,No Load,Alternating,Knee Dominant,,Frontal Plane,Lower Body,Push,Compound,Bodybuilding
Barbell Zercher Alternating Cossack Squat,Video Demonstration,,Advanced,Quadriceps,Quadriceps Femoris,Adductor Magnus,Barbell,None,0,Standing,Double Arm,No Grip,Zercher,Alternating,Knee Dominant,,Frontal Plane,Lower Body,Push,Compound,Bodybuilding
Barbell Zercher Cossack Squat,,,Advanced,Quadriceps,Quadriceps Femoris,Adductor Magnus,Barbell,None,0,Standing,Double Arm,No Grip,Zercher,Continuous,Knee Dominant,,Frontal Plane,Lower Body,Push,Compound,Bodybuilding
Barbell Zercher Low Switch Cossack Squat,,,Advanced,Quadriceps,Quadriceps Femoris,Adductor Magnus,Barbell,None,0,Standing,Double Arm,No Grip,Zercher,Alternating,Knee Dominant,,Frontal Plane,Lower Body,Push,Compound,Bodybuilding
Barbell Zercher Foot Elevated Cossack Squat,,,Advanced,Quadriceps,Quadriceps Femoris,Adductor Magnus,Barbell,None,0,Standing,Double Arm,No Grip,Zercher,Continuous,Knee Dominant,,Frontal Plane,Lower Body,Push,Compound,Bodybuilding
Barbell Zombie Squat,Video Demonstration,Video Explanation,Advanced,Quadriceps,Quadriceps Femoris,Gluteus Maximus,Barbell,None,0,Standing,Double Arm,No Grip,Front Rack,Continuous,Knee Dominant,,Sagittal Plane,Lower Body,Push,Compound,Bodybuilding
Barbell Zombie Split Squat,,Video Explanation,Advanced,Quadriceps,Quadriceps Femoris,Gluteus Maximus,Barbell,None,0,Split Squat,Double Arm,No Grip,Front Rack,Continuous,Knee Dominant,,Sagittal Plane,Lower Body,Push,Compound,Bodybuilding
Heavy Sandbag Bear Hug Cossack Squat,Video Demonstration,,Intermediate,Quadriceps,Quadriceps Femoris,Gluteus Maximus,Heavy Sandbag,None,0,Standing,Double Arm,Neutral,Bear Hug,Continuous,Knee Dominant,,Frontal Plane,Lower Body,Push,Compound,Unsorted*
Heavy Sandbag Bear Hug Alternating Cossack Squat,,,Intermediate,Quadriceps,Quadriceps Femoris,Gluteus Maximus,Heavy Sandbag,None,0,Standing,Double Arm,Neutral,Bear Hug,Alternating,Knee Dominant,,Frontal Plane,Lower Body,Push,Compound,Unsorted*
Heavy Sandbag Shoulder Contralateral Cossack Squat,,,Intermediate,Quadriceps,Quadriceps Femoris,Gluteus Maximus,Heavy Sandbag,None,0,Standing,Double Arm,Neutral,Shoulder,Continuous,Knee Dominant,,Frontal Plane,Lower Body,Push,Compound,Unsorted*
Heavy Sandbag Shoulder Alternating Cossack Squat,,,Intermediate,Quadriceps,Quadriceps Femoris,Gluteus Maximus,Heavy Sandbag,None,0,Standing,Double Arm,Neutral,Shoulder,Alternating,Knee Dominant,,Frontal Plane,Lower Body,Push,Compound,Unsorted*
Heavy Sandbag Shoulder Ipsilateral Cossack Squat,,,Intermediate,Quadriceps,Quadriceps Femoris,Gluteus Maximus,Heavy Sandbag,None,0,Standing,Double Arm,Neutral,Shoulder,Continuous,Knee Dominant,,Frontal Plane,Lower Body,Push,Compound,Unsorted*
Barbell Zombie Cyclist Squat,,,Advanced,Quadriceps,Quadriceps Femoris,Gluteus Maximus,Barbell,Slant Board,1,Standing,Double Arm,No Grip,Front Rack,Continuous,Knee Dominant,,Sagittal Plane,Lower Body,Push,Compound,Bodybuilding
Single Arm Suspension Foot Elevated Ipsilateral Cossack Squat,,,Beginner,Quadriceps,Quadriceps Femoris,Adductor Magnus,Suspension Trainer,None,0,Standing,Single Arm,Neutral,No Load,Continuous,Knee Dominant,,Frontal Plane,Lower Body,Push,Compound,Bodybuilding
Single Arm Suspension Ipsilateral Cossack Squat,Video Demonstration,,Beginner,Quadriceps,Quadriceps Femoris,Adductor Magnus,Suspension Trainer,None,0,Standing,Single Arm,Neutral,No Load,Continuous,Knee Dominant,,Frontal Plane,Lower Body,Push,Compound,Bodybuilding
Battle Rope Low Switch Cossack Squat Alternating Wave,,,Intermediate,Quadriceps,Quadriceps Femoris,Adductor Magnus,Battle Ropes,None,0,Standing,Double Arm,Neutral,Other,Alternating,Knee Dominant,,Frontal Plane,Full Body,Other,Compound,Unsorted*
Plate Overhead Cossack Squat,,,Intermediate,Quadriceps,Quadriceps Femoris,Adductor Magnus,Weight Plate,None,0,Standing,Double Arm,Neutral,Overhead,Continuous,Knee Dominant,,Frontal Plane,Lower Body,Push,Compound,Bodybuilding
Plate Overhead Alternating Cossack Squat,,,Intermediate,Quadriceps,Quadriceps Femoris,Adductor Magnus,Weight Plate,None,0,Standing,Double Arm,Neutral,Overhead,Alternating,Knee Dominant,,Frontal Plane,Lower Body,Push,Compound,Bodybuilding
Plate Overhead Low Switch Cossack Squat,,,Intermediate,Quadriceps,Quadriceps Femoris,Adductor Magnus,Weight Plate,None,0,Standing,Double Arm,Neutral,Overhead,Alternating,Knee Dominant,,Frontal Plane,Lower Body,Push,Compound,Bodybuilding
Plate Overhead Foot Elevated Cossack Squat,,,Intermediate,Quadriceps,Quadriceps Femoris,Adductor Magnus,Weight Plate,None,0,Standing,Double Arm,Neutral,Overhead,Continuous,Knee Dominant,,Frontal Plane,Lower Body,Push,Compound,Bodybuilding
Bulgarian Bag Back Rack Cossack Squat,,,Novice,Quadriceps,Quadriceps Femoris,Adductor Magnus,Bulgarian Bag,None,0,Standing,Double Arm,Neutral,Back Rack,Continuous,Knee Dominant,,Frontal Plane,Lower Body,Push,Compound,Bodybuilding
Bulgarian Bag Back Rack Alternating Cossack Squat,Video Demonstration,,Novice,Quadriceps,Quadriceps Femoris,Adductor Magnus,Bulgarian Bag,None,0,Standing,Double Arm,Neutral,Back Rack,Alternating,Knee Dominant,,Frontal Plane,Lower Body,Push,Compound,Bodybuilding
Bulgarian Bag Back Rack Low Switch Cossack Squat,,,Novice,Quadriceps,Quadriceps Femoris,Adductor Magnus,Bulgarian Bag,None,0,Standing,Double Arm,Neutral,Back Rack,Alternating,Knee Dominant,,Frontal Plane,Lower Body,Push,Compound,Bodybuilding
Bulgarian Bag Back Rack Foot Elevated Cossack Squat,,,Novice,Quadriceps,Quadriceps Femoris,Adductor Magnus,Bulgarian Bag,None,0,Standing,Double Arm,Neutral,Back Rack,Continuous,Knee Dominant,,Frontal Plane,Lower Body,Push,Compound,Bodybuilding
Sandbag Front Rack Cossack Squat,,,Novice,Quadriceps,Quadriceps Femoris,Adductor Magnus,Sandbag,None,0,Standing,Double Arm,Supinated,Front Rack,Continuous,Knee Dominant,,Frontal Plane,Lower Body,Push,Compound,Bodybuilding
Sandbag Front Rack Alternating Cossack Squat,Video Demonstration,,Novice,Quadriceps,Quadriceps Femoris,Adductor Magnus,Sandbag,None,0,Standing,Double Arm,Supinated,Front Rack,Alternating,Knee Dominant,,Frontal Plane,Lower Body,Push,Compound,Bodybuilding
Sandbag Front Rack Low Switch Cossack Squat,,,Novice,Quadriceps,Quadriceps Femoris,Adductor Magnus,Sandbag,None,0,Standing,Double Arm,Supinated,Front Rack,Alternating,Knee Dominant,,Frontal Plane,Lower Body,Push,Compound,Bodybuilding
Sandbag Front Rack Foot Elevated Cossack Squat,,,Novice,Quadriceps,Quadriceps Femoris,Adductor Magnus,Sandbag,None,0,Standing,Double Arm,Supinated,Front Rack,Continuous,Knee Dominant,,Frontal Plane,Lower Body,Push,Compound,Bodybuilding
Bulgarian Bag Back Rack Bulgarian Split Squat,,,Novice,Quadriceps,Quadriceps Femoris,Gluteus Maximus,Bulgarian Bag,Bench (Flat),1,Single Leg Supported,Double Arm,Neutral,Back Rack,Continuous,Knee Dominant,,Sagittal Plane,Lower Body,Push,Compound,Bodybuilding
Plate Dead Bug,Video Demonstration,,Novice,Abdominals,Rectus Abdominis,Obliques,Weight Plate,None,0,Supine,Double Arm,Neutral,Other,Alternating,Anti-Extension,,Sagittal Plane,Core,Other,Compound,Postural
Sandbag Front Rack Bulgarian Split Squat,Video Demonstration,,Novice,Quadriceps,Quadriceps Femoris,Gluteus Maximus,Sandbag,Bench (Flat),1,Single Leg Supported,Double Arm,Supinated,Front Rack,Continuous,Knee Dominant,,Sagittal Plane,Lower Body,Push,Compound,Bodybuilding
Sandbag Back Rack Bulgarian Split Squat,Video Demonstration,,Novice,Quadriceps,Quadriceps Femoris,Gluteus Maximus,Sandbag,Bench (Flat),1,Single Leg Supported,Double Arm,Neutral,Back Rack,Continuous,Knee Dominant,,Sagittal Plane,Lower Body,Push,Compound,Bodybuilding
Plate Russian Twist,Video Demonstration,Video Explanation,Novice,Abdominals,Obliques,Rectus Abdominis,Weight Plate,None,0,Seated Floor,Double Arm,Neutral,Other,Continuous,Rotational,,Transverse Plane,Core,Other,Compound,Unsorted*
Plate Feet Elevated Russian Twist,Video Demonstration,,Novice,Abdominals,Obliques,Rectus Abdominis,Weight Plate,None,0,Seated Floor,Double Arm,Neutral,Other,Continuous,Rotational,,Transverse Plane,Core,Other,Compound,Unsorted*
Bodyweight Feet Elevated Russian Twist,Video Demonstration,Video Explanation,Novice,Abdominals,Obliques,Rectus Abdominis,Bodyweight,None,0,Seated Floor,Double Arm,No Grip,No Load,Continuous,Rotational,,Transverse Plane,Core,Other,Compound,Unsorted*
Bodyweight Russian Twist,Video Demonstration,Video Explanation,Beginner,Abdominals,Obliques,Rectus Abdominis,Bodyweight,None,0,Seated Floor,Double Arm,No Grip,No Load,Continuous,Rotational,,Transverse Plane,Core,Other,Compound,Unsorted*
Landmine Russian Twist,Video Demonstration,,Novice,Abdominals,Obliques,Rectus Abdominis,Landmine,None,0,Seated Floor,Double Arm,Neutral,Other,Continuous,Rotational,,Transverse Plane,Core,Other,Compound,Unsorted*
Bodyweight Alternating Hawaiian Squat,Video Demonstration,,Advanced,Quadriceps,Quadriceps Femoris,Gluteus Maximus,Bodyweight,None,0,Single Leg Standing,No Arms,No Grip,No Load,Alternating,Knee Dominant,,Sagittal Plane,Lower Body,Push,Compound,Calisthenics
Bodyweight Hawaiian Squat,Video Demonstration,Video Explanation,Advanced,Quadriceps,Quadriceps Femoris,Gluteus Maximus,Bodyweight,None,0,Single Leg Standing,No Arms,No Grip,No Load,Continuous,Knee Dominant,,Sagittal Plane,Lower Body,Push,Compound,Calisthenics
Suspension Hawaiian Squat,,,Intermediate,Quadriceps,Quadriceps Femoris,Gluteus Maximus,Suspension Trainer,None,0,Single Leg Standing,Double Arm,Neutral,No Load,Continuous,Knee Dominant,,Sagittal Plane,Lower Body,Push,Compound,Unsorted*
Bodyweight Hand Assisted Hawaiian Squat,Video Demonstration,,Intermediate,Quadriceps,Quadriceps Femoris,Gluteus Maximus,Bodyweight,None,0,Single Leg Standing,Double Arm,Hand Assisted,No Load,Continuous,Knee Dominant,,Sagittal Plane,Lower Body,Push,Compound,Calisthenics
Double Kettlebell Incline Bench Press,Video Demonstration,,Beginner,Chest,Pectoralis Major,Triceps Brachii,Kettlebell,Bench (Incline),1,Supine,Double Arm,Pronated,Above Chest,Continuous,Horizontal Push,,Sagittal Plane,Upper Body,Push,Compound,Bodybuilding
Single Arm Kettlebell Incline Bench Press,Video Demonstration,,Beginner,Chest,Pectoralis Major,Triceps Brachii,Kettlebell,Bench (Incline),1,Supine,Single Arm,Pronated,Above Chest,Continuous,Horizontal Push,,Sagittal Plane,Upper Body,Push,Compound,Bodybuilding
Alternating Double Kettlebell Incline Bench Press,Video Demonstration,,Beginner,Chest,Pectoralis Major,Triceps Brachii,Kettlebell,Bench (Incline),1,Supine,Double Arm,Pronated,Above Chest,Continuous,Horizontal Push,,Sagittal Plane,Upper Body,Push,Compound,Bodybuilding
Single Arm Kettlebell Seated Overhead Press,Video Demonstration,,Beginner,Shoulders,Anterior Deltoids,Triceps Brachii,Kettlebell,Bench (Flat),1,Seated,Single Arm,Pronated,Overhead,Continuous,Vertical Push,,Sagittal Plane,Upper Body,Push,Compound,Bodybuilding
Single Arm Kettlebell Knee Supported Row,Video Demonstration,Video Explanation,Beginner,Back,Latissimus Dorsi,,Kettlebell,Bench (Flat),1,Knee Supported,Single Arm,Neutral,Other,Continuous,Horizontal Pull,,Sagittal Plane,Upper Body,Pull,Compound,Bodybuilding
Macebell Offset Thruster,Video Demonstration,,Intermediate,Quadriceps,Quadriceps Femoris,Anterior Deltoids,Macebell,None,0,Standing,Double Arm,Pronated,Overhead,Continuous,Knee Dominant,Vertical Push,Sagittal Plane,Full Body,Push,Compound,Bodybuilding
Single Arm Dummbell Overhead Foot Elevated Contralateral Cossack Squat,,,Intermediate,Quadriceps,Quadriceps Femoris,Adductor Magnus,Dumbbell,None,0,Standing,Single Arm,Neutral,Overhead,Continuous,Knee Dominant,,Frontal Plane,Lower Body,Push,Compound,Bodybuilding
Single Arm Dummbell Overhead Foot Elevated Ipsilateral Cossack Squat,,,Intermediate,Quadriceps,Quadriceps Femoris,Adductor Magnus,Dumbbell,None,0,Standing,Single Arm,Neutral,Overhead,Continuous,Knee Dominant,,Frontal Plane,Lower Body,Push,Compound,Bodybuilding
Double Kettlebell Seated Overhead Press,Video Demonstration,,Beginner,Shoulders,Anterior Deltoids,Triceps Brachii,Kettlebell,Bench (Flat),1,Seated,Double Arm,Pronated,Overhead,Continuous,Vertical Push,,Sagittal Plane,Upper Body,Push,Compound,Bodybuilding
Double Dumbbell Suitcase Cyclist Squat,Video Demonstration,,Novice,Quadriceps,Quadriceps Femoris,Gluteus Maximus,Dumbbell,Slant Board,1,Standing,Double Arm,Neutral,Suitcase,Continuous,Knee Dominant,,Sagittal Plane,Lower Body,Push,Compound,Bodybuilding
Single Arm Dumbbell Suitcase Cyclist Squat,,,Novice,Quadriceps,Quadriceps Femoris,Gluteus Maximus,Dumbbell,Slant Board,1,Standing,Single Arm,Neutral,Suitcase,Continuous,Knee Dominant,Anti-Lateral Flexion,Sagittal Plane,Lower Body,Push,Compound,Bodybuilding
Alternating Double Kettlebell Seated Overhead Press,Video Demonstration,,Beginner,Shoulders,Anterior Deltoids,Triceps Brachii,Kettlebell,Bench (Flat),1,Seated,Double Arm,Pronated,Overhead,Continuous,Vertical Push,,Sagittal Plane,Upper Body,Push,Compound,Bodybuilding
Double Kettlebell Bench Press,Video Demonstration,,Beginner,Chest,Pectoralis Major,Triceps Brachii,Kettlebell,Bench (Flat),1,Supine,Double Arm,Pronated,Above Chest,Continuous,Horizontal Push,,Sagittal Plane,Upper Body,Push,Compound,Bodybuilding
Single Arm Macebell Order Cyclist Squat,,,Novice,Quadriceps,Quadriceps Femoris,Gluteus Maximus,Macebell,Slant Board,1,Standing,Single Arm,Neutral,Order,Continuous,Knee Dominant,,Sagittal Plane,Lower Body,Push,Compound,Bodybuilding
Plate Overhead Cyclist Squat,,,Intermediate,Quadriceps,Quadriceps Femoris,Gluteus Maximus,Weight Plate,Slant Board,1,Standing,Double Arm,Neutral,Overhead,Continuous,Knee Dominant,,Sagittal Plane,Lower Body,Push,Compound,Bodybuilding
Bulgarian Bag Back Rack Cyclist Squat,,,Novice,Quadriceps,Quadriceps Femoris,Gluteus Maximus,Bulgarian Bag,Slant Board,1,Standing,Double Arm,Neutral,Back Rack,Continuous,Knee Dominant,,Sagittal Plane,Lower Body,Push,Compound,Bodybuilding
Sandbag Front Rack Cyclist Squat,,,Novice,Quadriceps,Quadriceps Femoris,Gluteus Maximus,Sandbag,Slant Board,1,Standing,Double Arm,Supinated,Front Rack,Continuous,Knee Dominant,,Sagittal Plane,Lower Body,Push,Compound,Bodybuilding
Heavy Sandbag Bear Hug Cyclist Squat,,,Intermediate,Quadriceps,Quadriceps Femoris,Gluteus Maximus,Heavy Sandbag,Slant Board,1,Standing,Double Arm,Neutral,Bear Hug,Continuous,Knee Dominant,,Sagittal Plane,Lower Body,Push,Compound,Unsorted*
Heavy Sandbag Shoulder Cyclist Squat,,,Intermediate,Quadriceps,Quadriceps Femoris,Gluteus Maximus,Heavy Sandbag,Slant Board,1,Standing,Double Arm,Neutral,Shoulder,Continuous,Knee Dominant,,Sagittal Plane,Lower Body,Push,Compound,Unsorted*
Landmine Goblet Cyclist Squat,Video Demonstration,,Novice,Quadriceps,Quadriceps Femoris,Gluteus Maximus,Landmine,Slant Board,1,Standing,Double Arm,Goblet,Front Rack,Continuous,Knee Dominant,,Sagittal Plane,Lower Body,Push,Compound,Bodybuilding
Double Dumbbell Tall Kneeling Shrug,Video Demonstration,Video Explanation,Beginner,Trapezius,Upper Trapezius,Levator Scapulae,Dumbbell,None,0,Tall Kneeling,Double Arm,Neutral,Suitcase,Continuous,Scapular Elevation,,Sagittal Plane,Upper Body,Pull,Isolation,Bodybuilding
Single Arm Kettlebell Bench Press,Video Demonstration,Video Explanation,Beginner,Chest,Pectoralis Major,Triceps Brachii,Kettlebell,Bench (Flat),1,Supine,Single Arm,Pronated,Above Chest,Continuous,Horizontal Push,,Sagittal Plane,Upper Body,Push,Compound,Bodybuilding
Dumbbell Goblet Pistol Squat,Video Demonstration,,Advanced,Quadriceps,Quadriceps Femoris,Gluteus Maximus,Dumbbell,None,0,Single Leg Standing,Double Arm,Goblet,Front Rack,Continuous,Knee Dominant,,Sagittal Plane,Lower Body,Push,Compound,Balance
Dumbbell Goblet Alternating Pistol Squat,,,Advanced,Quadriceps,Quadriceps Femoris,Gluteus Maximus,Dumbbell,None,0,Single Leg Standing,Double Arm,Goblet,Front Rack,Alternating,Knee Dominant,,Sagittal Plane,Lower Body,Push,Compound,Balance
Alternating Double Kettlebell Bench Press,Video Demonstration,,Beginner,Chest,Pectoralis Major,Triceps Brachii,Kettlebell,Bench (Flat),1,Supine,Double Arm,Pronated,Above Chest,Continuous,Knee Dominant,,Sagittal Plane,Upper Body,Push,Compound,Bodybuilding
Bodyweight Alternating Pistol Squat,Video Demonstration,,Advanced,Quadriceps,Quadriceps Femoris,Gluteus Maximus,Bodyweight,None,0,Single Leg Standing,No Arms,No Grip,No Load,Alternating,Knee Dominant,,Sagittal Plane,Lower Body,Push,Compound,Calisthenics
Barbell Zombie Pistol Squat,Video Demonstration,,Expert,Quadriceps,Quadriceps Femoris,Gluteus Maximus,Barbell,None,0,Single Leg Standing,Double Arm,No Grip,Front Rack,Continuous,Knee Dominant,,Sagittal Plane,Lower Body,Push,Compound,Balance
Barbell Front Rack Pistol Squat,,,Advanced,Quadriceps,Quadriceps Femoris,Gluteus Maximus,Barbell,None,0,Single Leg Standing,Double Arm,Pronated,Front Rack,Continuous,Knee Dominant,,Sagittal Plane,Lower Body,Push,Compound,Balance
Barbell Back Rack Pistol Squat,,,Advanced,Quadriceps,Quadriceps Femoris,Gluteus Maximus,Barbell,None,0,Single Leg Standing,Double Arm,Pronated,Back Rack,Continuous,Knee Dominant,,Sagittal Plane,Lower Body,Push,Compound,Balance
Barbell Zercher Pistol Squat,,,Expert,Quadriceps,Quadriceps Femoris,Gluteus Maximus,Barbell,None,0,Single Leg Standing,Double Arm,No Grip,Zercher,Continuous,Knee Dominant,,Sagittal Plane,Lower Body,Push,Compound,Balance
Dumbbell Crush Grip Front Rack Squat,Video Demonstration,,Novice,Quadriceps,Quadriceps Femoris,Gluteus Maximus,Dumbbell,None,0,Standing,Double Arm,Crush Grip,Front Rack,Continuous,Knee Dominant,,Sagittal Plane,Lower Body,Push,Compound,Bodybuilding
Double Kettlebell Decline Bench Press,,Video Explanation,Beginner,Chest,Pectoralis Major,Triceps Brachii,Kettlebell,Bench (Decline),1,Supine,Double Arm,Pronated,Above Chest,Continuous,Horizontal Push,,Sagittal Plane,Upper Body,Push,Compound,Bodybuilding
Single Arm Kettlebell Decline Bench Press,,,Beginner,Chest,Pectoralis Major,Triceps Brachii,Kettlebell,Bench (Decline),1,Supine,Single Arm,Pronated,Above Chest,Continuous,Horizontal Push,,Sagittal Plane,Upper Body,Push,Compound,Bodybuilding
Single Arm Macebell Order Squat,,,Beginner,Quadriceps,Quadriceps Femoris,Gluteus Maximus,Macebell,None,0,Standing,Single Arm,Neutral,Order,Continuous,Knee Dominant,,Sagittal Plane,Lower Body,Push,Compound,Unsorted*
Sandbag Front Rack Squat,Video Demonstration,Video Explanation,Novice,Quadriceps,Quadriceps Femoris,Gluteus Maximus,Sandbag,None,0,Standing,Double Arm,Pronated,Front Rack,Continuous,Knee Dominant,,Sagittal Plane,Lower Body,Push,Compound,Bodybuilding
Sandbag Back Rack Squat,Video Demonstration,,Novice,Quadriceps,Quadriceps Femoris,Gluteus Maximus,Sandbag,None,0,Standing,Double Arm,Pronated,Back Rack,Continuous,Knee Dominant,,Sagittal Plane,Lower Body,Push,Compound,Bodybuilding
Sandbag Back Rack Alternating Cossack Squat,Video Demonstration,,Novice,Quadriceps,Quadriceps Femoris,Adductor Magnus,Sandbag,None,0,Standing,Double Arm,Pronated,Back Rack,Alternating,Knee Dominant,,Frontal Plane,Lower Body,Push,Compound,Bodybuilding
Sandbag Back Rack Cossack Squat,,,Novice,Quadriceps,Quadriceps Femoris,Adductor Magnus,Sandbag,None,0,Standing,Double Arm,Pronated,Back Rack,Continuous,Knee Dominant,,Frontal Plane,Lower Body,Push,Compound,Bodybuilding
Sandbag Back Rack Low Switch Cossack Squat,,,Novice,Quadriceps,Quadriceps Femoris,Adductor Magnus,Sandbag,None,0,Standing,Double Arm,Pronated,Back Rack,Alternating,Knee Dominant,,Frontal Plane,Lower Body,Push,Compound,Bodybuilding
Sandbag Back Rack Foot Elevated Cossack Squat,,,Novice,Quadriceps,Quadriceps Femoris,Adductor Magnus,Sandbag,None,0,Standing,Double Arm,Pronated,Back Rack,Continuous,Knee Dominant,,Frontal Plane,Lower Body,Push,Compound,Bodybuilding
Bulgarian Bag Back Rack Curtsy Lunge,Video Demonstration,,Novice,Quadriceps,Quadriceps Femoris,Gluteus Maximus,Bulgarian Bag,None,0,Standing,Double Arm,Neutral,Back Rack,Continuous,Knee Dominant,,Frontal Plane,Lower Body,Push,Compound,Bodybuilding
Bulgarian Bag Back Rack Alternating Curtsy Lunge,,,Novice,Quadriceps,Quadriceps Femoris,Gluteus Maximus,Bulgarian Bag,None,0,Standing,Double Arm,Neutral,Back Rack,Alternating,Knee Dominant,,Frontal Plane,Lower Body,Push,Compound,Bodybuilding
Alternating Double Kettlebell Decline Bench Press,,,Beginner,Chest,Pectoralis Major,Triceps Brachii,Kettlebell,Bench (Decline),1,Supine,Double Arm,Pronated,Above Chest,Continuous,Horizontal Push,,Sagittal Plane,Upper Body,Push,Compound,Bodybuilding
Single Arm Suspension Ipsilateral Skater Squat,,,Intermediate,Quadriceps,Quadriceps Femoris,Gluteus Maximus,Suspension Trainer,None,0,Single Leg Standing,Single Arm,Neutral,No Load,Continuous,Knee Dominant,,Sagittal Plane,Lower Body,Push,Compound,Balance
Sandbag Back Rack Walking Lunge,Video Demonstration,,Novice,Quadriceps,Quadriceps Femoris,Gluteus Maximus,Sandbag,None,0,Walking,Double Arm,Neutral,Back Rack,Alternating,Knee Dominant,,Sagittal Plane,Lower Body,Push,Compound,Bodybuilding
Resistance Band Pull Apart,Video Demonstration,Video Explanation,Beginner,Shoulders,Posterior Deltoids,,Resistance Band,None,0,Standing,Double Arm,Supinated,Lateral,Continuous,Shoulder Abduction,,Frontal Plane,Upper Body,Pull,Isolation,Mobility
Sandbag Bent Over Row,Video Demonstration,Video Explanation,Beginner,Back,Latissimus Dorsi,Rhomboids,Sandbag,None,0,Standing,Double Arm,Neutral,Other,Continuous,Horizontal Pull,,Sagittal Plane,Upper Body,Pull,Compound,Bodybuilding
Double Dumbbell Bent Over Reverse Fly,Video Demonstration,,Beginner,Shoulders,Posterior Deltoids,,Dumbbell,None,0,Standing,Double Arm,Neutral,Other,Continuous,Horizontal Pull,,Frontal Plane,Upper Body,Pull,Isolation,Bodybuilding
Single Arm Dumbbell Knee Supported Tricep Kickback,Video Demonstration,Video Explanation,Beginner,Triceps,Triceps Brachii,,Dumbbell,Bench (Flat),1,Knee Supported,Single Arm,Neutral,Other,Continuous,Elbow Extension,,Sagittal Plane,Upper Body,Push,Isolation,Bodybuilding
Double Dumbbell Incline Bench Prone Tricep Kickback,Video Demonstration,Video Explanation,Beginner,Triceps,Triceps Brachii,,Dumbbell,Bench (Incline),1,Prone,Double Arm,Neutral,Other,Continuous,Elbow Extension,,Sagittal Plane,Upper Body,Push,Isolation,Bodybuilding
Single Arm Cable Tricep Kickback,Video Demonstration,Video Explanation,Beginner,Triceps,Triceps Brachii,,Cable,None,0,Standing,Single Arm,Neutral,Other,Continuous,Elbow Extension,,Sagittal Plane,Upper Body,Push,Isolation,Bodybuilding
Single Arm Dumbbell Tricep Kickback,Video Demonstration,,Beginner,Triceps,Triceps Brachii ,,Dumbbell,None,0,Standing,Single Arm,Neutral,Other,Continuous,Elbow Extension,,Sagittal Plane,Upper Body,Push,Isolation,Bodybuilding
Slider Dumbbell Goblet Lateral Lunge,Video Demonstration,,Novice,Quadriceps,Quadriceps Femoris,Gluteus Maximus,Sliders,Dumbbell,1,Standing,Double Arm,Goblet,Front Rack,Continuous,Knee Dominant,,Frontal Plane,Lower Body,Other,Compound,Bodybuilding
Slider Single Arm Dumbbell Front Rack Contralateral Lateral Lunge,,,Novice,Quadriceps,Quadriceps Femoris,Gluteus Maximus,Sliders,Dumbbell,1,Standing,Single Arm,Neutral,Front Rack,Continuous,Knee Dominant,,Frontal Plane,Lower Body,Other,Compound,Bodybuilding
Slider Single Arm Dumbbell Front Rack Ipsilateral Lateral Lunge,,,Novice,Quadriceps,Quadriceps Femoris,Gluteus Maximus,Sliders,Dumbbell,1,Standing,Single Arm,Neutral,Front Rack,Continuous,Knee Dominant,,Frontal Plane,Lower Body,Other,Compound,Bodybuilding
Slider Single Arm Dumbbell Overhead Contralateral Lateral Lunge,,,Intermediate,Quadriceps,Quadriceps Femoris,Gluteus Maximus,Sliders,Dumbbell,1,Standing,Single Arm,Neutral,Overhead,Continuous,Knee Dominant,,Frontal Plane,Lower Body,Other,Compound,Bodybuilding
Slider Single Arm Dumbbell Overhead Ipsilateral Lateral Lunge,,,Intermediate,Quadriceps,Quadriceps Femoris,Gluteus Maximus,Sliders,Dumbbell,1,Standing,Single Arm,Neutral,Overhead,Continuous,Knee Dominant,,Frontal Plane,Lower Body,Other,Compound,Bodybuilding
Slider Single Arm Dumbbell Low Hold Contralateral Lateral Lunge,Video Demonstration,,Novice,Quadriceps,Quadriceps Femoris,Gluteus Maximus,Sliders,Dumbbell,1,Standing,Single Arm,Neutral,Low Hold,Continuous,Knee Dominant,,Frontal Plane,Lower Body,Other,Compound,Bodybuilding
Double Dumbbell Low Hold Alternating Lateral Lunge,,,Novice,Quadriceps,Quadriceps Femoris,Gluteus Maximus,Dumbbell,None,0,Standing,Double Arm,Neutral,Low Hold,Alternating,Knee Dominant,,Frontal Plane,Lower Body,Push,Compound,Bodybuilding
Double Dumbbell Seated Shrug,Video Demonstration,Video Explanation,Beginner,Trapezius,Upper Trapezius,Levator Scapulae,Dumbbell,Bench (Flat),1,Seated,Double Arm,Neutral,Suitcase,Continuous,Scapular Elevation,,Sagittal Plane,Upper Body,Pull,Isolation,Bodybuilding
Double Kettlebell Seated Shrug,,,Beginner,Trapezius,Upper Trapezius,Levator Scapulae,Kettlebell,Bench (Flat),1,Seated,Double Arm,Neutral,Suitcase,Continuous,Scapular Elevation,,Sagittal Plane,Upper Body,Pull,Isolation,Bodybuilding
Slider Clubbell Order Lateral Lunge,,,Novice,Quadriceps,Quadriceps Femoris,Gluteus Maximus,Sliders,Clubbell,1,Standing,Double Arm,Neutral,Order,Continuous,Knee Dominant,,Frontal Plane,Lower Body,Other,Compound,Bodybuilding
Slider Double Clubbell Order Lateral Lunge,,,Novice,Quadriceps,Quadriceps Femoris,Gluteus Maximus,Sliders,Clubbell,2,Standing,Double Arm,Neutral,Order,Continuous,Knee Dominant,,Frontal Plane,Lower Body,Other,Compound,Bodybuilding
Slider Single Arm Clubbell Order Contralateral Lateral Lunge,,,Novice,Quadriceps,Quadriceps Femoris,Gluteus Maximus,Sliders,Clubbell,1,Standing,Single Arm,Neutral,Order,Continuous,Knee Dominant,,Frontal Plane,Lower Body,Other,Compound,Bodybuilding
Slider Single Arm Clubbell Order Ipsilateral Lateral Lunge,,,Novice,Quadriceps,Quadriceps Femoris,Gluteus Maximus,Sliders,Clubbell,1,Standing,Single Arm,Neutral,Order,Continuous,Knee Dominant,,Frontal Plane,Lower Body,Other,Compound,Bodybuilding
Slider Macebell Order Lateral Lunge,,,Novice,Quadriceps,Quadriceps Femoris,Gluteus Maximus,Sliders,Macebell,1,Standing,Double Arm,Neutral,Order,Continuous,Knee Dominant,,Frontal Plane,Lower Body,Other,Compound,Bodybuilding
Slider Single Arm Macebell Order Contralateral Lateral Lunge,,,Novice,Quadriceps,Quadriceps Femoris,Gluteus Maximus,Sliders,Macebell,1,Standing,Single Arm,Neutral,Order,Continuous,Knee Dominant,,Frontal Plane,Lower Body,Other,Compound,Bodybuilding
Slider Single Arm Macebell Order Ipsilateral Lateral Lunge,,,Novice,Quadriceps,Quadriceps Femoris,Gluteus Maximus,Sliders,Macebell,1,Standing,Single Arm,Neutral,Order,Continuous,Knee Dominant,,Frontal Plane,Lower Body,Other,Compound,Bodybuilding
Stability Ball Miniband Feet Elevated Glute Bridge,,,Novice,Glutes,Gluteus Maximus,Biceps Femoris,Stability Ball,Miniband,1,Bridge,No Arms,No Grip,No Load,Continuous,Hip Extension,,Sagittal Plane,Lower Body,Unsorted*,Compound,Bodybuilding
Stability Ball Frog Reverse Hyperextension,Video Demonstration,,Novice,Glutes,Gluteus Maximus,,Stability Ball,None,0,Prone,Double Arm,Neutral,No Load,Continuous,Hip Extension,,Sagittal Plane,Lower Body,Unsorted*,Isolation,Bodybuilding
Stability Ball Bulgarian Split Squat,Video Demonstration,,Intermediate,Quadriceps,Quadriceps Femoris,Gluteus Maximus,Stability Ball,None,0,Single Leg Supported,No Arms,No Grip,No Load,Continuous,Knee Dominant,,Sagittal Plane,Lower Body,Push,Compound,Bodybuilding
Double Dumbbell Suitcase Bulgarian Split Squat Jump,Video Demonstration,,Advanced,Quadriceps,Quadriceps Femoris,Gluteus Maximus,Dumbbell,Bench (Flat),1,Single Leg Supported,Double Arm,Neutral,Suitcase,Continuous,Knee Dominant,,Sagittal Plane,Lower Body,Push,Compound,Plyometric
Slider Suspension Reverse Lunge,,,Beginner,Quadriceps,Quadriceps Femoris,Gluteus Maximus,Sliders,Suspension Trainer,1,Standing,Double Arm,Neutral,No Load,Continuous,Knee Dominant,,Sagittal Plane,Lower Body,Other,Compound,Bodybuilding
Slider Bulgarian Bag Back Rack Lateral Lunge,,,Novice,Quadriceps,Quadriceps Femoris,Gluteus Maximus,Sliders,Bulgarian Bag,1,Standing,Double Arm,Neutral,Back Rack,Continuous,Knee Dominant,,Frontal Plane,Lower Body,Other,Compound,Bodybuilding
Slider Sandbag Front Rack Lateral Lunge,,,Novice,Quadriceps,Quadriceps Femoris,Gluteus Maximus,Sliders,Sandbag,1,Standing,Double Arm,Neutral,Front Rack,Continuous,Knee Dominant,,Frontal Plane,Lower Body,Other,Compound,Bodybuilding
Slider Sandbag Back Rack Lateral Lunge,Video Demonstration,,Novice,Quadriceps,Quadriceps Femoris,Gluteus Maximus,Sliders,Sandbag,1,Standing,Double Arm,Neutral,Back Rack,Continuous,Knee Dominant,,Frontal Plane,Lower Body,Other,Compound,Bodybuilding
Miniband Ankle Monster Walk,Video Demonstration,,Novice,Abductors,Gluteus Medius,Gluteus Minimus,Miniband,None,0,Walking,No Arms,No Grip,No Load,Alternating,Hip Abduction,,Transverse Plane,Lower Body,Other,Compound,Bodybuilding
Slider Landmine Goblet Lateral Lunge,,,Novice,Quadriceps,Quadriceps Femoris,Gluteus Maximus,Sliders,Landmine,1,Standing,Double Arm,Goblet,Front Rack,Continuous,Knee Dominant,,Frontal Plane,Lower Body,Other,Compound,Bodybuilding
Slider Landmine Low Hold Lateral Lunge,,,Novice,Quadriceps,Quadriceps Femoris,Gluteus Maximus,Sliders,Landmine,1,Standing,Double Arm,Neutral,Low Hold,Continuous,Knee Dominant,,Frontal Plane,Lower Body,Other,Compound,Bodybuilding
Slider Single Arm Kettlebell Front Rack Contralateral Lateral Lunge,,,Novice,Quadriceps,Quadriceps Femoris,Gluteus Maximus,Sliders,Kettlebell ,1,Standing,Single Arm,Neutral,Front Rack,Continuous,Knee Dominant,,Frontal Plane,Lower Body,Other,Compound,Bodybuilding
Slider Single Arm Kettlebell Front Rack Ipsilateral Lateral Lunge,Video Demonstration,Video Explanation,Novice,Quadriceps,Quadriceps Femoris,Gluteus Maximus,Sliders,Kettlebell ,1,Standing,Single Arm,Neutral,Front Rack,Continuous,Knee Dominant,,Frontal Plane,Lower Body,Other,Compound,Bodybuilding
Slider Single Arm Kettlebell Bottoms Up Front Rack Contralateral Lateral Lunge,,,Intermediate,Quadriceps,Quadriceps Femoris,Gluteus Maximus,Sliders,Kettlebell ,1,Standing,Single Arm,Bottoms Up,Front Rack,Continuous,Knee Dominant,,Frontal Plane,Lower Body,Other,Compound,Bodybuilding
Slider Single Arm Kettlebell Bottoms Up Front Rack Ipsilateral Lateral Lunge,,,Intermediate,Quadriceps,Quadriceps Femoris,Gluteus Maximus,Sliders,Kettlebell ,1,Standing,Single Arm,Bottoms Up,Front Rack,Continuous,Knee Dominant,,Frontal Plane,Lower Body,Other,Compound,Bodybuilding
Slider Single Arm Kettlebell Overhead Contralateral Lateral Lunge,,,Intermediate,Quadriceps,Quadriceps Femoris,Gluteus Maximus,Sliders,Kettlebell ,1,Standing,Single Arm,Pronated,Overhead,Continuous,Knee Dominant,,Frontal Plane,Lower Body,Other,Compound,Bodybuilding
Slider Single Arm Kettlebell Overhead Ipsilateral Lateral Lunge,,,Intermediate,Quadriceps,Quadriceps Femoris,Gluteus Maximus,Sliders,Kettlebell ,1,Standing,Single Arm,Pronated,Overhead,Continuous,Knee Dominant,,Frontal Plane,Lower Body,Other,Compound,Bodybuilding
Slider Single Arm Kettlebell Bottoms Up Overhead Contralateral Lateral Lunge,,,Advanced,Quadriceps,Quadriceps Femoris,Gluteus Maximus,Sliders,Kettlebell ,1,Standing,Single Arm,Bottoms Up,Overhead,Continuous,Knee Dominant,,Frontal Plane,Lower Body,Other,Compound,Bodybuilding
Slider Single Arm Kettlebell Bottoms Up Overhead Ipsilateral Lateral Lunge,,,Advanced,Quadriceps,Quadriceps Femoris,Gluteus Maximus,Sliders,Kettlebell ,1,Standing,Single Arm,Bottoms Up,Overhead,Continuous,Knee Dominant,,Frontal Plane,Lower Body,Other,Compound,Bodybuilding
Slider Single Arm Kettlebell Low Hold Contralateral Lateral Lunge,Video Demonstration,Video Explanation,Novice,Quadriceps,Quadriceps Femoris,Gluteus Maximus,Sliders,Kettlebell ,1,Standing,Single Arm,Neutral,Low Hold,Continuous,Knee Dominant,,Frontal Plane,Lower Body,Other,Compound,Bodybuilding
Slider Plate Overhead Lateral Lunge,,,Intermediate,Quadriceps,Quadriceps Femoris,Gluteus Maximus,Sliders,Weight Plate,1,Standing,Double Arm,Neutral,Overhead,Continuous,Knee Dominant,,Frontal Plane,Lower Body,Other,Compound,Bodybuilding
Slider Plate Overhead Reverse Lunge,,,Intermediate,Quadriceps,Quadriceps Femoris,Gluteus Maximus,Sliders,Weight Plate,1,Standing,Double Arm,Neutral,Overhead,Continuous,Knee Dominant,,Sagittal Plane,Lower Body,Push,Compound,Bodybuilding
Barbell Reverse Grip Incline Push Up,Video Demonstration,Video Explanation,Beginner,Chest,Pectoralis Major,,Barbell,None,0,Prone,Double Arm,Supinated,No Load,Continuous,Horizontal Push,,Sagittal Plane,Upper Body,Push,Compound,Calisthenics
Single Arm Dumbbell Shrug,Video Demonstration,Video Explanation,Beginner,Trapezius,Upper Trapezius,Levator Scapulae,Dumbbell,None,0,Standing,Single Arm,Neutral,Suitcase,Continuous,Scapular Elevation,,Sagittal Plane,Upper Body,Pull,Isolation,Bodybuilding
Single Arm Dumbbell Tall Kneeling Shrug,,,Beginner,Trapezius,Upper Trapezius,Levator Scapulae,Dumbbell,None,0,Tall Kneeling,Single Arm,Neutral,Suitcase,Continuous,Scapular Elevation,,Sagittal Plane,Upper Body,Pull,Isolation,Bodybuilding
Single Arm Dumbbell Seated Shrug,Video Demonstration,,Beginner,Trapezius,Upper Trapezius,Levator Scapulae,Dumbbell,Bench (Flat),1,Seated,Single Arm,Neutral,Suitcase,Continuous,Scapular Elevation,,Sagittal Plane,Upper Body,Pull,Isolation,Bodybuilding
Single Arm Kettlebell Shrug,Video Demonstration,,Beginner,Trapezius ,Upper Trapezius,Levator Scapulae,Kettlebell,None,0,Standing,Single Arm,Neutral,Suitcase,Continuous,Scapular Elevation,,Sagittal Plane,Upper Body,Pull,Isolation,Bodybuilding
Double Dumbbell Hang Snatch,Video Demonstration,Video Explanation,Intermediate,Glutes,Gluteus Maximus,Anterior Deltoids ,Dumbbell,None,0,Standing,Double Arm,Neutral,Overhead,Continuous,Hip Hinge,,Sagittal Plane,Full Body,Unsorted*,Compound,Ballistics
Single Arm Dumbbell Hang Snatch,Video Demonstration,,Intermediate,Glutes,Gluteus Maximus,Anterior Deltoids ,Dumbbell,None,0,Standing,Single Arm,Neutral,Overhead,Continuous,Hip Hinge,,Sagittal Plane,Full Body,Unsorted*,Compound,Ballistics
Alternating Single Arm Dumbbell Hang Snatch,Video Demonstration,,Intermediate,Glutes,Gluteus Maximus,Anterior Deltoids ,Dumbbell,None,0,Standing,Single Arm,Neutral,Overhead,Continuous,Hip Hinge,,Sagittal Plane,Full Body,Unsorted*,Compound,Ballistics
Miniband Kneeling Side Plank Clamshell,Video Demonstration,Video Explanation,Novice,Glutes,Gluteus Maximus,Gluteus Medius,Miniband,None,0,Side Plank,Single Arm,Forearm,No Load,Continuous,Hip External Rotation,Anti-Lateral Flexion,Transverse Plane,Lower Body,Other,Compound,Bodybuilding
Miniband Thigh Side Plank Hip Abduction,Video Demonstration,,Novice,Abductors,Gluteus Medius,Gluteus Minimus,Miniband,None,0,Side Plank,Single Arm,Forearm,No Load,Continuous,Hip Abduction,Anti-Lateral Flexion,Frontal Plane,Lower Body,Other,Compound,Bodybuilding
Stability Ball Feet Elevated Russian Twist,Video Demonstration,,Novice,Abdominals,Obliques,Rectus Abdominis,Stability Ball,None,0,Seated Floor,Double Arm,Neutral,Other,Continuous,Rotational,,Transverse Plane,Core,Other,Compound,Unsorted*
Bodyweight Alternating Single Leg V Up,Video Demonstration,,Novice,Abdominals,Rectus Abdominis,Iliopsoas,Bodyweight,None,0,Supine,Double Arm,No Grip,Other,Alternating,Spinal Flexion,,Sagittal Plane,Core,Other,Compound,Unsorted*
Battle Rope Alternating Lateral Lunge Alternating Wave,Video Demonstration,,Intermediate,Quadriceps,Quadriceps Femoris,Biceps Brachii,Battle Ropes,None,0,Standing,Double Arm,Neutral,Other,Alternating,Knee Dominant,,Frontal Plane,Full Body,Other,Compound,Unsorted*
Single Arm Kettlebell Tall Kneeling Shrug,,,Beginner,Trapezius,Upper Trapezius,Levator Scapulae,Kettlebell,None,0,Tall Kneeling,Single Arm,Neutral,Suitcase,Continuous,Scapular Elevation,,Sagittal Plane,Upper Body,Pull,Isolation,Bodybuilding
Single Arm Kettlebell Seated Shrug,Video Demonstration,,Beginner,Trapezius,Upper Trapezius,Levator Scapulae,Kettlebell,Bench (Flat),1,Seated,Single Arm,Neutral,Suitcase,Continuous,Scapular Elevation,,Sagittal Plane,Upper Body,Pull,Isolation,Bodybuilding
Plate Hip Thrust,Video Demonstration,,Beginner,Glutes,Gluteus Maximus,Biceps Femoris,Weight Plate,Bench (Flat),1,Bridge,Double Arm,Neutral,Hip Crease,Continuous,Hip Extension,,Sagittal Plane,Lower Body,Unsorted*,Compound,Bodybuilding
Double Dumbbell Incline Bench Prone Shrug,Video Demonstration,Video Explanation,Beginner,Trapezius,Upper Trapezius,Levator Scapulae,Dumbbell,Bench (Incline),1,Prone,Double Arm,Neutral,Other,Continuous,Scapular Elevation,,Sagittal Plane,Upper Body,Pull,Isolation,Bodybuilding
Suspension Single Leg Foot Elevated Glute Bridge,Video Demonstration,,Intermediate,Glutes,Gluteus Maximus,Biceps Femoris,Suspension Trainer,None,0,Single Leg Bridge,No Arms,No Grip,No Load,Continuous,Hip Extension,,Sagittal Plane,Lower Body,Unsorted*,Compound,Bodybuilding
Tire Single Leg Foot Elevated Glute Bridge,,,Intermediate,Glutes,Gluteus Maximus,Biceps Femoris,Tire,None,0,Single Leg Bridge,No Arms,No Grip,No Load,Continuous,Hip Extension,,Sagittal Plane,Lower Body,Unsorted*,Compound,Bodybuilding
Double Kettlebell Incline Bench Prone Shrug,,,Beginner,Trapezius,Upper Trapezius,Levator Scapulae,Kettlebell,Bench (Incline),1,Prone,Double Arm,Neutral,Other,Continuous,Scapular Elevation,,Sagittal Plane,Upper Body,Pull,Isolation,Bodybuilding
Suspension Sissy Squat,Video Demonstration,,Novice,Quadriceps,Quadriceps Femoris,Gluteus Maximus,Suspension Trainer,None,0,Standing,Double Arm,Neutral,No Load,Continuous,Knee Dominant,,Sagittal Plane,Lower Body,Push,Compound,Bodybuilding
Single Arm Dumbbell Incline Bench Prone Shrug,,,Beginner,Trapezius,Upper Trapezius,Levator Scapulae,Dumbbell,Bench (Incline),1,Prone,Single Arm,Neutral,Other,Continuous,Scapular Elevation,,Sagittal Plane,Upper Body,Pull,Isolation,Bodybuilding
Single Arm Kettlebell Incline Bench Prone Shrug,,,Beginner,Trapezius,Upper Trapezius,Levator Scapulae,Kettlebell,Bench (Incline),1,Prone,Single Arm,Neutral,Other,Continuous,Scapular Elevation,,Sagittal Plane,Upper Body,Pull,Isolation,Bodybuilding
Double Dumbbell Seesaw Bench Press,Video Demonstration,Video Explanation,Beginner,Chest,Pectoralis Major,Triceps Brachii,Dumbbell,Bench (Flat),1,Supine,Double Arm,Pronated,Above Chest,Continuous,Horizontal Push,,Sagittal Plane,Upper Body,Push,Compound,Bodybuilding
Bulgarian Bag Dead Squat Clean,Video Demonstration,Video Explanation,Intermediate,Quadriceps,Quadriceps Femoris,Gluteus Maximus,Bulgarian Bag,None,0,Standing,Double Arm,Neutral,Front Rack,Continuous,Knee Dominant,Hip Hinge,Sagittal Plane,Full Body,Unsorted*,Compound,Unsorted*
Double Dumbbell Seesaw Incline Bench Press,Video Demonstration,Video Explanation,Beginner,Chest,Pectoralis Major,Triceps Brachii,Dumbbell,Bench (Incline),1,Seated,Double Arm,Pronated,Above Chest,Continuous,Horizontal Push,,Sagittal Plane,Upper Body,Push,Compound,Bodybuilding
Double Dumbbell Seesaw Decline Bench Press,,,Beginner,Chest,Pectoralis Major,Triceps Brachii,Dumbbell,Bench (Decline),1,Supine,Double Arm,Pronated,Above Chest,Continuous,Horizontal Push,,Sagittal Plane,Upper Body,Push,Compound,Bodybuilding
Bodyweight Hand Assisted Pistol Squat,Video Demonstration,,Intermediate,Quadriceps,Quadriceps Femoris,Gluteus Maximus,Bodyweight,None,0,Single Leg Standing,Double Arm,Hand Assisted,No Load,Continuous,Knee Dominant,,Sagittal Plane,Lower Body,Push,Compound,Calisthenics
Double Kettlebell Suitcase Alternating Curtsy Lunge,Video Demonstration,,Novice,Quadriceps,Quadriceps Femoris,Gluteus Maximus,Kettlebell,None,0,Standing,Double Arm,Neutral,Suitcase,Alternating,Knee Dominant,,Frontal Plane,Lower Body,Push,Compound,Bodybuilding
Double Kettlebell Overhead Alternating Curtsy Lunge,,,Intermediate,Quadriceps,Quadriceps Femoris,Gluteus Maximus,Kettlebell,None,0,Standing,Double Arm,Pronated,Overhead,Alternating,Knee Dominant,,Frontal Plane,Lower Body,Push,Compound,Bodybuilding
Double Kettlebell Bottoms Up Front Rack Alternating Curtsy Lunge,,,Intermediate,Quadriceps,Quadriceps Femoris,Gluteus Maximus,Kettlebell,None,0,Standing,Double Arm,Bottoms Up,Front Rack,Alternating,Knee Dominant,,Frontal Plane,Lower Body,Push,Compound,Bodybuilding
Double Kettlebell Bottoms Up Overhead Alternating Curtsy Lunge,,,Advanced,Quadriceps,Quadriceps Femoris,Gluteus Maximus,Kettlebell,None,0,Standing,Double Arm,Bottoms Up,Overhead,Alternating,Knee Dominant,,Frontal Plane,Lower Body,Push,Compound,Bodybuilding
Single Arm Kettlebell Front Rack Alternating Curtsy Lunge,,,Novice,Quadriceps,Quadriceps Femoris,Gluteus Maximus,Kettlebell,None,0,Standing,Single Arm,Neutral,Front Rack,Alternating,Knee Dominant,,Frontal Plane,Lower Body,Push,Compound,Bodybuilding
Single Arm Kettlebell Suitcase Alternating Curtsy Lunge,,,Novice,Quadriceps,Quadriceps Femoris,Gluteus Maximus,Kettlebell,None,0,Standing,Single Arm,Neutral,Suitcase,Alternating,Knee Dominant,Anti-Lateral Flexion,Frontal Plane,Lower Body,Push,Compound,Bodybuilding
Single Arm Kettlebell Overhead Alternating Curtsy Lunge,,,Intermediate,Quadriceps,Quadriceps Femoris,Gluteus Maximus,Kettlebell,None,0,Standing,Single Arm,Pronated,Overhead,Alternating,Knee Dominant,,Frontal Plane,Lower Body,Push,Compound,Bodybuilding
Single Arm Kettlebell Bottoms Up Overhead Alternating Curtsy Lunge,,,Advanced,Quadriceps,Quadriceps Femoris,Gluteus Maximus,Kettlebell,None,0,Standing,Single Arm,Bottoms Up,Overhead,Alternating,Knee Dominant,,Frontal Plane,Lower Body,Push,Compound,Bodybuilding
Single Arm Kettlebell Bottoms Up Front Rack Alternating Curtsy Lunge,,,Intermediate,Quadriceps,Quadriceps Femoris,Gluteus Maximus,Kettlebell,None,0,Standing,Single Arm,Bottoms Up,Front Rack,Alternating,Knee Dominant,,Frontal Plane,Lower Body,Push,Compound,Bodybuilding
Double Dumbbell Front Rack Alternating Curtsy Lunge,Video Demonstration,,Novice,Quadriceps,Quadriceps Femoris,Gluteus Maximus,Dumbbell,None,0,Standing,Double Arm,Neutral,Front Rack,Alternating,Knee Dominant,,Frontal Plane,Lower Body,Push,Compound,Bodybuilding
Double Dumbbell Suitcase Alternating Curtsy Lunge,Video Demonstration,,Novice,Quadriceps,Quadriceps Femoris,Gluteus Maximus,Dumbbell,None,0,Standing,Double Arm,Neutral,Suitcase,Alternating,Knee Dominant,,Frontal Plane,Lower Body,Push,Compound,Bodybuilding
Double Dumbbell Overhead Alternating Curtsy Lunge,,,Intermediate,Quadriceps,Quadriceps Femoris,Gluteus Maximus,Dumbbell,None,0,Standing,Double Arm,Neutral,Overhead,Alternating,Knee Dominant,,Frontal Plane,Lower Body,Push,Compound,Bodybuilding
Single Arm Dumbbell Front Rack Alternating Curtsy Lunge,Video Demonstration,,Novice,Quadriceps,Quadriceps Femoris,Gluteus Maximus,Dumbbell,None,0,Standing,Single Arm,Neutral,Front Rack,Alternating,Knee Dominant,,Frontal Plane,Lower Body,Push,Compound,Bodybuilding
Single Arm Dumbbell Suitcase Alternating Curtsy Lunge,,,Novice,Quadriceps,Quadriceps Femoris,Gluteus Maximus,Dumbbell,None,0,Standing,Single Arm,Neutral,Suitcase,Alternating,Knee Dominant,Anti-Lateral Flexion,Frontal Plane,Lower Body,Push,Compound,Bodybuilding
Single Arm Dumbbell Overhead Alternating Curtsy Lunge,,,Intermediate,Quadriceps,Quadriceps Femoris,Gluteus Maximus,Dumbbell,None,0,Standing,Single Arm,Neutral,Overhead,Alternating,Knee Dominant,,Frontal Plane,Lower Body,Push,Compound,Bodybuilding
Dumbbell Goblet Alternating Curtsy Lunge,Video Demonstration,Video Explanation,Novice,Quadriceps,Quadriceps Femoris,Gluteus Maximus,Dumbbell,None,0,Standing,Double Arm,Goblet,Front Rack,Alternating,Knee Dominant,,Frontal Plane,Lower Body,Push,Compound,Bodybuilding
Kettlebell Horn Grip Alternating Curtsy Lunge,Video Demonstration,,Novice,Quadriceps,Quadriceps Femoris,Gluteus Maximus,Kettlebell,None,0,Standing,Double Arm,Horn Grip,Front Rack,Alternating,Knee Dominant,,Frontal Plane,Lower Body,Push,Compound,Bodybuilding
Kettlebell Goblet Alternating Curtsy Lunge,Video Demonstration,,Novice,Quadriceps,Quadriceps Femoris,Gluteus Maximus,Kettlebell,None,0,Standing,Double Arm,Goblet,Front Rack,Alternating,Knee Dominant,,Frontal Plane,Lower Body,Push,Compound,Bodybuilding
Clubbell Order Alternating Curtsy Lunge,,,Novice,Quadriceps,Quadriceps Femoris,Gluteus Maximus,Clubbell,None,0,Standing,Double Arm,Neutral,Order,Alternating,Knee Dominant,,Frontal Plane,Lower Body,Push,Compound,Bodybuilding
Double Clubbell Order Alternating Curtsy Lunge,,,Novice,Quadriceps,Quadriceps Femoris,Gluteus Maximus,Clubbell,None,0,Standing,Double Arm,Neutral,Order,Alternating,Knee Dominant,,Frontal Plane,Lower Body,Push,Compound,Bodybuilding
Single Arm Clubbell Order Alternating Curtsy Lunge,,,Novice,Quadriceps,Quadriceps Femoris,Gluteus Maximus,Clubbell,None,0,Standing,Single Arm,Neutral,Order,Alternating,Knee Dominant,,Frontal Plane,Lower Body,Push,Compound,Bodybuilding
Macebell Order Alternating Curtsy Lunge,,,Novice,Quadriceps,Quadriceps Femoris,Gluteus Maximus,Macebell,None,0,Standing,Double Arm,Neutral,Order,Alternating,Knee Dominant,,Frontal Plane,Lower Body,Push,Compound,Bodybuilding
Bodyweight Alternating Curtsy Lunge,Video Demonstration,,Beginner,Quadriceps,Quadriceps Femoris,Gluteus Maximus,Bodyweight,None,0,Standing,No Arms,No Grip,No Load,Alternating,Knee Dominant,,Frontal Plane,Lower Body,Push,Compound,Calisthenics
Heavy Sandbag Bear Hug Alternating Curtsy Lunge,,,Intermediate,Quadriceps,Quadriceps Femoris,Gluteus Maximus,Heavy Sandbag,None,0,Standing,Double Arm,Neutral,Bear Hug,Alternating,Knee Dominant,,Frontal Plane,Lower Body,Push,Compound,Unsorted*
Heavy Sandbag Shoulder Alternating Curtsy Lunge,,,Intermediate,Quadriceps,Quadriceps Femoris,Gluteus Maximus,Heavy Sandbag,None,0,Standing,Single Arm,Neutral,Shoulder,Alternating,Knee Dominant,,Frontal Plane,Lower Body,Push,Compound,Unsorted*
Plate Overhead Alternating Curtsy Lunge,,Video Explanation,Intermediate,Quadriceps,Quadriceps Femoris,Gluteus Maximus,Weight Plate,None,0,Standing,Double Arm,Neutral,Overhead,Alternating,Knee Dominant,,Frontal Plane,Lower Body,Push,Compound,Bodybuilding
Sandbag Front Rack Alternating Curtsy Lunge,,,Novice,Quadriceps,Quadriceps Femoris,Gluteus Maximus,Sandbag,None,0,Standing,Double Arm,Neutral,Front Rack,Alternating,Knee Dominant,,Frontal Plane,Lower Body,Push,Compound,Bodybuilding
Sandbag Back Rack Alternating Curtsy Lunge,Video Demonstration,,Novice,Quadriceps,Quadriceps Femoris,Gluteus Maximus,Sandbag,None,0,Standing,Double Arm,Neutral,Back Rack,Alternating,Knee Dominant,,Frontal Plane,Lower Body,Push,Compound,Bodybuilding
Plate Hollow Body Hold,Video Demonstration,,Intermediate,Abdominals,Rectus Abdominis,,Weight Plate,None,0,Supine,Double Arm,Neutral,Other,Continuous,Isometric Hold,,Sagittal Plane,Core,Other,Compound,Unsorted*
Double Dumbbell Seesaw Floor Press,Video Demonstration,Video Explanation,Beginner,Chest,Pectoralis Major,Triceps Brachii,Dumbbell,None,0,Supine,Double Arm,Pronated,Above Chest,Continuous,Horizontal Push,,Sagittal Plane,Upper Body,Push,Compound,Bodybuilding
Double Kettlebell Seesaw Bench Press,Video Demonstration,,Beginner,Chest,Pectoralis Major,Triceps Brachii,Kettlebell,Bench (Flat),1,Supine,Double Arm,Pronated,Above Chest,Continuous,Horizontal Push,,Sagittal Plane,Upper Body,Push,Compound,Bodybuilding
Double Kettlebell Seesaw Incline Bench Press,,,Beginner,Chest,Pectoralis Major,Triceps Brachii,Kettlebell,Bench (Incline),1,Supine,Double Arm,Pronated,Above Chest,Continuous,Horizontal Push,,Sagittal Plane,Upper Body,Push,Compound,Bodybuilding
Double Kettlebell Tuck L Sit,Video Demonstration,,Intermediate,Abdominals,Rectus Abdominis,,Kettlebell,None,0,Tuck L Sit,Double Arm,Neutral,No Load,Continuous,Isometric Hold,,Sagittal Plane,Core,Other,Compound,Calisthenics
Double Kettlebell Seesaw Decline Bench Press,,,Beginner,Chest,Pectoralis Major,Triceps Brachii,Kettlebell,Bench (Decline),1,Supine,Double Arm,Pronated,Above Chest,Continuous,Horizontal Push,,Sagittal Plane,Upper Body,Push,Compound,Bodybuilding
Bodyweight Hollow Body Flutter Kicks,Video Demonstration,Video Explanation,Novice,Abdominals,Rectus Abdominis,Iliopsoas,Bodyweight,None,0,Supine,Double Arm,No Grip,No Load,Alternating,Isometric Hold,,Sagittal Plane,Core,Other,Compound,Unsorted*
Double Kettlebell Seesaw Floor Press,Video Demonstration,Video Explanation,Beginner,Chest,Pectoralis Major,Triceps Brachii,Kettlebell,None,0,Supine,Double Arm,Pronated,Above Chest,Continuous,Horizontal Push,,Sagittal Plane,Upper Body,Push,Compound,Bodybuilding
Double Dumbbell Seesaw Overhead Press,Video Demonstration,Video Explanation,Beginner,Shoulders,Anterior Deltoids,Triceps Brachii,Dumbbell,None,0,Standing,Double Arm,Neutral,Overhead,Continuous,Vertical Push,,Sagittal Plane,Upper Body,Push,Compound,Bodybuilding
Double Dumbbell Arnold Press,Video Demonstration,,Beginner,Shoulders,Anterior Deltoids,Triceps Brachii,Dumbbell,None,0,Standing,Double Arm,Pronated,Overhead,Continuous,Vertical Push,,Transverse Plane,Upper Body,Push,Compound,Bodybuilding
Alternating Double Dumbbell Arnold Press,Video Demonstration,Video Explanation,Beginner,Shoulders,Anterior Deltoids,Triceps Brachii,Dumbbell,None,0,Standing,Double Arm,Pronated,Overhead,Continuous,Vertical Push,,Transverse Plane,Upper Body,Push,Compound,Bodybuilding
Double Dumbbell Seated Arnold Press,Video Demonstration,,Beginner,Shoulders,Anterior Deltoids,Triceps Brachii,Dumbbell,Bench (Flat),1,Seated,Double Arm,Pronated,Overhead,Continuous,Vertical Push,,Transverse Plane,Upper Body,Push,Compound,Bodybuilding
Alternating Double Dumbbell Seated Arnold Press,Video Demonstration,,Beginner,Shoulders,Anterior Deltoids,Triceps Brachii,Dumbbell,Bench (Flat),1,Seated,Double Arm,Pronated,Overhead,Continuous,Vertical Push,,Transverse Plane,Upper Body,Push,Compound,Bodybuilding
Bodyweight Feet Elevated Frog Pump,Video Demonstration,Video Explanation,Novice,Glutes,Gluteus Maximus,Biceps Femoris,Bodyweight,Bench (Flat),1,Bridge,No Arms,No Grip,No Load,Continuous,Hip Extension,,Sagittal Plane,Lower Body,Unsorted*,Compound,Unsorted*
Miniband Feet Elevated Frog Pump,Video Demonstration,,Novice,Glutes,Gluteus Maximus,Biceps Femoris,Miniband,Bench (Flat),1,Bridge,No Arms,No Grip,No Load,Continuous,Hip Extension,,Sagittal Plane,Lower Body,Unsorted*,Compound,Bodybuilding
Miniband Feet Elevated Glute Bridge,Video Demonstration,Video Explanation,Novice,Glutes,Gluteus Maximus,Biceps Femoris,Miniband,Bench (Flat),1,Bridge,No Arms,No Grip,No Load,Continuous,Hip Extension,,Sagittal Plane,Lower Body,Unsorted*,Compound,Bodybuilding
Bodyweight Reverse Plank,Video Demonstration,,Novice,Abdominals,Rectus Abdominis,Gluteus Maximus,Bodyweight,None,0,Supine,Double Arm,Flat Palm,No Load,Continuous,Anti-Flexion,,Sagittal Plane,Core,Other,Compound,Calisthenics
Wall Ball Toss,Video Demonstration,Video Explanation,Intermediate,Quadriceps,Quadriceps Femoris,Gluteus Maximus,Wall Ball,None,0,Standing,Double Arm,Neutral,Front Rack,Continuous,Knee Dominant,Vertical Push,Sagittal Plane,Full Body,Push,Compound,Unsorted*
Wall Ball Feet Elevated Russian Twist Lateral Toss,Video Demonstration,Video Explanation,Intermediate,Abdominals,Obliques,Rectus Abdominis,Wall Ball,None,0,Seated Floor,Double Arm,Neutral,Other,Continuous,Rotational,,Transverse Plane,Core,Other,Compound,Unsorted*
Wall Ball Russian Twist Lateral Toss,,Video Explanation,Novice,Abdominals,Obliques,Rectus Abdominis,Wall Ball,None,0,Seated Floor,Double Arm,Neutral,Other,Continuous,Rotational,,Transverse Plane,Core,Other,Compound,Unsorted*
Wall Ball Lateral Toss,Video Demonstration,Video Explanation,Novice,Abdominals,Obliques,Rectus Abdominis,Wall Ball,None,0,Standing,Double Arm,Neutral,Other,Continuous,Rotational,,Transverse Plane,Core,Other,Compound,Unsorted*
Wall Ball Sit Up Toss,Video Demonstration,Video Explanation,Intermediate,Abdominals,Rectus Abdominis,,Wall Ball,None,0,Seated Floor,Double Arm,Neutral,Other,Continuous,Spinal Flexion,,Sagittal Plane,Core,Other,Compound,Unsorted*
Double Kettlebell Suitcase Bulgarian Split Squat Jump,,,Advanced,Quadriceps,Quadriceps Femoris,Gluteus Maximus,Kettlebell,Bench (Flat),1,Single Leg Supported,Double Arm,Neutral,Suitcase,Continuous,Knee Dominant,,Sagittal Plane,Lower Body,Push,Compound,Plyometric
Double Dumbbell Tall Kneeling Arnold Press,Video Demonstration,,Beginner,Shoulders,Anterior Deltoids,Triceps Brachii,Dumbbell,None,0,Tall Kneeling,Double Arm,Pronated,Overhead,Continuous,Vertical Push,,Transverse Plane,Upper Body,Push,Compound,Bodybuilding
Barbell Zercher Bulgarian Split Squat,Video Demonstration,,Advanced,Quadriceps,Quadriceps Femoris,Gluteus Maximus,Barbell,Bench (Flat),1,Single Leg Supported,Double Arm,No Grip,Zercher,Continuous,Knee Dominant,,Sagittal Plane,Lower Body,Push,Compound,Bodybuilding
Dumbbell Goblet Bulgarian Split Squat,Video Demonstration,Video Explanation,Intermediate,Quadriceps,Quadriceps Femoris,Gluteus Maximus,Dumbbell,Bench (Flat),1,Single Leg Supported,Double Arm,Goblet,Front Rack,Continuous,Knee Dominant,,Sagittal Plane,Lower Body,Push,Compound,Bodybuilding
Single Arm Kettlebell Bottoms Up Overhead Ipsilateral Bulgarian Split Squat,,,Advanced,Quadriceps,Quadriceps Femoris,Gluteus Maximus,Kettlebell,Bench (Flat),1,Single Leg Supported,Single Arm,Bottoms Up,Overhead,Continuous,Knee Dominant,,Sagittal Plane,Lower Body,Push,Compound,Bodybuilding
Kettlebell Goblet Bulgarian Split Squat,Video Demonstration,,Intermediate,Quadriceps,Quadriceps Femoris,Gluteus Maximus,Kettlebell,Bench (Flat),1,Single Leg Supported,Double Arm,Goblet,Front Rack,Continuous,Knee Dominant,,Sagittal Plane,Lower Body,Push,Compound,Bodybuilding
Landmine Goblet Bulgarian Split Squat,Video Demonstration,Video Explanation,Intermediate,Quadriceps,Quadriceps Femoris,Gluteus Maximus,Landmine,Bench (Flat),1,Single Leg Supported,Double Arm,Goblet,Front Rack,Continuous,Knee Dominant,,Sagittal Plane,Lower Body,Push,Compound,Bodybuilding
Macebell Order Bulgarian Split Squat,,,Intermediate,Quadriceps,Quadriceps Femoris,Gluteus Maximus,Macebell,Bench (Flat),1,Single Leg Supported,Double Arm,Neutral,Order,Continuous,Knee Dominant,,Sagittal Plane,Lower Body,Push,Compound,Bodybuilding
Single Arm Macebell Order Contralateral Bulgarian Split Squat,,,Intermediate,Quadriceps,Quadriceps Femoris,Gluteus Maximus,Macebell,Bench (Flat),1,Single Leg Supported,Single Arm,Neutral,Order,Continuous,Knee Dominant,,Sagittal Plane,Lower Body,Push,Compound,Bodybuilding
Single Arm Macebell Order Ipsilateral Bulgarian Split Squat,,,Intermediate,Quadriceps,Quadriceps Femoris,Gluteus Maximus,Macebell,Bench (Flat),1,Single Leg Supported,Single Arm,Neutral,Order,Continuous,Knee Dominant,,Sagittal Plane,Lower Body,Push,Compound,Bodybuilding
Clubbell Order Bulgarian Split Squat,,,Intermediate,Quadriceps,Quadriceps Femoris,Gluteus Maximus,Clubbell,Bench (Flat),1,Single Leg Supported,Double Arm,Neutral,Order,Continuous,Knee Dominant,,Sagittal Plane,Lower Body,Push,Compound,Bodybuilding
Plate Overhead Bulgarian Split Squat,,,Intermediate,Quadriceps,Quadriceps Femoris,Gluteus Maximus,Weight Plate,Bench (Flat),1,Single Leg Supported,Double Arm,Neutral,Overhead,Continuous,Knee Dominant,,Sagittal Plane,Lower Body,Push,Compound,Bodybuilding
Tire Bulgarian Split Squat,,,Novice,Quadriceps,Quadriceps Femoris,Gluteus Maximus,Tire,None,0,Single Leg Supported,No Arms,No Grip,No Load,Continuous,Knee Dominant,,Sagittal Plane,Lower Body,Push,Compound,Bodybuilding
Tire Bulgarian Split Squat Jump,,,Intermediate,Quadriceps,Quadriceps Femoris,Gluteus Maximus,Tire,None,0,Single Leg Supported,No Arms,No Grip,No Load,Continuous,Knee Dominant,,Sagittal Plane,Lower Body,Push,Compound,Plyometric
Double Dumbbell Front Rack Knee Over Toe Split Squat,Video Demonstration,,Novice,Quadriceps,Quadriceps Femoris,Gluteus Maximus,Dumbbell,None,0,Knee Over Toe Split Squat,Double Arm,Neutral,Front Rack,Continuous,Knee Dominant,,Sagittal Plane,Lower Body,Push,Compound,Bodybuilding
Double Dumbbell Front Rack Foot Elevated Knee Over Toe Split Squat,Video Demonstration,,Novice,Quadriceps,Quadriceps Femoris,Gluteus Maximus,Dumbbell,None,0,Knee Over Toe Split Squat,Double Arm,Neutral,Front Rack,Continuous,Knee Dominant,,Sagittal Plane,Lower Body,Push,Compound,Bodybuilding
Double Dumbbell Overhead Knee Over Toe Split Squat,,,Intermediate,Quadriceps,Quadriceps Femoris,Gluteus Maximus,Dumbbell,None,0,Knee Over Toe Split Squat,Double Arm,Neutral,Overhead,Continuous,Knee Dominant,,Sagittal Plane,Lower Body,Push,Compound,Bodybuilding
Double Dumbbell Overhead Foot Elevated Knee Over Toe Split Squat,,,Intermediate,Quadriceps,Quadriceps Femoris,Gluteus Maximus,Dumbbell,None,0,Knee Over Toe Split Squat,Double Arm,Neutral,Overhead,Continuous,Knee Dominant,,Sagittal Plane,Lower Body,Push,Compound,Bodybuilding
Double Dumbbell Suitcase Foot Elevated Knee Over Toe Split Squat,Video Demonstration,,Novice,Quadriceps,Quadriceps Femoris,Gluteus Maximus,Dumbbell,None,0,Knee Over Toe Split Squat,Double Arm,Neutral,Suitcase,Continuous,Knee Dominant,,Sagittal Plane,Lower Body,Push,Compound,Bodybuilding
Single Arm Dumbbell Overhead Ipsilateral Knee Over Toe Split Squat,,,Intermediate,Quadriceps,Quadriceps Femoris,Gluteus Maximus,Dumbbell,None,0,Knee Over Toe Split Squat,Single Arm,Neutral,Overhead,Continuous,Knee Dominant,,Sagittal Plane,Lower Body,Push,Compound,Bodybuilding
Single Arm Dumbbell Front Rack Contralateral Knee Over Toe Split Squat,,,Novice,Quadriceps,Quadriceps Femoris,Gluteus Maximus,Dumbbell,None,0,Knee Over Toe Split Squat,Single Arm,Neutral,Front Rack,Continuous,Knee Dominant,,Sagittal Plane,Lower Body,Push,Compound,Bodybuilding
Single Arm Dumbbell Front Rack Ipsilateral Knee Over Toe Split Squat,,,Novice,Quadriceps,Quadriceps Femoris,Gluteus Maximus,Dumbbell,None,0,Knee Over Toe Split Squat,Single Arm,Neutral,Front Rack,Continuous,Knee Dominant,,Sagittal Plane,Lower Body,Push,Compound,Bodybuilding
Single Arm Dumbbell Suitcase Contralateral Knee Over Toe Split Squat,,,Novice,Quadriceps,Quadriceps Femoris,Gluteus Maximus,Dumbbell,None,0,Knee Over Toe Split Squat,Single Arm,Neutral,Suitcase,Continuous,Knee Dominant,Anti-Lateral Flexion,Sagittal Plane,Lower Body,Push,Compound,Bodybuilding
Single Arm Dumbbell Suitcase Ipsilateral Knee Over Toe Split Squat,,,Novice,Quadriceps,Quadriceps Femoris,Gluteus Maximus,Dumbbell,None,0,Knee Over Toe Split Squat,Single Arm,Neutral,Suitcase,Continuous,Knee Dominant,Anti-Lateral Flexion,Sagittal Plane,Lower Body,Push,Compound,Bodybuilding
Dumbbell Goblet Knee Over Toe Split Squat,Video Demonstration,,Novice,Quadriceps,Quadriceps Femoris,Gluteus Maximus,Dumbbell,None,0,Knee Over Toe Split Squat,Double Arm,Goblet,Front Rack,Continuous,Knee Dominant,,Sagittal Plane,Lower Body,Push,Compound,Bodybuilding
Dumbbell Goblet Foot Elevated Knee Over Toe Split Squat,Video Demonstration,,Novice,Quadriceps,Quadriceps Femoris,Gluteus Maximus,Dumbbell,None,0,Knee Over Toe Split Squat,Double Arm,Goblet,Front Rack,Continuous,Knee Dominant,,Sagittal Plane,Lower Body,Push,Compound,Bodybuilding
Single Arm Dumbbell Suitcase Foot Elevated Contralateral Knee Over Toe Split Squat,Video Demonstration,,Novice,Quadriceps,Quadriceps Femoris,Gluteus Maximus,Dumbbell,None,0,Knee Over Toe Split Squat,Single Arm,Neutral,Suitcase,Continuous,Knee Dominant,Anti-Lateral Flexion,Sagittal Plane,Lower Body,Push,Compound,Bodybuilding
Single Arm Dumbbell Suitcase Foot Elevated Ipsilateral Knee Over Toe Split Squat,,,Novice,Quadriceps,Quadriceps Femoris,Gluteus Maximus,Dumbbell,None,0,Knee Over Toe Split Squat,Single Arm,Neutral,Suitcase,Continuous,Knee Dominant,Anti-Lateral Flexion,Sagittal Plane,Lower Body,Push,Compound,Bodybuilding
Single Arm Dumbbell Overhead Foot Elevated Contralateral Knee Over Toe Split Squat,,,Intermediate,Quadriceps,Quadriceps Femoris,Gluteus Maximus,Dumbbell,None,0,Knee Over Toe Split Squat,Single Arm,Neutral,Overhead,Continuous,Knee Dominant,,Sagittal Plane,Lower Body,Push,Compound,Bodybuilding
Single Arm Dumbbell Overhead Foot Elevated Ipsilateral Knee Over Toe Split Squat,,,Intermediate,Quadriceps,Quadriceps Femoris,Gluteus Maximus,Dumbbell,None,0,Knee Over Toe Split Squat,Single Arm,Neutral,Overhead,Continuous,Knee Dominant,,Sagittal Plane,Lower Body,Push,Compound,Bodybuilding
Single Arm Dumbbell Front Rack Foot Elevated Contralateral Knee Over Toe Split Squat,,,Novice,Quadriceps,Quadriceps Femoris,Gluteus Maximus,Dumbbell,None,0,Knee Over Toe Split Squat,Single Arm,Neutral,Front Rack,Continuous,Knee Dominant,,Sagittal Plane,Lower Body,Push,Compound,Bodybuilding
Single Arm Dumbbell Front Rack Foot Elevated Ipsilateral Knee Over Toe Split Squat,,,Novice,Quadriceps,Quadriceps Femoris,Gluteus Maximus,Dumbbell,None,0,Knee Over Toe Split Squat,Single Arm,Neutral,Front Rack,Continuous,Knee Dominant,,Sagittal Plane,Lower Body,Push,Compound,Bodybuilding
Barbell Zercher Knee Over Toe Split Squat,,,Advanced,Quadriceps,Quadriceps Femoris,Gluteus Maximus,Barbell,None,0,Knee Over Toe Split Squat,Double Arm,No Grip,Zercher,Continuous,Knee Dominant,,Sagittal Plane,Lower Body,Push,Compound,Bodybuilding
Barbell Zercher Foot Elevated Knee Over Toe Split Squat,,,Advanced,Quadriceps,Quadriceps Femoris,Gluteus Maximus,Barbell,None,0,Knee Over Toe Split Squat,Double Arm,No Grip,Zercher,Continuous,Knee Dominant,,Sagittal Plane,Lower Body,Push,Compound,Bodybuilding
Barbell Back Rack Foot Elevated Knee Over Toe Split Squat,Video Demonstration,,Intermediate,Quadriceps,Quadriceps Femoris,Gluteus Maximus,Barbell,None,0,Knee Over Toe Split Squat,Double Arm,Pronated,Back Rack,Continuous,Knee Dominant,,Sagittal Plane,Lower Body,Push,Compound,Bodybuilding
Barbell Front Rack Foot Elevated Knee Over Toe Split Squat,Video Demonstration,,Intermediate,Quadriceps,Quadriceps Femoris,Gluteus Maximus,Barbell,None,0,Knee Over Toe Split Squat,Double Arm,Pronated,Front Rack,Continuous,Knee Dominant,,Sagittal Plane,Lower Body,Push,Compound,Bodybuilding
Barbell Overhead Foot Elevated Knee Over Toe Split Squat,,,Advanced,Quadriceps,Quadriceps Femoris,Gluteus Maximus,Barbell,None,0,Knee Over Toe Split Squat,Double Arm,Pronated,Overhead,Continuous,Knee Dominant,,Sagittal Plane,Lower Body,Push,Compound,Bodybuilding
Single Arm Barbell Overhead Foot Elevated Knee Over Toe Split Squat,,,Expert,Quadriceps,Quadriceps Femoris,Gluteus Maximus,Barbell,None,0,Knee Over Toe Split Squat,Single Arm,Pronated,Overhead,Continuous,Knee Dominant,,Sagittal Plane,Lower Body,Push,Compound,Bodybuilding
Bulgarian Bag Back Rack Knee Over Toe Split Squat,,,Novice,Quadriceps,Quadriceps Femoris,Gluteus Maximus,Bulgarian Bag,None,0,Knee Over Toe Split Squat,Double Arm,Neutral,Back Rack,Continuous,Knee Dominant,,Sagittal Plane,Lower Body,Push,Compound,Bodybuilding
Bulgarian Bag Back Rack Foot Elevated Knee Over Toe Split Squat,,,Novice,Quadriceps,Quadriceps Femoris,Gluteus Maximus,Bulgarian Bag,None,0,Knee Over Toe Split Squat,Double Arm,Neutral,Back Rack,Continuous,Knee Dominant,,Sagittal Plane,Lower Body,Push,Compound,Bodybuilding
Plate Overhead Knee Over Toe Split Squat,,,Intermediate,Quadriceps,Quadriceps Femoris,Gluteus Maximus,Weight Plate,None,0,Knee Over Toe Split Squat,Double Arm,Neutral,Overhead,Continuous,Knee Dominant,,Sagittal Plane,Lower Body,Push,Compound,Bodybuilding
Plate Overhead Foot Elevated Knee Over Toe Split Squat,,,Intermediate,Quadriceps,Quadriceps Femoris,Gluteus Maximus,Weight Plate,None,0,Knee Over Toe Split Squat,Double Arm,Neutral,Overhead,Continuous,Knee Dominant,,Sagittal Plane,Lower Body,Push,Compound,Bodybuilding
Double Clubbell Order Knee Over Toe Split Squat,,,Novice,Quadriceps,Quadriceps Femoris,Gluteus Maximus,Clubbell,None,0,Knee Over Toe Split Squat,Double Arm,Neutral,Order,Continuous,Knee Dominant,,Sagittal Plane,Lower Body,Push,Compound,Bodybuilding
Double Clubbell Order Foot Elevated Knee Over Toe Split Squat,,,Novice,Quadriceps,Quadriceps Femoris,Gluteus Maximus,Clubbell,None,0,Knee Over Toe Split Squat,Double Arm,Neutral,Order,Continuous,Knee Dominant,,Sagittal Plane,Lower Body,Push,Compound,Bodybuilding
Clubbell Order Knee Over Toe Split Squat,,,Novice,Quadriceps,Quadriceps Femoris,Gluteus Maximus,Clubbell,None,0,Knee Over Toe Split Squat,Double Arm,Neutral,Order,Continuous,Knee Dominant,,Sagittal Plane,Lower Body,Push,Compound,Bodybuilding
Clubbell Order Foot Elevated Knee Over Toe Split Squat,,,Novice,Quadriceps,Quadriceps Femoris,Gluteus Maximus,Clubbell,None,0,Knee Over Toe Split Squat,Double Arm,Neutral,Order,Continuous,Knee Dominant,,Sagittal Plane,Lower Body,Push,Compound,Bodybuilding
Single Arm Clubbell Order Contralateral Knee Over Toe Split Squat,,,Novice,Quadriceps,Quadriceps Femoris,Gluteus Maximus,Clubbell,None,0,Knee Over Toe Split Squat,Single Arm,Neutral,Order,Continuous,Knee Dominant,,Sagittal Plane,Lower Body,Push,Compound,Bodybuilding
Single Arm Clubbell Order Foot Elevated Contralateral Knee Over Toe Split Squat,,,Novice,Quadriceps,Quadriceps Femoris,Gluteus Maximus,Clubbell,None,0,Knee Over Toe Split Squat,Single Arm,Neutral,Order,Continuous,Knee Dominant,,Sagittal Plane,Lower Body,Push,Compound,Bodybuilding
Single Arm Clubbell Order Ipsilateral Knee Over Toe Split Squat,,,Novice,Quadriceps,Quadriceps Femoris,Gluteus Maximus,Clubbell,None,0,Knee Over Toe Split Squat,Single Arm,Neutral,Order,Continuous,Knee Dominant,,Sagittal Plane,Lower Body,Push,Compound,Bodybuilding
Single Arm Clubbell Order Foot Elevated Ipsilateral Knee Over Toe Split Squat,,,Novice,Quadriceps,Quadriceps Femoris,Gluteus Maximus,Clubbell,None,0,Knee Over Toe Split Squat,Single Arm,Neutral,Order,Continuous,Knee Dominant,,Sagittal Plane,Lower Body,Push,Compound,Bodybuilding
Macebell Order Knee Over Toe Split Squat,,,Novice,Quadriceps,Quadriceps Femoris,Gluteus Maximus,Macebell,None,0,Knee Over Toe Split Squat,Double Arm,Neutral,Order,Continuous,Knee Dominant,,Sagittal Plane,Lower Body,Push,Compound,Bodybuilding
Macebell Order Foot Elevated Knee Over Toe Split Squat,,,Novice,Quadriceps,Quadriceps Femoris,Gluteus Maximus,Macebell,None,0,Knee Over Toe Split Squat,Double Arm,Neutral,Order,Continuous,Knee Dominant,,Sagittal Plane,Lower Body,Push,Compound,Bodybuilding
Single Arm Macebell Order Contralateral Knee Over Toe Split Squat,,,Novice,Quadriceps,Quadriceps Femoris,Gluteus Maximus,Macebell,None,0,Knee Over Toe Split Squat,Single Arm,Neutral,Order,Continuous,Knee Dominant,,Sagittal Plane,Lower Body,Push,Compound,Bodybuilding
Single Arm Macebell Order Foot Elevated Contralateral Knee Over Toe Split Squat,,,Novice,Quadriceps,Quadriceps Femoris,Gluteus Maximus,Macebell,None,0,Knee Over Toe Split Squat,Single Arm,Neutral,Order,Continuous,Knee Dominant,,Sagittal Plane,Lower Body,Push,Compound,Bodybuilding
Single Arm Macebell Order Ipsilateral Knee Over Toe Split Squat,,,Novice,Quadriceps,Quadriceps Femoris,Gluteus Maximus,Macebell,None,0,Knee Over Toe Split Squat,Single Arm,Neutral,Order,Continuous,Knee Dominant,,Sagittal Plane,Lower Body,Push,Compound,Bodybuilding
Single Arm Macebell Order Foot Elevated Ipsilateral Knee Over Toe Split Squat,,,Novice,Quadriceps,Quadriceps Femoris,Gluteus Maximus,Macebell,None,0,Knee Over Toe Split Squat,Single Arm,Neutral,Order,Continuous,Knee Dominant,,Sagittal Plane,Lower Body,Push,Compound,Bodybuilding
Sandbag Front Rack Knee Over Toe Split Squat,,,Novice,Quadriceps,Quadriceps Femoris,Gluteus Maximus,Sandbag,None,0,Knee Over Toe Split Squat,Double Arm,Neutral,Front Rack,Continuous,Knee Dominant,,Sagittal Plane,Lower Body,Push,Compound,Bodybuilding
Sandbag Front Rack Foot Elevated Knee Over Toe Split Squat,,,Novice,Quadriceps,Quadriceps Femoris,Gluteus Maximus,Sandbag,None,0,Knee Over Toe Split Squat,Double Arm,Neutral,Front Rack,Continuous,Knee Dominant,,Sagittal Plane,Lower Body,Push,Compound,Bodybuilding
Single Arm Kettlebell Suitcase Foot Elevated Ipsilateral Knee Over Toe Split Squat,,,Novice,Quadriceps,Quadriceps Femoris,Gluteus Maximus,Kettlebell,None,0,Knee Over Toe Split Squat,Single Arm,Neutral,Suitcase,Continuous,Knee Dominant,Anti-Lateral Flexion,Sagittal Plane,Lower Body,Push,Compound,Bodybuilding
Single Arm Kettlebell Suitcase Ipsilateral Knee Over Toe Split Squat,,,Novice,Quadriceps,Quadriceps Femoris,Gluteus Maximus,Kettlebell,None,0,Knee Over Toe Split Squat,Single Arm,Neutral,Suitcase,Continuous,Knee Dominant,Anti-Lateral Flexion,Sagittal Plane,Lower Body,Push,Compound,Bodybuilding
Double Kettlebell Front Rack Foot Elevated Knee Over Toe Split Squat,,,Novice,Quadriceps,Quadriceps Femoris,Gluteus Maximus,Kettlebell,None,0,Knee Over Toe Split Squat,Double Arm,Neutral,Front Rack,Continuous,Knee Dominant,,Sagittal Plane,Lower Body,Push,Compound,Bodybuilding
Single Arm Kettlebell Front Rack Foot Elevated Contralateral Knee Over Toe Split Squat,,,Novice,Quadriceps,Quadriceps Femoris,Gluteus Maximus,Kettlebell,None,0,Knee Over Toe Split Squat,Single Arm,Neutral,Front Rack,Continuous,Knee Dominant,,Sagittal Plane,Lower Body,Push,Compound,Bodybuilding
Single Arm Kettlebell Front Rack Ipsilateral Knee Over Toe Split Squat,,,Novice,Quadriceps,Quadriceps Femoris,Gluteus Maximus,Kettlebell,None,0,Knee Over Toe Split Squat,Single Arm,Neutral,Front Rack,Continuous,Knee Dominant,,Sagittal Plane,Lower Body,Push,Compound,Bodybuilding
Single Arm Kettlebell Front Rack Foot Elevated Ipsilateral Knee Over Toe Split Squat,,,Novice,Quadriceps,Quadriceps Femoris,Gluteus Maximus,Kettlebell,None,0,Knee Over Toe Split Squat,Single Arm,Neutral,Front Rack,Continuous,Knee Dominant,,Sagittal Plane,Lower Body,Push,Compound,Bodybuilding
Double Kettlebell Bottoms Up Front Rack Knee Over Toe Split Squat,,,Intermediate,Quadriceps,Quadriceps Femoris,Gluteus Maximus,Kettlebell,None,0,Knee Over Toe Split Squat,Double Arm,Bottoms Up,Front Rack,Continuous,Knee Dominant,,Sagittal Plane,Lower Body,Push,Compound,Bodybuilding
Double Kettlebell Bottoms Up Front Rack Foot Elevated Knee Over Toe Split Squat,,,Intermediate,Quadriceps,Quadriceps Femoris,Gluteus Maximus,Kettlebell,None,0,Knee Over Toe Split Squat,Double Arm,Bottoms Up,Front Rack,Continuous,Knee Dominant,,Sagittal Plane,Lower Body,Push,Compound,Bodybuilding
Single Arm Kettlebell Bottoms Up Front Rack Contralateral Knee Over Toe Split Squat,,,Intermediate,Quadriceps,Quadriceps Femoris,Gluteus Maximus,Kettlebell,None,0,Knee Over Toe Split Squat,Single Arm,Bottoms Up,Front Rack,Continuous,Knee Dominant,,Sagittal Plane,Lower Body,Push,Compound,Bodybuilding
Single Arm Kettlebell Bottoms Up Front Rack Foot Elevated Contralateral Knee Over Toe Split Squat,,,Intermediate,Quadriceps,Quadriceps Femoris,Gluteus Maximus,Kettlebell,None,0,Knee Over Toe Split Squat,Single Arm,Bottoms Up,Front Rack,Continuous,Knee Dominant,,Sagittal Plane,Lower Body,Push,Compound,Bodybuilding
Single Arm Kettlebell Bottoms Up Front Rack Ipsilateral Knee Over Toe Split Squat,,,Intermediate,Quadriceps,Quadriceps Femoris,Gluteus Maximus,Kettlebell,None,0,Knee Over Toe Split Squat,Single Arm,Bottoms Up,Front Rack,Continuous,Knee Dominant,,Sagittal Plane,Lower Body,Push,Compound,Bodybuilding
Single Arm Kettlebell Bottoms Up Front Rack Foot Elevated Ipsilateral Knee Over Toe Split Squat,,,Intermediate,Quadriceps,Quadriceps Femoris,Gluteus Maximus,Kettlebell,None,0,Knee Over Toe Split Squat,Single Arm,Bottoms Up,Front Rack,Continuous,Knee Dominant,,Sagittal Plane,Lower Body,Push,Compound,Bodybuilding
Single Arm Kettlebell Overhead Ipsilateral Knee Over Toe Split Squat,,,Intermediate,Quadriceps,Quadriceps Femoris,Gluteus Maximus,Kettlebell,None,0,Knee Over Toe Split Squat,Single Arm,Pronated,Overhead,Continuous,Knee Dominant,,Sagittal Plane,Lower Body,Push,Compound,Bodybuilding
Single Arm Kettlebell Bottoms Up Overhead Ipsilateral Knee Over Toe Split Squat,,,Advanced,Quadriceps,Quadriceps Femoris,Gluteus Maximus,Kettlebell,None,0,Knee Over Toe Split Squat,Single Arm,Bottoms Up,Overhead,Continuous,Knee Dominant,,Sagittal Plane,Lower Body,Push,Compound,Bodybuilding
Double Kettlebell Overhead Foot Elevated Knee Over Toe Split Squat,,,Intermediate,Quadriceps,Quadriceps Femoris,Gluteus Maximus,Kettlebell,None,0,Knee Over Toe Split Squat,Double Arm,Pronated,Overhead,Continuous,Knee Dominant,,Sagittal Plane,Lower Body,Push,Compound,Bodybuilding
Single Arm Kettlebell Overhead Foot Elevated Contralateral Knee Over Toe Split Squat,,,Intermediate,Quadriceps,Quadriceps Femoris,Gluteus Maximus,Kettlebell,None,0,Knee Over Toe Split Squat,Single Arm,Pronated,Overhead,Continuous,Knee Dominant,,Sagittal Plane,Lower Body,Push,Compound,Bodybuilding
Single Arm Kettlebell Bottoms Up Overhead Foot Elevated Contralateral Knee Over Toe Split Squat,,,Advanced,Quadriceps,Quadriceps Femoris,Gluteus Maximus,Kettlebell,None,0,Knee Over Toe Split Squat,Single Arm,Bottoms Up,Overhead,Continuous,Knee Dominant,,Sagittal Plane,Lower Body,Push,Compound,Bodybuilding
Double Kettlebell Bottoms Up Overhead Foot Elevated Knee Over Toe Split Squat,,,Advanced,Quadriceps,Quadriceps Femoris,Gluteus Maximus,Kettlebell,None,0,Knee Over Toe Split Squat,Double Arm,Bottoms Up,Overhead,Continuous,Knee Dominant,,Sagittal Plane,Lower Body,Push,Compound,Bodybuilding
Single Arm Kettlebell Overhead Foot Elevated Ipsilateral Knee Over Toe Split Squat,,,Intermediate,Quadriceps,Quadriceps Femoris,Gluteus Maximus,Kettlebell,None,0,Knee Over Toe Split Squat,Single Arm,Pronated,Overhead,Continuous,Knee Dominant,,Sagittal Plane,Lower Body,Push,Compound,Bodybuilding
Single Arm Kettlebell Bottoms Up Overhead Foot Elevated Ipsilateral Knee Over Toe Split Squat,,,Advanced,Quadriceps,Quadriceps Femoris,Gluteus Maximus,Kettlebell,None,0,Knee Over Toe Split Squat,Single Arm,Bottoms Up,Overhead,Continuous,Knee Dominant,,Sagittal Plane,Lower Body,Push,Compound,Bodybuilding
Double Kettlebell Suitcase Foot Elevated Knee Over Toe Split Squat,,,Novice,Quadriceps,Quadriceps Femoris,Gluteus Maximus,Kettlebell,None,0,Knee Over Toe Split Squat,Double Arm,Neutral,Suitcase,Continuous,Knee Dominant,,Sagittal Plane,Lower Body,Push,Compound,Bodybuilding
Barbell Zercher Split Squat,Video Demonstration,Video Explanation,Advanced,Quadriceps,Quadriceps Femoris,Gluteus Maximus,Barbell,None,0,Split Squat,Double Arm,No Grip,Zercher,Continuous,Knee Dominant,,Sagittal Plane,Lower Body,Push,Compound,Bodybuilding
Suspension Alternating Split Squat Jump,Video Demonstration,,Intermediate,Quadriceps,Quadriceps Femoris,Gluteus Maximus,Suspension Trainer,None,0,Split Squat,Double Arm,Neutral,No Load,Alternating,Knee Dominant,,Sagittal Plane,Lower Body,Push,Compound,Plyometric
Single Arm Dumbbell Suitcase Contralateral Split Squat,Video Demonstration,,Novice,Quadriceps,Quadriceps Femoris,Gluteus Maximus,Dumbbell,None,0,Split Squat,Single Arm,Neutral,Suitcase,Continuous,Knee Dominant,Anti-Lateral Flexion,Sagittal Plane,Lower Body,Push,Compound,Bodybuilding
Single Arm Dumbbell Suitcase Ipsilateral Split Squat,Video Demonstration,Video Explanation,Novice,Quadriceps,Quadriceps Femoris,Gluteus Maximus,Dumbbell,None,0,Split Squat,Single Arm,Neutral,Suitcase,Continuous,Knee Dominant,Anti-Lateral Flexion,Sagittal Plane,Lower Body,Push,Compound,Bodybuilding
Double Dumbbell Front Rack Split Squat,Video Demonstration,,Novice,Quadriceps,Quadriceps Femoris,Gluteus Maximus,Dumbbell,None,0,Split Squat,Double Arm,Neutral,Front Rack,Continuous,Knee Dominant,,Sagittal Plane,Lower Body,Push,Compound,Bodybuilding
Single Arm Dumbbell Front Rack Contralateral Split Squat,Video Demonstration,,Novice,Quadriceps,Quadriceps Femoris,Gluteus Maximus,Dumbbell,None,0,Split Squat,Single Arm,Neutral,Front Rack,Continuous,Knee Dominant,,Sagittal Plane,Lower Body,Push,Compound,Bodybuilding
Single Arm Dumbbell Front Rack Ipsilateral Split Squat,Video Demonstration,,Novice,Quadriceps,Quadriceps Femoris,Gluteus Maximus,Dumbbell,None,0,Split Squat,Single Arm,Neutral,Front Rack,Continuous,Knee Dominant,,Sagittal Plane,Lower Body,Push,Compound,Bodybuilding
Double Dumbbell Overhead Split Squat,Video Demonstration,,Intermediate,Quadriceps,Quadriceps Femoris,Gluteus Maximus,Dumbbell,None,0,Split Squat,Double Arm,Neutral,Overhead,Continuous,Knee Dominant,,Sagittal Plane,Lower Body,Push,Compound,Bodybuilding
Single Arm Dumbbell Overhead Contralateral Split Squat,Video Demonstration,,Intermediate,Quadriceps,Quadriceps Femoris,Gluteus Maximus,Dumbbell,None,0,Split Squat,Single Arm,Neutral,Overhead,Continuous,Knee Dominant,,Sagittal Plane,Lower Body,Push,Compound,Bodybuilding
Single Arm Dumbbell Overhead Ipsilateral Split Squat,Video Demonstration,Video Explanation,Intermediate,Quadriceps,Quadriceps Femoris,Gluteus Maximus,Dumbbell,None,0,Split Squat,Single Arm,Neutral,Overhead,Continuous,Knee Dominant,,Sagittal Plane,Lower Body,Push,Compound,Bodybuilding
Dumbbell Goblet Split Squat,Video Demonstration,Video Explanation,Novice,Quadriceps,Quadriceps Femoris,Gluteus Maximus,Dumbbell,None,0,Split Squat,Double Arm,Goblet,Front Rack,Continuous,Knee Dominant,,Sagittal Plane,Lower Body,Push,Compound,Bodybuilding
Wall Ball Feet Elevated Russian Twist,Video Demonstration,,Novice,Abdominals,Obliques,Rectus Abdominis,Wall Ball,None,0,Seated Floor,Double Arm,Neutral,Other,Continuous,Rotational,,Transverse Plane,Core,Other,Compound,Unsorted*
Wall Ball Russian Twist,Video Demonstration,Video Explanation,Novice,Abdominals,Obliques,Rectus Abdominis,Wall Ball,None,0,Seated Floor,Double Arm,Neutral,Other,Continuous,Rotational,,Transverse Plane,Core,Other,Compound,Unsorted*
Bulgarian Bag Back Rack Split Squat,Video Demonstration,,Novice,Quadriceps,Quadriceps Femoris,Gluteus Maximus,Bulgarian Bag,None,0,Split Squat,Double Arm,Neutral,Back Rack,Continuous,Knee Dominant,,Sagittal Plane,Lower Body,Push,Compound,Bodybuilding
Double Clubbell Order Split Squat,,,Novice,Quadriceps,Quadriceps Femoris,Gluteus Maximus,Clubbell,None,0,Split Squat,Double Arm,Neutral,Order,Continuous,Knee Dominant,,Sagittal Plane,Lower Body,Push,Compound,Bodybuilding
Clubbell Order Split Squat,,,Novice,Quadriceps,Quadriceps Femoris,Gluteus Maximus,Clubbell,None,0,Split Squat,Double Arm,Neutral,Order,Continuous,Knee Dominant,,Sagittal Plane,Lower Body,Push,Compound,Bodybuilding
Single Arm Clubbell Order Contralateral Split Squat,,,Novice,Quadriceps,Quadriceps Femoris,Gluteus Maximus,Clubbell,None,0,Split Squat,Single Arm,Neutral,Order,Continuous,Knee Dominant,,Sagittal Plane,Lower Body,Push,Compound,Bodybuilding
Single Arm Clubbell Order Ipsilateral Split Squat,,,Novice,Quadriceps,Quadriceps Femoris,Gluteus Maximus,Clubbell,None,0,Split Squat,Single Arm,Neutral,Order,Continuous,Knee Dominant,,Sagittal Plane,Lower Body,Push,Compound,Bodybuilding
Macebell Order Split Squat,,,Novice,Quadriceps,Quadriceps Femoris,Gluteus Maximus,Macebell,None,0,Split Squat,Double Arm,Neutral,Order,Continuous,Knee Dominant,,Sagittal Plane,Lower Body,Push,Compound,Bodybuilding
Single Arm Macebell Order Contralateral Split Squat,,,Novice,Quadriceps,Quadriceps Femoris,Gluteus Maximus,Macebell,None,0,Split Squat,Single Arm,Neutral,Order,Continuous,Knee Dominant,,Sagittal Plane,Lower Body,Push,Compound,Bodybuilding
Single Arm Macebell Order Ipsilateral Split Squat,,,Novice,Quadriceps,Quadriceps Femoris,Gluteus Maximus,Macebell,None,0,Split Squat,Single Arm,Neutral,Order,Continuous,Knee Dominant,,Sagittal Plane,Lower Body,Push,Compound,Bodybuilding
Plate Overhead Split Squat,Video Demonstration,Video Explanation,Intermediate,Quadriceps,Quadriceps Femoris,Gluteus Maximus,Weight Plate,None,0,Split Squat,Double Arm,Neutral,Overhead,Continuous,Knee Dominant,,Sagittal Plane,Lower Body,Push,Compound,Bodybuilding
Heavy Sandbag Bear Hug Split Squat,Video Demonstration,,Intermediate,Quadriceps,Quadriceps Femoris,Gluteus Maximus,Heavy Sandbag,None,0,Split Squat,Double Arm,Neutral,Bear Hug,Continuous,Knee Dominant,,Sagittal Plane,Full Body,Other,Compound,Unsorted*
Heavy Sandbag Shoulder Contralateral Split Squat,Video Demonstration,,Intermediate,Quadriceps,Quadriceps Femoris,Gluteus Maximus,Heavy Sandbag,None,0,Split Squat,Single Arm,Neutral,Shoulder,Continuous,Knee Dominant,,Sagittal Plane,Lower Body,Push,Compound,Unsorted*
Heavy Sandbag Shoulder Ipsilateral Split Squat,,,Intermediate,Quadriceps,Quadriceps Femoris,Gluteus Maximus,Heavy Sandbag,None,0,Split Squat,Single Arm,Neutral,Shoulder,Continuous,Knee Dominant,,Sagittal Plane,Lower Body,Push,Compound,Unsorted*
Sandbag Back Rack Split Squat,Video Demonstration,,Novice,Quadriceps,Quadriceps Femoris,Gluteus Maximus,Sandbag,None,0,Split Squat,Double Arm,Neutral,Back Rack,Continuous,Knee Dominant,,Sagittal Plane,Lower Body,Push,Compound,Bodybuilding
Sandbag Front Rack Split Squat,Video Demonstration,,Novice,Quadriceps,Quadriceps Femoris,Gluteus Maximus,Sandbag,None,0,Split Squat,Double Arm,Neutral,Front Rack,Continuous,Knee Dominant,,Sagittal Plane,Lower Body,Push,Compound,Bodybuilding
Alternating Double Dumbbell Tall Kneeling Arnold Press,Video Demonstration,,Beginner,Shoulders,Anterior Deltoids,Triceps Brachii,Dumbbell,None,0,Tall Kneeling,Double Arm,Pronated,Overhead,Continuous,Vertical Push,,Transverse Plane,Upper Body,Push,Compound,Bodybuilding
Landmine Goblet Split Squat,Video Demonstration,Video Explanation,Novice,Quadriceps,Quadriceps Femoris,Gluteus Maximus,Landmine,None,0,Split Squat,Double Arm,Goblet,Front Rack,Continuous,Knee Dominant,,Sagittal Plane,Lower Body,Push,Compound,Bodybuilding
Single Arm Landmine Front Rack Contralateral Split Squat,Video Demonstration,,Novice,Quadriceps,Quadriceps Femoris,Gluteus Maximus,Landmine,None,0,Split Squat,Single Arm,Neutral,Front Rack,Continuous,Knee Dominant,,Sagittal Plane,Lower Body,Push,Compound,Bodybuilding
Single Arm Landmine Front Rack Ipsilateral Split Squat,,,Novice,Quadriceps,Quadriceps Femoris,Gluteus Maximus,Landmine,None,0,Split Squat,Single Arm,Neutral,Front Rack,Continuous,Knee Dominant,,Sagittal Plane,Lower Body,Push,Compound,Bodybuilding
Single Arm Landmine Suitcase Contralateral Split Squat,Video Demonstration,,Novice,Quadriceps,Quadriceps Femoris,Gluteus Maximus,Landmine,None,0,Split Squat,Single Arm,Neutral,Front Rack,Continuous,Knee Dominant,Anti-Lateral Flexion,Sagittal Plane,Lower Body,Push,Compound,Bodybuilding
Double Kettlebell Gunslinger,Video Demonstration,,Intermediate,Back,Latissimus Dorsi,Biceps Brachii,Kettlebell,None,0,Standing,Double Arm,Neutral,Other,Continuous,Horizontal Pull,Hip Hinge,Sagittal Plane,Full Body,Pull,Compound,Ballistics
Single Arm Kettlebell Front Rack Ipsilateral Split Squat,Video Demonstration,Video Explanation,Novice,Quadriceps,Quadriceps Femoris,Gluteus Maximus,Kettlebell,None,0,Split Squat,Single Arm,Neutral,Front Rack,Continuous,Knee Dominant,,Sagittal Plane,Lower Body,Push,Compound,Bodybuilding
Double Kettlebell Bottoms Up Front Rack Split Squat,Video Demonstration,,Intermediate,Quadriceps,Quadriceps Femoris,Gluteus Maximus,Kettlebell,None,0,Split Squat,Double Arm,Bottoms Up,Front Rack,Continuous,Knee Dominant,,Sagittal Plane,Lower Body,Push,Compound,Bodybuilding
Single Arm Kettlebell Bottoms Up Front Rack Contralateral Split Squat,Video Demonstration,Video Explanation,Intermediate,Quadriceps,Quadriceps Femoris,Gluteus Maximus,Kettlebell,None,0,Split Squat,Single Arm,Bottoms Up,Front Rack,Continuous,Knee Dominant,,Sagittal Plane,Lower Body,Push,Compound,Bodybuilding
Single Arm Kettlebell Bottoms Up Front Rack Ipsilateral Split Squat,,,Intermediate,Quadriceps,Quadriceps Femoris,Gluteus Maximus,Kettlebell,None,0,Split Squat,Single Arm,Bottoms Up,Front Rack,Continuous,Knee Dominant,,Sagittal Plane,Lower Body,Push,Compound,Bodybuilding
Double Kettlebell Overhead Split Squat,Video Demonstration,Video Explanation,Intermediate,Quadriceps,Quadriceps Femoris,Gluteus Maximus,Kettlebell,None,0,Split Squat,Double Arm,Pronated,Overhead,Continuous,Knee Dominant,,Sagittal Plane,Lower Body,Push,Compound,Bodybuilding
Single Arm Kettlebell Overhead Contralateral Split Squat,Video Demonstration,,Intermediate,Quadriceps,Quadriceps Femoris,Gluteus Maximus,Kettlebell,None,0,Split Squat,Single Arm,Pronated,Overhead,Continuous,Knee Dominant,,Sagittal Plane,Lower Body,Push,Compound,Bodybuilding
Single Arm Kettlebell Overhead Ipsilateral Split Squat,Video Demonstration,,Intermediate,Quadriceps,Quadriceps Femoris,Gluteus Maximus,Kettlebell,None,0,Split Squat,Single Arm,Pronated,Overhead,Continuous,Knee Dominant,,Sagittal Plane,Lower Body,Push,Compound,Bodybuilding
Single Arm Kettlebell Bottoms Up Overhead Contralateral Split Squat,,,Advanced,Quadriceps,Quadriceps Femoris,Gluteus Maximus,Kettlebell,None,0,Split Squat,Single Arm,Bottoms Up,Overhead,Continuous,Knee Dominant,,Sagittal Plane,Lower Body,Push,Compound,Bodybuilding
Single Arm Kettlebell Bottoms Up Overhead Ipsilateral Split Squat,,,Advanced,Quadriceps,Quadriceps Femoris,Gluteus Maximus,Kettlebell,None,0,Split Squat,Single Arm,Bottoms Up,Overhead,Continuous,Knee Dominant,,Sagittal Plane,Lower Body,Push,Compound,Bodybuilding
Double Kettlebell Suitcase Split Squat,Video Demonstration,,Novice,Quadriceps,Quadriceps Femoris,Gluteus Maximus,Kettlebell,None,0,Split Squat,Double Arm,Neutral,Suitcase,Continuous,Knee Dominant,,Sagittal Plane,Lower Body,Push,Compound,Bodybuilding
Single Arm Kettlebell Suitcase Contralateral Split Squat,Video Demonstration,Video Explanation,Novice,Quadriceps,Quadriceps Femoris,Gluteus Maximus,Kettlebell,None,0,Split Squat,Single Arm,Neutral,Suitcase,Continuous,Knee Dominant,Anti-Lateral Flexion,Sagittal Plane,Lower Body,Push,Compound,Bodybuilding
Single Arm Kettlebell Suitcase Ipsilateral Split Squat,Video Demonstration,Video Explanation,Novice,Quadriceps,Quadriceps Femoris,Gluteus Maximus,Kettlebell,None,0,Split Squat,Single Arm,Neutral,Suitcase,Continuous,Knee Dominant,Anti-Lateral Flexion,Sagittal Plane,Lower Body,Push,Compound,Bodybuilding
Kettlebell Goblet Split Squat,Video Demonstration,,Novice,Quadriceps,Quadriceps Femoris,Gluteus Maximus,Kettlebell,None,0,Split Squat,Double Arm,Goblet,Front Rack,Continuous,Knee Dominant,,Sagittal Plane,Lower Body,Push,Compound,Bodybuilding
Kettlebell Horn Grip March,Video Demonstration,Video Explanation,Novice,Hip Flexors,Iliopsoas,Rectus Abdominis,Kettlebell,None,0,March,Double Arm,Horn Grip,Front Rack,Alternating,Locomotion,,Sagittal Plane,Core,Other,Compound,Balance
Single Arm Dumbbell Front Raise,Video Demonstration,Video Explanation,Beginner,Shoulders,Anterior Deltoids,Pectoralis Major,Dumbbell,None,0,Standing,Single Arm,Pronated,Other,Continuous,Shoulder Flexion,,Sagittal Plane,Upper Body,Push,Isolation,Bodybuilding
Single Arm Dumbbell Cross Body Hammer Curl,Video Demonstration,Video Explanation,Beginner,Biceps,Biceps Brachii,Brachialis,Dumbbell,None,0,Standing,Single Arm,Neutral,Other,Continuous,Elbow Flexion,,Frontal Plane,Upper Body,Pull,Isolation,Bodybuilding
Suspension Hamstring Curl,Video Demonstration,Video Explanation,Novice,Hamstrings,Biceps Femoris,Gluteus Maximus,Suspension Trainer,None,0,Supine,No Arms,No Grip,Other,Continuous,Knee Dominant,,Sagittal Plane,Lower Body,Pull,Isolation,Unsorted*
Suspension Single Leg Hamstring Curl,Video Demonstration,,Intermediate,Hamstrings,Biceps Femoris,Gluteus Maximus,Suspension Trainer,None,0,Supine,No Arms,No Grip,No Load,Continuous,Knee Dominant,,Sagittal Plane,Lower Body,Pull,Isolation,Bodybuilding
Superband Prone Hamstring Curl,Video Demonstration,,Beginner,Hamstrings,Biceps Femoris,Gluteus Maximus,Superband,None,0,Prone,No Arms,No Grip,No Load,Continuous,Knee Dominant,,Sagittal Plane,Lower Body,Pull,Isolation,Bodybuilding
Cable Prone Hamstring Curl,Video Demonstration,,Beginner,Hamstrings,Biceps Femoris,Gluteus Maximus,Cable,None,0,Prone,No Arms,No Grip,Other,Continuous,Knee Dominant,,Sagittal Plane,Lower Body,Pull,Isolation,Bodybuilding
Superband Prone Bench Hamstring Curl,Video Demonstration,Video Explanation,Novice,Hamstrings,Biceps Femoris,Gluteus Maximus,Superband,Bench (Flat),1,Prone,No Arms,No Grip,Other,Continuous,Knee Dominant,,Sagittal Plane,Lower Body,Pull,Isolation,Bodybuilding
Single Arm Dumbbell Bicep Curl,Video Demonstration,Video Explanation,Beginner,Biceps,Biceps Brachii,Brachialis,Dumbbell,None,0,Standing,Single Arm,Supinated,Other,Continuous,Elbow Flexion,,Sagittal Plane,Upper Body,Pull,Isolation,Bodybuilding
Single Arm Dumbbell Hammer Curl,Video Demonstration,,Beginner,Biceps,Biceps Brachii,Brachialis,Dumbbell,None,0,Standing,Single Arm,Neutral,Other,Continuous,Elbow Flexion,,Sagittal Plane,Upper Body,Pull,Isolation,Bodybuilding
Ring Dips,Video Demonstration,Video Explanation,Advanced,Triceps,Triceps Brachii ,Pectoralis Major,Gymnastic Rings,None,0,Hanging,Double Arm,Neutral,No Load,Continuous,Vertical Push,,Sagittal Plane,Upper Body,Push,Compound,Calisthenics
Bodyweight Single Arm Push Up,Video Demonstration,Video Explanation,Advanced,Chest,Pectoralis Major,Triceps Brachii,Bodyweight,None,0,Prone,Single Arm,Flat Palm,No Load,Continuous,Horizontal Push,Anti-Rotational ,Sagittal Plane,Upper Body,Push,Compound,Calisthenics
Bodyweight Aztec Push Up,Video Demonstration,Video Explanation,Advanced,Chest,Pectoralis Major,Triceps Brachii,Bodyweight,None,0,Prone,Double Arm,Flat Palm,No Load,Continuous,Horizontal Push,,Sagittal Plane,Upper Body,Push,Compound,Plyometric
Slider Barbell Front Rack Curtsy Lunge,,,Intermediate,Quadriceps,Quadriceps Femoris,Gluteus Maximus,Sliders,Barbell,1,Standing,Double Arm,Pronated,Front Rack,Continuous,Knee Dominant,,Frontal Plane,Lower Body,Push,Compound,Bodybuilding
Slider Double Kettlebell Front Rack Curtsy Lunge,,,Novice,Quadriceps,Quadriceps Femoris,Gluteus Maximus,Sliders,Kettlebell,2,Standing,Double Arm,Neutral,Front Rack,Continuous,Knee Dominant,,Frontal Plane,Lower Body,Push,Compound,Bodybuilding
Slider Suspension Curtsy Lunge,,,Novice,Quadriceps,Quadriceps Femoris,Gluteus Maximus,Sliders,Suspension Trainer,1,Standing,Double Arm,Neutral,No Load,Continuous,Knee Dominant,,Frontal Plane,Lower Body,Push,Compound,Bodybuilding
Slider Landmine Goblet Curtsy Lunge,,,Intermediate,Quadriceps,Quadriceps Femoris,Gluteus Maximus,Sliders,Landmine,1,Standing,Double Arm,Goblet,Front Rack,Continuous,Knee Dominant,,Frontal Plane,Lower Body,Push,Compound,Bodybuilding
Slider Barbell Overhead Curtsy Lunge,,,Advanced,Quadriceps,Quadriceps Femoris,Gluteus Maximus,Sliders,Barbell,1,Standing,Double Arm,Pronated,Overhead,Continuous,Knee Dominant,,Frontal Plane,Lower Body,Push,Compound,Bodybuilding
Slider Barbell Back Rack Curtsy Lunge,,,Intermediate,Quadriceps,Quadriceps Femoris,Gluteus Maximus,Sliders,Barbell,1,Standing,Double Arm,Pronated,Back Rack,Continuous,Knee Dominant,,Frontal Plane,Lower Body,Push,Compound,Bodybuilding
Slider Barbell Zercher Curtsy Lunge,,,Advanced,Quadriceps,Quadriceps Femoris,Gluteus Maximus,Sliders,Barbell,1,Standing,Double Arm,No Grip,Zercher,Continuous,Knee Dominant,,Frontal Plane,Lower Body,Push,Compound,Bodybuilding
Slider Bulgarian Bag Back Rack Curtsy Lunge,,,Novice,Quadriceps,Quadriceps Femoris,Gluteus Maximus,Sliders,Bulgarian Bag,1,Standing,Double Arm,Neutral,Back Rack,Continuous,Knee Dominant,,Frontal Plane,Lower Body,Push,Compound,Bodybuilding
Slider Double Kettlebell Suitcase Curtsy Lunge,,,Novice,Quadriceps,Quadriceps Femoris,Gluteus Maximus,Sliders,Kettlebell,2,Standing,Double Arm,Neutral,Suitcase,Continuous,Knee Dominant,,Frontal Plane,Lower Body,Push,Compound,Bodybuilding
Slider Double Kettlebell Overhead Curtsy Lunge,,,Intermediate,Quadriceps,Quadriceps Femoris,Gluteus Maximus,Sliders,Kettlebell,2,Standing,Double Arm,Pronated,Overhead,Continuous,Knee Dominant,,Frontal Plane,Lower Body,Push,Compound,Bodybuilding
Slider Double Kettlebell Bottoms Up Front Rack Curtsy Lunge,,,Intermediate,Quadriceps,Quadriceps Femoris,Gluteus Maximus,Sliders,Kettlebell,2,Standing,Double Arm,Bottoms Up,Front Rack,Continuous,Knee Dominant,,Frontal Plane,Lower Body,Push,Compound,Bodybuilding
Slider Double Kettlebell Bottoms Up Overhead Curtsy Lunge,,,Advanced,Quadriceps,Quadriceps Femoris,Gluteus Maximus,Sliders,Kettlebell,2,Standing,Double Arm,Bottoms Up,Overhead,Continuous,Knee Dominant,,Frontal Plane,Lower Body,Push,Compound,Bodybuilding
Slider Single Arm Kettlebell Front Rack Contralateral Curtsy Lunge,,,Novice,Quadriceps,Quadriceps Femoris,Gluteus Maximus,Sliders,Kettlebell,1,Standing,Single Arm,Neutral,Front Rack,Continuous,Knee Dominant,,Frontal Plane,Lower Body,Push,Compound,Bodybuilding
Slider Single Arm Kettlebell Suitcase Contralateral Curtsy Lunge,Video Demonstration,,Novice,Quadriceps,Quadriceps Femoris,Gluteus Maximus,Sliders,Kettlebell,1,Standing,Single Arm,Neutral,Suitcase,Continuous,Knee Dominant,Anti-Lateral Flexion,Frontal Plane,Lower Body,Push,Compound,Bodybuilding
Slider Single Arm Kettlebell Overhead Contralateral Curtsy Lunge,,,Intermediate,Quadriceps,Quadriceps Femoris,Gluteus Maximus,Sliders,Kettlebell,1,Standing,Single Arm,Pronated,Overhead,Continuous,Knee Dominant,,Frontal Plane,Lower Body,Push,Compound,Bodybuilding
Slider Single Arm Kettlebell Bottoms Up Overhead Contralateral Curtsy Lunge,,,Advanced,Quadriceps,Quadriceps Femoris,Gluteus Maximus,Sliders,Kettlebell,1,Standing,Single Arm,Bottoms Up,Overhead,Continuous,Knee Dominant,,Frontal Plane,Lower Body,Push,Compound,Bodybuilding
Slider Single Arm Kettlebell Bottoms Up Front Rack Contralateral Curtsy Lunge,,,Intermediate,Quadriceps,Quadriceps Femoris,Gluteus Maximus,Sliders,Kettlebell,1,Standing,Single Arm,Bottoms Up,Front Rack,Continuous,Knee Dominant,,Frontal Plane,Lower Body,Push,Compound,Bodybuilding
Slider Double Dumbbell Front Rack Curtsy Lunge,,,Novice,Quadriceps,Quadriceps Femoris,Gluteus Maximus,Sliders,Dumbbell,2,Standing,Double Arm,Neutral,Front Rack,Continuous,Knee Dominant,,Frontal Plane,Lower Body,Push,Compound,Bodybuilding
Slider Double Dumbbell Suitcase Curtsy Lunge,,,Novice,Quadriceps,Quadriceps Femoris,Gluteus Maximus,Sliders,Dumbbell,2,Standing,Double Arm,Neutral,Suitcase,Continuous,Knee Dominant,,Frontal Plane,Lower Body,Push,Compound,Bodybuilding
Slider Double Dumbbell Overhead Curtsy Lunge,,,Intermediate,Quadriceps,Quadriceps Femoris,Gluteus Maximus,Sliders,Dumbbell,2,Standing,Double Arm,Neutral,Overhead,Continuous,Knee Dominant,,Frontal Plane,Lower Body,Push,Compound,Bodybuilding
Slider Single Arm Dumbbell Front Rack Contralateral Curtsy Lunge,,,Novice,Quadriceps,Quadriceps Femoris,Gluteus Maximus,Sliders,Dumbbell,1,Standing,Single Arm,Neutral,Front Rack,Continuous,Knee Dominant,,Frontal Plane,Lower Body,Push,Compound,Bodybuilding
Slider Single Arm Dumbbell Suitcase Contralateral Curtsy Lunge,,,Novice,Quadriceps,Quadriceps Femoris,Gluteus Maximus,Sliders,Dumbbell,1,Standing,Single Arm,Neutral,Suitcase,Continuous,Knee Dominant,Anti-Lateral Flexion,Frontal Plane,Lower Body,Push,Compound,Bodybuilding
Slider Single Arm Dumbbell Overhead Contralateral Curtsy Lunge,,,Intermediate,Quadriceps,Quadriceps Femoris,Gluteus Maximus,Sliders,Dumbbell,1,Standing,Single Arm,Neutral,Overhead,Continuous,Knee Dominant,,Frontal Plane,Lower Body,Push,Compound,Bodybuilding
Slider Dumbbell Goblet Curtsy Lunge,Video Demonstration,,Novice,Quadriceps,Quadriceps Femoris,Gluteus Maximus,Sliders,Dumbbell,1,Standing,Double Arm,Goblet,Front Rack,Continuous,Knee Dominant,,Frontal Plane,Lower Body,Push,Compound,Bodybuilding
Slider Kettlebell Horn Grip Curtsy Lunge,,,Novice,Quadriceps,Quadriceps Femoris,Gluteus Maximus,Sliders,Kettlebell,1,Standing,Double Arm,Horn Grip,Front Rack,Continuous,Knee Dominant,,Frontal Plane,Lower Body,Push,Compound,Bodybuilding
Slider Kettlebell Goblet Curtsy Lunge,,,Novice,Quadriceps,Quadriceps Femoris,Gluteus Maximus,Sliders,Kettlebell,1,Standing,Double Arm,Goblet,Front Rack,Continuous,Knee Dominant,,Frontal Plane,Lower Body,Push,Compound,Bodybuilding
Slider Clubbell Order Curtsy Lunge,,,Novice,Quadriceps,Quadriceps Femoris,Gluteus Maximus,Sliders,Clubbell,1,Standing,Double Arm,Neutral,Order,Continuous,Knee Dominant,,Frontal Plane,Lower Body,Push,Compound,Bodybuilding
Slider Double Clubbell Order Curtsy Lunge,,,Novice,Quadriceps,Quadriceps Femoris,Gluteus Maximus,Sliders,Clubbell,2,Standing,Double Arm,Neutral,Order,Continuous,Knee Dominant,,Frontal Plane,Lower Body,Push,Compound,Bodybuilding
Slider Single Arm Clubbell Order Contralateral Curtsy Lunge,,,Novice,Quadriceps,Quadriceps Femoris,Gluteus Maximus,Sliders,Clubbell,1,Standing,Single Arm,Neutral,Order,Continuous,Knee Dominant,,Frontal Plane,Lower Body,Push,Compound,Bodybuilding
Slider Macebell Order Curtsy Lunge,,,Novice,Quadriceps,Quadriceps Femoris,Gluteus Maximus,Sliders,Macebell,1,Standing,Double Arm,Neutral,Order,Continuous,Knee Dominant,,Frontal Plane,Lower Body,Push,Compound,Bodybuilding
Slider Single Arm Macebell Order Contralateral Curtsy Lunge,,,Novice,Quadriceps,Quadriceps Femoris,Gluteus Maximus,Sliders,Macebell,1,Standing,Single Arm,Neutral,Order,Continuous,Knee Dominant,,Frontal Plane,Lower Body,Push,Compound,Bodybuilding
Slider Curtsy Lunge,Video Demonstration,,Novice,Quadriceps,Quadriceps Femoris,Gluteus Maximus,Sliders,None,0,Standing,No Arms,No Grip,No Load,Continuous,Knee Dominant,,Frontal Plane,Lower Body,Push,Compound,Calisthenics
Slider Plate Overhead Curtsy Lunge,,,Intermediate,Quadriceps,Quadriceps Femoris,Gluteus Maximus,Sliders,Weight Plate,1,Standing,Double Arm,Neutral,Overhead,Continuous,Knee Dominant,,Frontal Plane,Lower Body,Push,Compound,Bodybuilding
Slider Sandbag Front Rack Curtsy Lunge,,,Novice,Quadriceps,Quadriceps Femoris,Gluteus Maximus,Sliders,Sandbag,1,Standing,Double Arm,Neutral,Front Rack,Continuous,Knee Dominant,,Frontal Plane,Lower Body,Push,Compound,Bodybuilding
Slider Sandbag Back Rack Curtsy Lunge,,,Novice,Quadriceps,Quadriceps Femoris,Gluteus Maximus,Sliders,Sandbag,1,Standing,Double Arm,Neutral,Back Rack,Continuous,Knee Dominant,,Frontal Plane,Lower Body,Push,Compound,Bodybuilding
Slider Single Arm Kettlebell Front Rack Ipsilateral Curtsy Lunge,,,Novice,Quadriceps,Quadriceps Femoris,Gluteus Maximus,Sliders,Kettlebell,1,Standing,Single Arm,Neutral,Front Rack,Continuous,Knee Dominant,,Frontal Plane,Lower Body,Push,Compound,Bodybuilding
Slider Single Arm Kettlebell Suitcase Ipsilateral Curtsy Lunge,,,Novice,Quadriceps,Quadriceps Femoris,Gluteus Maximus,Sliders,Kettlebell,1,Standing,Single Arm,Neutral,Suitcase,Continuous,Knee Dominant,Anti-Lateral Flexion,Frontal Plane,Lower Body,Push,Compound,Bodybuilding
Slider Single Arm Kettlebell Overhead Ipsilateral Curtsy Lunge,,,Intermediate,Quadriceps,Quadriceps Femoris,Gluteus Maximus,Sliders,Kettlebell,1,Standing,Single Arm,Pronated,Overhead,Continuous,Knee Dominant,,Frontal Plane,Lower Body,Push,Compound,Bodybuilding
Slider Single Arm Kettlebell Bottoms Up Overhead Ipsilateral Curtsy Lunge,,,Advanced,Quadriceps,Quadriceps Femoris,Gluteus Maximus,Sliders,Kettlebell,1,Standing,Single Arm,Bottoms Up,Overhead,Continuous,Knee Dominant,,Frontal Plane,Lower Body,Push,Compound,Bodybuilding
Slider Single Arm Kettlebell Bottoms Up Front Rack Ipsilateral Curtsy Lunge,,,Intermediate,Quadriceps,Quadriceps Femoris,Gluteus Maximus,Sliders,Kettlebell,1,Standing,Single Arm,Bottoms Up,Front Rack,Continuous,Knee Dominant,,Frontal Plane,Lower Body,Push,Compound,Bodybuilding
Slider Single Arm Dumbbell Front Rack Ipsilateral Curtsy Lunge,,,Novice,Quadriceps,Quadriceps Femoris,Gluteus Maximus,Sliders,Dumbbell,1,Standing,Single Arm,Neutral,Front Rack,Continuous,Knee Dominant,,Frontal Plane,Lower Body,Push,Compound,Bodybuilding
Slider Single Arm Dumbbell Suitcase Ipsilateral Curtsy Lunge,,,Novice,Quadriceps,Quadriceps Femoris,Gluteus Maximus,Sliders,Dumbbell,1,Standing,Single Arm,Neutral,Suitcase,Continuous,Knee Dominant,Anti-Lateral Flexion,Frontal Plane,Lower Body,Push,Compound,Bodybuilding
Slider Single Arm Dumbbell Overhead Ipsilateral Curtsy Lunge,,,Intermediate,Quadriceps,Quadriceps Femoris,Gluteus Maximus,Sliders,Dumbbell,1,Standing,Single Arm,Neutral,Overhead,Continuous,Knee Dominant,,Frontal Plane,Lower Body,Push,Compound,Bodybuilding
Slider Single Arm Clubbell Order Ipsilateral Curtsy Lunge,,,Novice,Quadriceps,Quadriceps Femoris,Gluteus Maximus,Sliders,Clubbell,1,Standing,Single Arm,Neutral,Order,Continuous,Knee Dominant,,Frontal Plane,Lower Body,Push,Compound,Bodybuilding
Slider Single Arm Macebell Order Ipsilateral Curtsy Lunge,,,Novice,Quadriceps,Quadriceps Femoris,Gluteus Maximus,Sliders,Macebell,1,Standing,Single Arm,Neutral,Order,Continuous,Knee Dominant,,Frontal Plane,Lower Body,Push,Compound,Bodybuilding
Kettlebell Goblet Cyclist Squat,Video Demonstration,,Novice,Quadriceps,Quadriceps Femoris,Gluteus Maximus,Kettlebell,Slant Board,1,Standing,Double Arm,Goblet,Front Rack,Continuous,Knee Dominant,,Sagittal Plane,Lower Body,Push,Compound,Bodybuilding
Kettlebell Goblet Knee Over Toe Split Squat,Video Demonstration,,Novice,Quadriceps,Quadriceps Femoris,Gluteus Maximus,Kettlebell,None,0,Knee Over Toe Split Squat,Double Arm,Goblet,Front Rack,Continuous,Knee Dominant,,Sagittal Plane,Lower Body,Push,Compound,Bodybuilding
Kettlebell Goblet Foot Elevated Knee Over Toe Split Squat,Video Demonstration,,Novice,Quadriceps,Quadriceps Femoris,Gluteus Maximus,Kettlebell,None,0,Knee Over Toe Split Squat,Double Arm,Goblet,Front Rack,Continuous,Knee Dominant,,Sagittal Plane,Lower Body,Push,Compound,Bodybuilding
Dumbbell Goblet Walking Lunge,Video Demonstration,,Novice,Quadriceps,Quadriceps Femoris,Gluteus Maximus,Dumbbell,None,0,Walking,Double Arm,Goblet,Front Rack,Alternating,Knee Dominant,,Sagittal Plane,Lower Body,Push,Compound,Bodybuilding
Ring Maltese,Video Demonstration,,Grand Master,Abdominals,Rectus Abdominis,,Gymnastic Rings,None,0,Prone,Double Arm,Supinated,No Load,Continuous,Isometric Hold,,Sagittal Plane,Upper Body,Other,Compound,Calisthenics
Barbell Front Rack Curtsy Lunge,Video Demonstration,Video Explanation,Intermediate,Quadriceps,Quadriceps Femoris,Gluteus Maximus,Barbell,None,0,Standing,Double Arm,Pronated,Front Rack,Continuous,Knee Dominant,,Frontal Plane,Lower Body,Push,Compound,Bodybuilding
Double Kettlebell Front Rack Curtsy Lunge,Video Demonstration,,Novice,Quadriceps,Quadriceps Femoris,Gluteus Maximus,Kettlebell,None,0,Standing,Double Arm,Neutral,Front Rack,Continuous,Knee Dominant,,Frontal Plane,Lower Body,Push,Compound,Bodybuilding
Suspension Curtsy Lunge,Video Demonstration,Video Explanation,Novice,Quadriceps,Quadriceps Femoris,Gluteus Maximus,Suspension Trainer,None,0,Standing,Double Arm,Neutral,No Load,Continuous,Knee Dominant,,Frontal Plane,Lower Body,Push,Compound,Bodybuilding
Barbell Overhead Curtsy Lunge,,,Advanced,Quadriceps,Quadriceps Femoris,Gluteus Maximus,Barbell,None,0,Standing,Double Arm,Pronated,Overhead,Continuous,Knee Dominant,,Frontal Plane,Lower Body,Push,Compound,Bodybuilding
Barbell Back Rack Curtsy Lunge,,Video Explanation,Intermediate,Quadriceps,Quadriceps Femoris,Gluteus Maximus,Barbell,None,0,Standing,Double Arm,Pronated,Back Rack,Continuous,Knee Dominant,,Frontal Plane,Lower Body,Push,Compound,Bodybuilding
Barbell Zercher Curtsy Lunge,,,Advanced,Quadriceps,Quadriceps Femoris,Gluteus Maximus,Barbell,None,0,Standing,Double Arm,No Grip,Zercher,Continuous,Knee Dominant,,Frontal Plane,Lower Body,Push,Compound,Bodybuilding
Double Kettlebell Suitcase Curtsy Lunge,,Video Explanation,Novice,Quadriceps,Quadriceps Femoris,Gluteus Maximus,Kettlebell,None,0,Standing,Double Arm,Neutral,Suitcase,Continuous,Knee Dominant,,Frontal Plane,Lower Body,Push,Compound,Bodybuilding
Double Kettlebell Overhead Curtsy Lunge,Video Demonstration,,Intermediate,Quadriceps,Quadriceps Femoris,Gluteus Maximus,Kettlebell,None,0,Standing,Double Arm,Pronated,Overhead,Continuous,Knee Dominant,,Frontal Plane,Lower Body,Push,Compound,Bodybuilding
Double Kettlebell Bottoms Up Front Rack Curtsy Lunge,,,Intermediate,Quadriceps,Quadriceps Femoris,Gluteus Maximus,Kettlebell,None,0,Standing,Double Arm,Bottoms Up,Front Rack,Continuous,Knee Dominant,,Frontal Plane,Lower Body,Push,Compound,Bodybuilding
Double Kettlebell Bottoms Up Overhead Curtsy Lunge,,,Advanced,Quadriceps,Quadriceps Femoris,Gluteus Maximus,Kettlebell,None,0,Standing,Double Arm,Bottoms Up,Overhead,Continuous,Knee Dominant,,Frontal Plane,Lower Body,Push,Compound,Bodybuilding
Single Arm Kettlebell Front Rack Contralateral Curtsy Lunge,Video Demonstration,,Novice,Quadriceps,Quadriceps Femoris,Gluteus Maximus,Kettlebell,None,0,Standing,Single Arm,Neutral,Front Rack,Continuous,Knee Dominant,,Frontal Plane,Lower Body,Push,Compound,Bodybuilding
Single Arm Kettlebell Suitcase Contralateral Curtsy Lunge,Video Demonstration,,Novice,Quadriceps,Quadriceps Femoris,Gluteus Maximus,Kettlebell,None,0,Standing,Single Arm,Neutral,Suitcase,Continuous,Knee Dominant,Anti-Lateral Flexion,Frontal Plane,Lower Body,Push,Compound,Bodybuilding
Single Arm Kettlebell Overhead Contralateral Curtsy Lunge,,,Intermediate,Quadriceps,Quadriceps Femoris,Gluteus Maximus,Kettlebell,None,0,Standing,Single Arm,Pronated,Overhead,Continuous,Knee Dominant,,Frontal Plane,Lower Body,Push,Compound,Bodybuilding
Single Arm Kettlebell Bottoms Up Overhead Contralateral Curtsy Lunge,,,Advanced,Quadriceps,Quadriceps Femoris,Gluteus Maximus,Kettlebell,None,0,Standing,Single Arm,Bottoms Up,Overhead,Continuous,Knee Dominant,,Frontal Plane,Lower Body,Push,Compound,Bodybuilding
Single Arm Kettlebell Bottoms Up Front Rack Contralateral Curtsy Lunge,,,Intermediate,Quadriceps,Quadriceps Femoris,Gluteus Maximus,Kettlebell,None,0,Standing,Single Arm,Bottoms Up,Front Rack,Continuous,Knee Dominant,,Frontal Plane,Lower Body,Push,Compound,Bodybuilding
Double Dumbbell Front Rack Curtsy Lunge,Video Demonstration,,Novice,Quadriceps,Quadriceps Femoris,Gluteus Maximus,Dumbbell,None,0,Standing,Double Arm,Neutral,Front Rack,Continuous,Knee Dominant,,Frontal Plane,Lower Body,Push,Compound,Bodybuilding
Double Dumbbell Suitcase Curtsy Lunge,Video Demonstration,Video Explanation,Novice,Quadriceps,Quadriceps Femoris,Gluteus Maximus,Dumbbell,None,0,Standing,Double Arm,Neutral,Suitcase,Continuous,Knee Dominant,,Frontal Plane,Lower Body,Push,Compound,Bodybuilding
Double Dumbbell Overhead Curtsy Lunge,,,Intermediate,Quadriceps,Quadriceps Femoris,Gluteus Maximus,Dumbbell,None,0,Standing,Double Arm,Neutral,Overhead,Continuous,Knee Dominant,,Frontal Plane,Lower Body,Push,Compound,Bodybuilding
Single Arm Dumbbell Front Rack Contralateral Curtsy Lunge,Video Demonstration,,Novice,Quadriceps,Quadriceps Femoris,Gluteus Maximus,Dumbbell,None,0,Standing,Single Arm,Neutral,Front Rack,Continuous,Knee Dominant,,Frontal Plane,Lower Body,Push,Compound,Bodybuilding
Single Arm Dumbbell Suitcase Contralateral Curtsy Lunge,Video Demonstration,,Novice,Quadriceps,Quadriceps Femoris,Gluteus Maximus,Dumbbell,None,0,Standing,Single Arm,Neutral,Suitcase,Continuous,Knee Dominant,Anti-Lateral Flexion,Frontal Plane,Lower Body,Push,Compound,Bodybuilding
Single Arm Dumbbell Overhead Contralateral Curtsy Lunge,,,Intermediate,Quadriceps,Quadriceps Femoris,Gluteus Maximus,Dumbbell,None,0,Standing,Single Arm,Neutral,Overhead,Continuous,Knee Dominant,,Frontal Plane,Lower Body,Push,Compound,Bodybuilding
Dumbbell Goblet Curtsy Lunge,Video Demonstration,,Novice,Quadriceps,Quadriceps Femoris,Gluteus Maximus,Dumbbell,None,0,Standing,Double Arm,Goblet,Front Rack,Continuous,Knee Dominant,,Frontal Plane,Lower Body,Push,Compound,Bodybuilding
Kettlebell Horn Grip Curtsy Lunge,Video Demonstration,,Novice,Quadriceps,Quadriceps Femoris,Gluteus Maximus,Kettlebell,None,0,Standing,Double Arm,Horn Grip,Front Rack,Continuous,Knee Dominant,,Frontal Plane,Lower Body,Push,Compound,Bodybuilding
Kettlebell Goblet Curtsy Lunge,Video Demonstration,Video Explanation,Novice,Quadriceps,Quadriceps Femoris,Gluteus Maximus,Kettlebell,None,0,Standing,Double Arm,Goblet,Front Rack,Continuous,Knee Dominant,,Frontal Plane,Lower Body,Push,Compound,Bodybuilding
Clubbell Order Curtsy Lunge,,,Novice,Quadriceps,Quadriceps Femoris,Gluteus Maximus,Clubbell,None,0,Standing,Double Arm,Neutral,Order,Continuous,Knee Dominant,,Frontal Plane,Lower Body,Push,Compound,Bodybuilding
Double Clubbell Order Curtsy Lunge,,,Novice,Quadriceps,Quadriceps Femoris,Gluteus Maximus,Clubbell,None,0,Standing,Double Arm,Neutral,Order,Continuous,Knee Dominant,,Frontal Plane,Lower Body,Push,Compound,Bodybuilding
Single Arm Clubbell Order Contralateral Curtsy Lunge,,,Novice,Quadriceps,Quadriceps Femoris,Gluteus Maximus,Clubbell,None,0,Standing,Single Arm,Neutral,Order,Continuous,Knee Dominant,,Frontal Plane,Lower Body,Push,Compound,Bodybuilding
Macebell Order Curtsy Lunge,,,Novice,Quadriceps,Quadriceps Femoris,Gluteus Maximus,Macebell,None,0,Standing,Double Arm,Neutral,Order,Continuous,Knee Dominant,,Frontal Plane,Lower Body,Push,Compound,Bodybuilding
Bodyweight Curtsy Lunge,Video Demonstration,Video Explanation,Beginner,Quadriceps,Quadriceps Femoris,Gluteus Maximus,Bodyweight,None,0,Standing,No Arms,No Grip,No Load,Continuous,Knee Dominant,,Frontal Plane,Lower Body,Push,Compound,Calisthenics
Plate Overhead Curtsy Lunge,Video Demonstration,,Intermediate,Quadriceps,Quadriceps Femoris,Gluteus Maximus,Weight Plate,None,0,Standing,Double Arm,Neutral,Overhead,Continuous,Knee Dominant,,Frontal Plane,Lower Body,Push,Compound,Bodybuilding
Sandbag Front Rack Curtsy Lunge,Video Demonstration,Video Explanation,Novice,Quadriceps,Quadriceps Femoris,Gluteus Maximus,Sandbag,None,0,Standing,Double Arm,Neutral,Front Rack,Continuous,Knee Dominant,,Frontal Plane,Lower Body,Push,Compound,Bodybuilding
Sandbag Back Rack Curtsy Lunge,,,Novice,Quadriceps,Quadriceps Femoris,Gluteus Maximus,Sandbag,None,0,Standing,Double Arm,Neutral,Back Rack,Continuous,Knee Dominant,,Frontal Plane,Lower Body,Push,Compound,Bodybuilding
Single Arm Kettlebell Front Rack Ipsilateral Curtsy Lunge,Video Demonstration,,Novice,Quadriceps,Quadriceps Femoris,Gluteus Maximus,Kettlebell,None,0,Standing,Single Arm,Neutral,Front Rack,Continuous,Knee Dominant,,Frontal Plane,Lower Body,Push,Compound,Bodybuilding
Single Arm Kettlebell Suitcase Ipsilateral Curtsy Lunge,,,Novice,Quadriceps,Quadriceps Femoris,Gluteus Maximus,Kettlebell,None,0,Standing,Single Arm,Neutral,Suitcase,Continuous,Knee Dominant,Anti-Lateral Flexion,Frontal Plane,Lower Body,Push,Compound,Bodybuilding
Single Arm Kettlebell Overhead Ipsilateral Curtsy Lunge,,,Intermediate,Quadriceps,Quadriceps Femoris,Gluteus Maximus,Kettlebell,None,0,Standing,Single Arm,Pronated,Overhead,Continuous,Knee Dominant,,Frontal Plane,Lower Body,Push,Compound,Bodybuilding
Single Arm Kettlebell Bottoms Up Overhead Ipsilateral Curtsy Lunge,,,Advanced,Quadriceps,Quadriceps Femoris,Gluteus Maximus,Kettlebell,None,0,Standing,Single Arm,Bottoms Up,Overhead,Continuous,Knee Dominant,,Frontal Plane,Lower Body,Push,Compound,Bodybuilding
Single Arm Kettlebell Bottoms Up Front Rack Ipsilateral Curtsy Lunge,,,Intermediate,Quadriceps,Quadriceps Femoris,Gluteus Maximus,Kettlebell,None,0,Standing,Single Arm,Bottoms Up,Front Rack,Continuous,Knee Dominant,,Frontal Plane,Lower Body,Push,Compound,Bodybuilding
Single Arm Dumbbell Front Rack Ipsilateral Curtsy Lunge,Video Demonstration,,Novice,Quadriceps,Quadriceps Femoris,Gluteus Maximus,Dumbbell,None,0,Standing,Single Arm,Neutral,Front Rack,Continuous,Knee Dominant,,Frontal Plane,Lower Body,Push,Compound,Bodybuilding
Single Arm Dumbbell Suitcase Ipsilateral Curtsy Lunge,,Video Explanation,Novice,Quadriceps,Quadriceps Femoris,Gluteus Maximus,Dumbbell,None,0,Standing,Single Arm,Neutral,Suitcase,Continuous,Knee Dominant,Anti-Lateral Flexion,Frontal Plane,Lower Body,Push,Compound,Bodybuilding
Single Arm Dumbbell Overhead Ipsilateral Curtsy Lunge,,,Intermediate,Quadriceps,Quadriceps Femoris,Gluteus Maximus,Dumbbell,None,0,Standing,Single Arm,Neutral,Overhead,Continuous,Knee Dominant,,Frontal Plane,Lower Body,Push,Compound,Bodybuilding
Single Arm Clubbell Order Ipsilateral Curtsy Lunge,,,Novice,Quadriceps,Quadriceps Femoris,Gluteus Maximus,Clubbell,None,0,Standing,Single Arm,Neutral,Order,Continuous,Knee Dominant,,Frontal Plane,Lower Body,Push,Compound,Bodybuilding
Ring Archer Pull Up,Video Demonstration,Video Explanation,Advanced,Back,Latissimus Dorsi,,Gymnastic Rings,None,0,Hanging,Double Arm,Pronated,No Load,Continuous,Vertical Pull,,Frontal Plane,Upper Body,Pull,Compound,Calisthenics
Barbell Single Leg Bent Knee Bicep Curl,,,Advanced,Biceps,Biceps Brachii,Brachialis,Barbell,None,0,Single Leg Standing,Double Arm,Supinated,Other,Continuous,Elbow Flexion,,Sagittal Plane,Upper Body,Pull,Isolation,Bodybuilding
Bodyweight Freestanding Handstand ,Video Demonstration,Video Explanation,Advanced,Shoulders,Anterior Deltoids,Triceps Brachii,Bodyweight,None,0,Inverted,Double Arm,Flat Palm,No Load,Continuous,Isometric Hold,,Sagittal Plane,Upper Body,Other,Compound,Calisthenics
Bodyweight Wall Eccentric Straddle Press Handstand,Video Demonstration,,Advanced,Shoulders,Anterior Deltoids,Triceps Brachii,Bodyweight,None,0,Inverted,Double Arm,Flat Palm,No Load,Continuous,Vertical Push,,Sagittal Plane,Upper Body,Push,Compound,Calisthenics
Kettlebell Horn Grip Carry,Video Demonstration,,Novice,Abdominals,Rectus Abdominis,,Kettlebell,None,0,Walking,Double Arm,Horn Grip,Front Rack,Alternating,Loaded Carry,,Sagittal Plane,Full Body,Other,Compound,Unsorted*
Kettlebell Goblet Carry,,Video Explanation,Novice,Abdominals,Rectus Abdominis,,Kettlebell,None,0,Walking,Double Arm,Goblet,Front Rack,Alternating,Loaded Carry,,Sagittal Plane,Full Body,Other,Compound,Unsorted*
Dumbbell Goblet Carry,Video Demonstration,Video Explanation,Novice,Abdominals,Rectus Abdominis,,Dumbbell,None,0,Walking,Double Arm,Goblet,Front Rack,Alternating,Loaded Carry,,Sagittal Plane,Full Body,Other,Compound,Unsorted*
Single Arm Ring Feet Elevated Row,,,Advanced,Back,Latissimus Dorsi,Biceps Brachii,Gymnastic Rings,Bench (Flat),1,Supine,Single Arm,Neutral,No Load,Continuous,Horizontal Pull,,Sagittal Plane,Upper Body,Pull,Compound,Calisthenics
Double Kettlebell Dead Snatch,Video Demonstration,,Intermediate,Glutes,Gluteus Maximus,Anterior Deltoids ,Kettlebell,None,0,Standing,Double Arm,Pronated,Overhead,Continuous,Hip Hinge,,Sagittal Plane,Full Body,Unsorted*,Compound,Ballistics
Single Arm Kettlebell Dead Half Snatch,,Video Explanation,Intermediate,Glutes,Gluteus Maximus,Biceps Femoris,Kettlebell,None,0,Standing,Single Arm,Pronated,Overhead,Continuous,Hip Hinge,,Sagittal Plane,Full Body,Unsorted*,Compound,Ballistics
Alternating Single Arm Kettlebell Dead Half Snatch,,,Intermediate,Glutes,Gluteus Maximus,Biceps Femoris,Kettlebell,None,0,Standing,Single Arm,Pronated,Overhead,Continuous,Hip Hinge,,Sagittal Plane,Full Body,Unsorted*,Compound,Ballistics
Alternating Single Arm Kettlebell Start Stop Snatch,Video Demonstration,,Intermediate,Glutes,Gluteus Maximus,Anterior Deltoids ,Kettlebell,None,0,Standing,Single Arm,Pronated,Overhead,Continuous,Hip Hinge,,Sagittal Plane,Full Body,Unsorted*,Compound,Ballistics
Single Arm Kettlebell Start Stop Snatch,Video Demonstration,,Intermediate,Glutes,Gluteus Maximus,Anterior Deltoids ,Kettlebell,None,0,Standing,Single Arm,Pronated,Overhead,Continuous,Hip Hinge,,Sagittal Plane,Full Body,Unsorted*,Compound,Ballistics
Double Kettlebell Start Stop Snatch,,,Intermediate,Glutes,Gluteus Maximus,Anterior Deltoids ,Kettlebell,None,0,Standing,Double Arm,Pronated,Overhead,Continuous,Hip Hinge,,Sagittal Plane,Full Body,Unsorted*,Compound,Ballistics
Single Arm Kettlebell Start Stop Swing,Video Demonstration,Video Explanation,Novice,Glutes,Gluteus Maximus,,Kettlebell,None,0,Standing,Single Arm,Pronated,Other,Continuous,Hip Hinge,,Sagittal Plane,Full Body,Unsorted*,Compound,Ballistics
Alternating Single Arm Kettlebell Start Stop Swing,Video Demonstration,,Novice,Glutes,Gluteus Maximus,,Kettlebell,None,0,Standing,Single Arm,Pronated,Other,Continuous,Hip Hinge,,Sagittal Plane,Full Body,Unsorted*,Compound,Ballistics
Double Kettlebell Start Stop Swing,Video Demonstration,Video Explanation,Novice,Glutes,Gluteus Maximus,,Kettlebell,None,0,Standing,Double Arm,Pronated,Other,Continuous,Hip Hinge,,Sagittal Plane,Full Body,Unsorted*,Compound,Ballistics
Ring L Sit Pull Up,Video Demonstration,,Advanced,Back,Latissimus Dorsi,Biceps Brachii,Gymnastic Rings,None,0,Hanging,Double Arm,Pronated,No Load,Continuous,Vertical Pull,Isometric Hold,Sagittal Plane,Upper Body,Pull,Compound,Calisthenics
Suspension Skater Jump,Video Demonstration,,Intermediate,Abductors,Gluteus Medius,Adductor Magnus,Suspension Trainer,None,0,Single Leg Standing,Double Arm,Neutral,No Load,Alternating,Unsorted*,,Frontal Plane,Lower Body,Push,Compound,Plyometric
Double Kettlebell Start Stop Clean,Video Demonstration,,Intermediate,Glutes,Gluteus Maximus,,Kettlebell,None,0,Standing,Double Arm,Neutral,Front Rack,Continuous,Hip Hinge,,Sagittal Plane,Full Body,Unsorted*,Compound,Ballistics
Single Arm Kettlebell Start Stop Clean,Video Demonstration,Video Explanation,Intermediate,Glutes,Gluteus Maximus,,Kettlebell,None,0,Standing,Single Arm,Neutral,Front Rack,Continuous,Hip Hinge,,Sagittal Plane,Full Body,Unsorted*,Compound,Ballistics
Alternating Single Arm Kettlebell Start Stop Clean,Video Demonstration,,Intermediate,Glutes,Gluteus Maximus,,Kettlebell,None,0,Standing,Single Arm,Neutral,Front Rack,Continuous,Hip Hinge,,Sagittal Plane,Full Body,Unsorted*,Compound,Ballistics
Clubbell Staggered Stance Rotational Swing,,,Intermediate,Abdominals,Obliques,Rectus Abdominis,Clubbell,None,0,Staggered Stance,Double Arm,Neutral,Other,Continuous,Rotational,,Transverse Plane,Full Body,Other,Compound,Unsorted*
Clubbell Staggered Stance Rotational Clean,,,Intermediate,Abdominals,Obliques,Rectus Abdominis,Clubbell,None,0,Staggered Stance,Double Arm,Neutral,Order,Continuous,Rotational,,Transverse Plane,Full Body,Other,Compound,Unsorted*
Clubbell Staggered Stance Rotational Clean to Forward Lunge,,,Advanced,Quadriceps,Quadriceps Femoris,Gluteus Maximus,Clubbell,None,0,Staggered Stance,Double Arm,Neutral,Order,Continuous,Rotational,,Transverse Plane,Full Body,Other,Compound,Unsorted*
Ring Bulgarian Pull Up,Video Demonstration,Video Explanation,Advanced,Back,Latissimus Dorsi,Biceps Brachii,Gymnastic Rings,None,0,Hanging,Double Arm,Pronated,No Load,Continuous,Vertical Pull,,Sagittal Plane,Upper Body,Pull,Compound,Calisthenics
Ring Bulgarian L Sit Pull Up,Video Demonstration,,Advanced,Back,Latissimus Dorsi,Biceps Brachii,Gymnastic Rings,None,0,Hanging,Double Arm,Pronated,No Load,Continuous,Vertical Pull,,Sagittal Plane,Upper Body,Pull,Compound,Calisthenics
Single Arm Landmine Split Snatch,Video Demonstration,Video Explanation,Advanced,Shoulders,Anterior Deltoids,Gluteus Maximus,Landmine,None,0,Staggered Stance,Single Arm,Neutral,Overhead,Alternating,Vertical Push,,Sagittal Plane,Full Body,Unsorted*,Compound,Unsorted*
Double Dumbbell Hang Power Clean,Video Demonstration,,Intermediate,Glutes,Gluteus Maximus,,Dumbbell,None,0,Standing,Double Arm,Neutral,Front Rack,Continuous,Hip Hinge,,Sagittal Plane,Full Body,Unsorted*,Compound,Ballistics
Single Arm Barbell Bicep Curl,Video Demonstration,,Advanced,Biceps,Biceps Brachii,Brachialis,Barbell,None,0,Standing,Single Arm,Supinated,Other,Continuous,Elbow Flexion,,Sagittal Plane,Upper Body,Pull,Isolation,Bodybuilding
Ring False Grip Pull Up,Video Demonstration,Video Explanation,Advanced,Back,Latissimus Dorsi,,Gymnastic Rings,None,0,Hanging,Double Arm,False Grip,No Load,Continuous,Vertical Pull,,Sagittal Plane,Upper Body,Pull,Compound,Calisthenics
Slider Kettlebell Goblet Lateral Lunge,,,Novice,Quadriceps,Quadriceps Femoris,Gluteus Maximus,Sliders,Kettlebell,1,Standing,Double Arm,Goblet,Front Rack,Continuous,Knee Dominant,,Frontal Plane,Lower Body,Other,Compound,Bodybuilding
Ring Feet Elevated Pike Push Up,Video Demonstration,,Advanced,Shoulders,Anterior Deltoids,Triceps Brachii,Gymnastic Rings,Bench (Flat),1,Inverted,Double Arm,Neutral,No Load,Continuous,Vertical Push,,Sagittal Plane,Upper Body,Push,Compound,Calisthenics
Single Arm Landmine Split Clean,Video Demonstration,Video Explanation,Advanced,Quadriceps,Quadriceps Femoris,Gluteus Maximus,Landmine,None,0,Staggered Stance,Single Arm,Neutral,Other,Alternating,Knee Dominant,,Sagittal Plane,Full Body,Unsorted*,Compound,Unsorted*
Double Dumbbell Squat Clean,Video Demonstration,Video Explanation,Intermediate,Quadriceps,Quadriceps Femoris,Gluteus Maximus,Dumbbell,None,0,Standing,Double Arm,Neutral,Front Rack,Continuous,Knee Dominant,Hip Hinge,Sagittal Plane,Full Body,Unsorted*,Compound,Ballistics
Double Dumbbell Hang Squat Clean,Video Demonstration,,Intermediate,Quadriceps,Quadriceps Femoris,Gluteus Maximus,Dumbbell,None,0,Standing,Double Arm,Neutral,Front Rack,Continuous,Knee Dominant,Hip Hinge,Sagittal Plane,Full Body,Unsorted*,Compound,Ballistics
Single Arm Landmine Split Jerk,Video Demonstration,,Advanced,Shoulders,Anterior Deltoids,,Landmine,None,0,Staggered Stance,Single Arm,Neutral,Other,Alternating,Vertical Push,,Sagittal Plane,Full Body,Unsorted*,Compound,Unsorted*
Single Arm Kettlebell Ipsilateral Forward Lunge Snatch,,,Advanced,Quadriceps,Quadriceps Femoris,Gluteus Maximus,Kettlebell,None,0,Standing,Single Arm,Pronated,Overhead,Continuous,Knee Dominant,Hip Hinge,Sagittal Plane,Full Body,Unsorted*,Compound,Ballistics
Clubbell Hammer Swing,Video Demonstration,Video Explanation,Intermediate,Abdominals,Obliques,Anterior Deltoids,Clubbell,None,0,Standing,Double Arm,Neutral,Overhead,Continuous,Rotational,,Sagittal Plane,Full Body,Unsorted*,Compound,Ballistics
Single Arm Clubbell Hammer Swing,,,Intermediate,Abdominals,Obliques,Anterior Deltoids,Clubbell,None,0,Standing,Single Arm,Neutral,Overhead,Continuous,Rotational,,Sagittal Plane,Full Body,Unsorted*,Compound,Ballistics
Double Clubbell Hammer Swing,,,Intermediate,Abdominals,Obliques,Anterior Deltoids,Clubbell,None,0,Standing,Double Arm,Neutral,Overhead,Continuous,Rotational,,Sagittal Plane,Full Body,Unsorted*,Compound,Ballistics
Ring Tuck Back Lever with Alternating Single Leg Extensions,Video Demonstration,,Advanced,Abdominals,Rectus Abdominis,,Gymnastic Rings,None,0,Hanging,Double Arm,Pronated,No Load,Alternating,Isometric Hold,,Sagittal Plane,Upper Body,Other,Compound,Calisthenics
Ring Tuck Front Lever with Alternating Single Leg Extensions,Video Demonstration,,Advanced,Abdominals,Rectus Abdominis,,Gymnastic Rings,None,0,Hanging,Double Arm,Pronated,No Load,Alternating,Isometric Hold,,Sagittal Plane,Full Body,Other,Compound,Calisthenics
Barbell Split Clean,Video Demonstration,Video Explanation,Expert,Glutes,Gluteus Maximus,Biceps Femoris,Barbell,None,0,Staggered Stance,Double Arm,Pronated,Front Rack,Continuous,Hip Hinge,,Sagittal Plane,Full Body,Unsorted*,Compound,Olympic Weightlifting 
Double Dumbbell Hang Split Clean,Video Demonstration,,Intermediate,Quadriceps,Quadriceps Femoris,Gluteus Maximus,Dumbbell,None,0,Staggered Stance,Double Arm,Neutral,Front Rack,Continuous,Knee Dominant,Hip Hinge,Sagittal Plane,Full Body,Unsorted*,Compound,Ballistics
Ring Archer Push Up,Video Demonstration,,Advanced,Chest,Pectoralis Major,,Gymnastic Rings,None,0,Prone,Double Arm,Neutral,No Load,Continuous,Horizontal Push,,Frontal Plane,Upper Body,Push,Compound,Calisthenics
Wall Ball Half Kneeling Lateral Toss,Video Demonstration,,Novice,Abdominals,Obliques,Rectus Abdominis,Wall Ball,None,0,Half Kneeling,Double Arm,Neutral,Other,Continuous,Rotational,,Transverse Plane,Core,Other,Compound,Unsorted*
Wall Ball Isometric Split Squat Lateral Toss,Video Demonstration,,Intermediate,Abdominals,Obliques,Rectus Abdominis,Wall Ball,None,0,Isometric Split Squat,Double Arm,Neutral,Other,Continuous,Rotational,Isometric Hold,Transverse Plane,Core,Other,Compound,Unsorted*
Superband Assisted Bar Muscle Up,Video Demonstration,Video Explanation,Advanced,Back,Latissimus Dorsi,Triceps Brachii,Superband,Pull Up Bar,1,Hanging,Double Arm,False Grip,No Load,Continuous,Vertical Pull,Vertical Push,Sagittal Plane,Upper Body,Push & Pull,Compound,Calisthenics
Parallette Push Up to L Sit,Video Demonstration,,Advanced,Chest,Pectoralis Major,Rectus Abdominis,Parallette Bars,None,0,Prone,Double Arm,Neutral,No Load,Continuous,Horizontal Push,Isometric Hold,Sagittal Plane,Upper Body,Push,Compound,Calisthenics
Single Arm Barbell Bent Press,,Video Explanation,Advanced,Shoulders,Anterior Deltoids,Triceps Brachii,Barbell,None,0,Standing,Single Arm,Neutral,Overhead,Continuous,Rotational,Vertical Push,Transverse Plane,Upper Body,Push,Compound,Grinds
Single Arm Kettlebell Bottoms Up Sots Press,,,Advanced,Shoulders,Anterior Deltoids,Triceps Brachii,Kettlebell,None,0,Standing,Single Arm,Bottoms Up,Overhead,Continuous,Vertical Push,,Sagittal Plane,Upper Body,Push,Compound,Bodybuilding
Double Kettlebell Bottoms Up Sots Press,,,Advanced,Shoulders,Anterior Deltoids,Triceps Brachii,Kettlebell,None,0,Standing,Double Arm,Bottoms Up,Overhead,Continuous,Vertical Push,,Sagittal Plane,Upper Body,Push,Compound,Bodybuilding
Alternating Double Kettlebell Bottoms Up Sots Press,,,Advanced,Shoulders,Anterior Deltoids,Triceps Brachii,Kettlebell,None,0,Standing,Double Arm,Bottoms Up,Overhead,Continuous,Vertical Push,,Sagittal Plane,Upper Body,Push,Compound,Bodybuilding
Double Kettlebell Bottoms Up Seesaw Sots Press,,,Advanced,Shoulders,Anterior Deltoids,Triceps Brachii,Kettlebell,None,0,Standing,Double Arm,Bottoms Up,Overhead,Continuous,Vertical Push,,Sagittal Plane,Upper Body,Push,Compound,Bodybuilding
Single Arm Kettlebell Half Kneeling Half Snatch,,Video Explanation,Intermediate,Glutes,Gluteus Maximus,Biceps Femoris,Kettlebell,None,0,Half Kneeling,Single Arm,Pronated,Overhead,Continuous,Hip Hinge,,Sagittal Plane,Full Body,Unsorted*,Compound,Ballistics
Ring Alternating Reach Push Up,,,Advanced,Chest,Pectoralis Major,Rectus Abdominis,Gymnastic Rings,None,0,Prone,Double Arm,Pronated,No Load,Continuous,Horizontal Push,,Sagittal Plane,Upper Body,Push,Compound,Calisthenics
Double Kettlebell Outside Snatch,,Video Explanation,Intermediate,Glutes,Gluteus Maximus,Anterior Deltoids ,Kettlebell,None,0,Standing,Double Arm,Pronated,Overhead,Continuous,Hip Hinge,,Sagittal Plane,Full Body,Unsorted*,Compound,Ballistics
Single Arm Kettlebell Outside Half Snatch,,,Intermediate,Glutes,Gluteus Maximus,Biceps Femoris,Kettlebell,None,0,Standing,Single Arm,Pronated,Overhead,Continuous,Hip Hinge,,Sagittal Plane,Full Body,Unsorted*,Compound,Ballistics
Single Arm Kettlebell Outside Snatch,,,Intermediate,Glutes,Gluteus Maximus,Anterior Deltoids ,Kettlebell,None,0,Standing,Single Arm,Pronated,Overhead,Continuous,Hip Hinge,,Sagittal Plane,Full Body,Unsorted*,Compound,Ballistics
Ring L Sit Dips,Video Demonstration,,Advanced,Triceps,Triceps Brachii ,Pectoralis Major,Gymnastic Rings,None,0,Hanging,Double Arm,Neutral,No Load,Continuous,Vertical Push,,Sagittal Plane,Upper Body,Push,Compound,Calisthenics
Double Kettlebell Bottoms Up Single Leg Standing Bent Knee Overhead Press,,,Advanced,Shoulders,Anterior Deltoids,Triceps Brachii,Kettlebell,None,0,Single Leg Standing Bent Knee,Double Arm,Bottoms Up,Overhead,Continuous,Vertical Push,,Sagittal Plane,Upper Body,Push,Compound,Balance
Single Arm Kettlebell Bottoms Up Single Leg Standing Bent Knee Contralateral Overhead Press,Video Demonstration,,Advanced,Shoulders,Anterior Deltoids,Triceps Brachii,Kettlebell,None,0,Single Leg Standing Bent Knee,Single Arm,Bottoms Up,Overhead,Continuous,Vertical Push,,Sagittal Plane,Upper Body,Push,Compound,Balance
Single Ring Chin Up,Video Demonstration,,Advanced,Biceps,Biceps Brachii,Latissimus Dorsi,Gymnastic Rings,None,0,Hanging,Double Arm,Supinated,No Load,Continuous,Vertical Pull,,Sagittal Plane,Upper Body,Pull,Compound,Calisthenics
Single Arm Suspension Single Leg Standing Bent Knee Contralateral Low Row,,,Advanced,Back,Latissimus Dorsi,Biceps Brachii,Suspension Trainer,None,0,Single Leg Standing Bent Knee,Single Arm,Neutral,No Load,Continuous,Horizontal Pull,,Sagittal Plane,Upper Body,Pull,Compound,Balance
Single Arm Suspension Single Leg Standing Bent Knee Ipsilateral Low Row,,,Advanced,Back,Latissimus Dorsi,Biceps Brachii,Suspension Trainer,None,0,Single Leg Standing Bent Knee,Single Arm,Neutral,No Load,Continuous,Horizontal Pull,,Sagittal Plane,Upper Body,Pull,Compound,Balance
Single Arm Suspension Single Leg Standing Bent Knee Contralateral Bicep Curl,,,Advanced,Biceps,Biceps Brachii,Brachialis,Suspension Trainer,None,0,Single Leg Standing Bent Knee,Single Arm,Supinated,No Load,Continuous,Elbow Flexion,,Sagittal Plane,Upper Body,Pull,Isolation,Balance
Single Arm Suspension Single Leg Standing Bent Knee Ipsilateral Bicep Curl,,,Advanced,Biceps,Biceps Brachii,Brachialis,Suspension Trainer,None,0,Single Leg Standing Bent Knee,Single Arm,Supinated,No Load,Continuous,Elbow Flexion,,Sagittal Plane,Upper Body,Pull,Isolation,Balance
Ring L Sit Chin Up,Video Demonstration,,Advanced,Biceps,Biceps Brachii,Latissimus Dorsi,Gymnastic Rings,None,0,Hanging,Double Arm,Supinated,No Load,Continuous,Vertical Pull,Isometric Hold,Sagittal Plane,Upper Body,Pull,Compound,Calisthenics
Single Ring L Sit Chin Up,Video Demonstration,,Advanced,Biceps,Biceps Brachii,Latissimus Dorsi,Gymnastic Rings,None,0,Hanging,Double Arm,Supinated,No Load,Continuous,Vertical Pull,Isometric Hold,Sagittal Plane,Upper Body,Pull,Compound,Calisthenics
Single Arm Kettlebell Bottoms Up Single Leg Standing Bent Knee Ipsilateral Overhead Press,,,Advanced,Shoulders,Anterior Deltoids,Triceps Brachii,Kettlebell,None,0,Single Leg Standing Bent Knee,Single Arm,Bottoms Up,Overhead,Continuous,Vertical Push,,Sagittal Plane,Upper Body,Push,Compound,Balance
Ring Pelican Curl,Video Demonstration,Video Explanation,Advanced,Biceps,Biceps Brachii,Pectoralis Major,Gymnastic Rings,None,0,Standing,Double Arm,Supinated,No Load,Continuous,Elbow Flexion,,Sagittal Plane,Upper Body,Pull,Compound,Calisthenics
Ring Two Finger Chin Up,,,Advanced,Biceps,Biceps Brachii,Latissimus Dorsi,Gymnastic Rings,None,0,Hanging,Double Arm,Supinated,No Load,Continuous,Vertical Pull,,Sagittal Plane,Upper Body,Pull,Compound,Calisthenics
Bodyweight Pseudo Planche Push Up,Video Demonstration,,Advanced,Chest,Pectoralis Major,Anterior Deltoids,Bodyweight,None,0,Prone,Double Arm,Flat Palm,No Load,Continuous,Horizontal Push,,Sagittal Plane,Upper Body,Push,Compound,Calisthenics
Parallette Pseudo Planche Push Up,Video Demonstration,,Advanced,Chest,Pectoralis Major,Anterior Deltoids,Parallette Bars,None,0,Prone,Double Arm,Neutral,No Load,Continuous,Horizontal Push,,Sagittal Plane,Upper Body,Push,Compound,Calisthenics
Parallette Single Leg Close Grip Push Up,,,Advanced,Triceps,Triceps Brachii,Pectoralis Major,Parallette Bars,None,0,Prone,Double Arm,Pronated,No Load,Continuous,Horizontal Push,,Sagittal Plane,Upper Body,Push,Compound,Calisthenics
Single Arm Macebell Single Leg Standing Bent Knee Contralateral 360,,,Advanced,Shoulders,Posterior Deltoids,Rectus Abdominis,Macebell,None,0,Single Leg Standing Bent Knee,Single Arm,Neutral,Behind Back,Continuous,Rotational,,Transverse Plane,Upper Body,Pull,Compound,Balance
Macebell Inside Circle to 360,,Video Explanation,Advanced,Shoulders,Posterior Deltoids,Rectus Abdominis,Macebell,None,0,Standing,Double Arm,Neutral,Behind Back,Continuous,Rotational,,Transverse Plane,Upper Body,Pull,Compound,Ballistics
Single Arm Landmine Single Leg Standing Bent Knee Ipsilateral Shoulder Press,,,Advanced,Shoulders,Anterior Deltoids,,Landmine,None,0,Single Leg Standing Bent Knee,Single Arm,Neutral,Overhead,Continuous,Vertical Push,,Sagittal Plane,Upper Body,Push,Compound,Balance
Single Arm Landmine Single Leg Standing Bent Knee Contralateral Shoulder Press,,,Advanced,Shoulders,Anterior Deltoids,,Landmine,None,0,Single Leg Standing Bent Knee,Single Arm,Neutral,Overhead,Continuous,Vertical Push,,Sagittal Plane,Upper Body,Push,Compound,Balance
Alternating Single Arm Landmine Single Leg Standing Bent Knee Shoulder Press,,,Advanced,Shoulders,Anterior Deltoids,,Landmine,None,0,Single Leg Standing Bent Knee,Single Arm,Neutral,Overhead,Continuous,Vertical Push,,Sagittal Plane,Upper Body,Push,Compound,Balance
Macebell Alternating 360 to Pivot Split Squat Uppercut,Video Demonstration,,Advanced,Shoulders,Posterior Deltoids,Quadriceps Femoris,Macebell,None,0,Split Squat,Double Arm,Neutral,Behind Back,Alternating,Rotational,,Transverse Plane,Upper Body,Pull,Compound,Ballistics
Double Clubbell Single Leg Standing Bent Knee Side Shoulder Cast to Side Flag Press,,,Advanced,Shoulders,Posterior Deltoids,,Clubbell,None,0,Single Leg Standing Bent Knee,Double Arm,Neutral,Other,Continuous,Shoulder Abduction,,Frontal Plane,Upper Body,Push & Pull,Compound,Unsorted*
Macebell Alternating 360 to Front Flag Press,,,Advanced,Shoulders,Posterior Deltoids,Anterior Deltoids ,Macebell,None,0,Standing,Double Arm,Neutral,Behind Back,Continuous,Rotational,,Transverse Plane,Upper Body,Push & Pull,Compound,Ballistics
Double Indian Club Crescent Swing,,,Advanced,Shoulders,Posterior Deltoids,Obliques,Indian Club,None,0,Standing,Double Arm,Neutral,Other,Continuous,Unsorted*,,Transverse Plane,Upper Body,Unsorted*,,Mobility
Single Arm Macebell Inside Circle to 360,,,Advanced,Shoulders,Posterior Deltoids,Rectus Abdominis,Macebell,None,0,Standing,Single Arm,Neutral,Behind Back,Continuous,Rotational,,Transverse Plane,Upper Body,Pull,Compound,Ballistics
Bulgarian Bag Spin,Video Demonstration,Video Explanation,Advanced,Shoulders,Posterior Deltoids,Obliques,Bulgarian Bag,None,0,Standing,Double Arm,Neutral,Overhead,Continuous,Rotational,,Transverse Plane,Upper Body,Pull,Compound,Unsorted*
Bulgarian Bag Alternating Spin,Video Demonstration,,Advanced,Shoulders,Posterior Deltoids,Obliques,Bulgarian Bag,None,0,Standing,Double Arm,Neutral,Overhead,Continuous,Rotational,,Transverse Plane,Upper Body,Pull,Compound,Unsorted*
Double Kettlebell Feet Elevated Renegade Row,Video Demonstration,,Advanced,Back,Latissimus Dorsi,,Kettlebell,Bench (Flat),1,Prone,Double Arm,Neutral,Other,Continuous,Horizontal Pull,Anti-Extension,Sagittal Plane,Upper Body,Pull,Compound,Bodybuilding
Double Kettlebell Feet Elevated Renegade Row to Push Up,Video Demonstration,,Advanced,Back,Latissimus Dorsi,,Kettlebell,Bench (Flat),1,Prone,Double Arm,Neutral,Other,Continuous,Horizontal Pull,Horizontal Push,Sagittal Plane,Upper Body,Push & Pull,Compound,Bodybuilding
Single Arm Kettlebell Snatch to Overhead Squat,,,Advanced,Quadriceps,Quadriceps Femoris,Gluteus Maximus,Kettlebell,None,0,Standing,Single Arm,Pronated,Overhead,Continuous,Hip Hinge,Knee Dominant,Sagittal Plane,Full Body,Unsorted*,Compound,Ballistics
Barbell Zercher Alternating Reverse Lunge,Video Demonstration,,Advanced,Quadriceps,Quadriceps Femoris,Gluteus Maximus,Barbell,None,0,Standing,Double Arm,No Grip,Zercher,Alternating,Knee Dominant,,Sagittal Plane,Lower Body,Push,Compound,Bodybuilding
Barbell Zercher Alternating Forward Lunge,Video Demonstration,,Advanced,Quadriceps,Quadriceps Femoris,Gluteus Maximus,Barbell,None,0,Standing,Double Arm,No Grip,Zercher,Alternating,Knee Dominant,,Sagittal Plane,Lower Body,Push,Compound,Bodybuilding
Barbell Zercher Walking Lunge,Video Demonstration,,Advanced,Quadriceps,Quadriceps Femoris,Gluteus Maximus,Barbell,None,0,Walking,Double Arm,No Grip,Zercher,Alternating,Knee Dominant,,Sagittal Plane,Lower Body,Push,Compound,Bodybuilding
Barbell Zercher Alternating Lateral Lunge,,,Advanced,Quadriceps,Quadriceps Femoris,Gluteus Maximus,Barbell,None,0,Walking,Double Arm,No Grip,Zercher,Alternating,Knee Dominant,,Frontal Plane,Lower Body,Push,Compound,Bodybuilding
Slider Barbell Zercher Lateral Lunge,,,Advanced,Quadriceps,Quadriceps Femoris,Gluteus Maximus,Sliders,Barbell,1,Standing,Double Arm,No Grip,Zercher,Continuous,Knee Dominant,,Frontal Plane,Lower Body,Push,Compound,Bodybuilding
Slider Barbell Zercher Reverse Lunge,,,Advanced,Quadriceps,Quadriceps Femoris,Gluteus Maximus,Sliders,Barbell,1,Standing,Double Arm,No Grip,Zercher,Continuous,Knee Dominant,,Sagittal Plane,Lower Body,Push,Compound,Bodybuilding
Suspension Pelican Curl,,,Advanced,Biceps,Biceps Brachii,Pectoralis Major,Suspension Trainer,None,0,Standing,Double Arm,Supinated,No Load,Continuous,Elbow Flexion,,Sagittal Plane,Upper Body,Pull,Compound,Unsorted*
Bar Archer Pull Up,Video Demonstration,Video Explanation,Advanced,Back,Latissimus Dorsi,,Pull Up Bar,None,0,Hanging,Double Arm,Pronated,No Load,Continuous,Vertical Pull,,Frontal Plane,Upper Body,Pull,Compound,Calisthenics
Bar False Grip Pull Up,,Video Explanation,Advanced,Back,Latissimus Dorsi,,Pull Up Bar,None,0,Hanging,Double Arm,False Grip,No Load,Continuous,Vertical Pull,,Sagittal Plane,Upper Body,Pull,Compound,Calisthenics
Bar L Sit Chin Up,Video Demonstration,,Advanced,Biceps,Biceps Brachii,Latissimus Dorsi,Pull Up Bar,None,0,Hanging,Double Arm,Supinated,No Load,Continuous,Vertical Pull,Isometric Hold,Sagittal Plane,Upper Body,Pull,Compound,Calisthenics
Bar L Sit Pull Up,Video Demonstration,,Advanced,Back,Latissimus Dorsi,Biceps Brachii,Pull Up Bar,None,0,Hanging,Double Arm,Pronated,No Load,Continuous,Vertical Pull,Isometric Hold,Sagittal Plane,Upper Body,Pull,Compound,Calisthenics
Bar Tuck Back Lever with Alternating Single Leg Extensions,,,Advanced,Abdominals,Rectus Abdominis,,Pull Up Bar,None,0,Hanging,Double Arm,Pronated,No Load,Alternating,Isometric Hold,,Sagittal Plane,Upper Body,Other,Compound,Calisthenics
Bar Tuck Front Lever with Alternating Single Leg Extensions,,,Advanced,Abdominals,Rectus Abdominis,,Pull Up Bar,None,0,Hanging,Double Arm,Pronated,No Load,Alternating,Isometric Hold,,Sagittal Plane,Full Body,Other,Compound,Calisthenics
Barbell Squat Clean to Push Press,,,Expert,Shoulders,Anterior Deltoids,Triceps Brachii,Barbell,None,0,Standing,Double Arm,Pronated,Overhead,Continuous,Vertical Push,Hip Hinge,Sagittal Plane,Full Body,Push & Pull,Compound,Olympic Weightlifting 
Barbell Squat Clean to Overhead Press,,,Expert,Shoulders,Anterior Deltoids,Triceps Brachii,Barbell,None,0,Standing,Double Arm,Pronated,Overhead,Continuous,Vertical Push,Hip Hinge,Sagittal Plane,Full Body,Push & Pull,Compound,Olympic Weightlifting 
Barbell Power Clean to Front Rack Squat,Video Demonstration,Video Explanation,Expert,Quadriceps,Quadriceps Femoris,Gluteus Maximus,Barbell,None,0,Standing,Double Arm,Pronated,Front Rack,Continuous,Knee Dominant,Hip Hinge,Sagittal Plane,Full Body,Push & Pull,Compound,Olympic Weightlifting 
Barbell Hang Power Clean to Front Rack Squat,,,Advanced,Quadriceps,Quadriceps Femoris,Gluteus Maximus,Barbell,None,0,Standing,Double Arm,Pronated,Front Rack,Continuous,Knee Dominant,Hip Hinge,Sagittal Plane,Full Body,Push & Pull,Compound,Olympic Weightlifting 
Barbell Hang Power Clean to Split Jerk,Video Demonstration,,Advanced,Shoulders,Anterior Deltoids,Gluteus Maximus,Barbell,None,0,Staggered Stance,Double Arm,Pronated,Overhead,Continuous,Vertical Push,Hip Hinge,Sagittal Plane,Full Body,Push & Pull,Compound,Olympic Weightlifting 
Barbell Hang Power Clean to Push Jerk,Video Demonstration,Video Explanation,Advanced,Shoulders,Anterior Deltoids,Triceps Brachii,Barbell,None,0,Standing,Double Arm,Pronated,Overhead,Continuous,Vertical Push,Hip Hinge,Sagittal Plane,Full Body,Push & Pull,Compound,Olympic Weightlifting 
Barbell Hang Power Clean to Push Press,Video Demonstration,Video Explanation,Advanced,Shoulders,Anterior Deltoids,Triceps Brachii,Barbell,None,0,Standing,Double Arm,Pronated,Overhead,Continuous,Hip Hinge,Vertical Push,Sagittal Plane,Full Body,Push & Pull,Compound,Olympic Weightlifting 
Barbell Hang Power Clean to Overhead Press,,,Advanced,Shoulders,Anterior Deltoids,Triceps Brachii,Barbell,None,0,Standing,Double Arm,Pronated,Overhead,Continuous,Hip Hinge,Vertical Push,Sagittal Plane,Full Body,Push & Pull,Compound,Olympic Weightlifting 
Barbell Hang Squat Clean to Split Jerk,Video Demonstration,,Advanced,Shoulders,Anterior Deltoids,Gluteus Maximus,Barbell,None,0,Staggered Stance,Double Arm,Pronated,Overhead,Continuous,Vertical Push,Hip Hinge,Sagittal Plane,Full Body,Push & Pull,Compound,Olympic Weightlifting 
Barbell Hang Squat Clean to Push Jerk,Video Demonstration,,Advanced,Shoulders,Anterior Deltoids,Triceps Brachii,Barbell,None,0,Standing,Double Arm,Pronated,Overhead,Continuous,Vertical Push,Hip Hinge,Sagittal Plane,Full Body,Push & Pull,Compound,Olympic Weightlifting 
Barbell Hang Squat Clean to Push Press,,,Advanced,Shoulders,Anterior Deltoids,Triceps Brachii,Barbell,None,0,Standing,Double Arm,Pronated,Overhead,Continuous,Vertical Push,Hip Hinge,Sagittal Plane,Full Body,Push & Pull,Compound,Olympic Weightlifting 
Barbell Hang Squat Clean to Overhead Press,,,Advanced,Shoulders,Anterior Deltoids,Triceps Brachii,Barbell,None,0,Standing,Double Arm,Pronated,Overhead,Continuous,Vertical Push,Hip Hinge,Sagittal Plane,Full Body,Push & Pull,Compound,Olympic Weightlifting 
Double Kettlebell Clean to Front Rack Squat,Video Demonstration,Video Explanation,Intermediate,Quadriceps,Quadriceps Femoris,Gluteus Maximus,Kettlebell,None,0,Standing,Double Arm,Neutral,Front Rack,Continuous,Hip Hinge,Knee Dominant,Sagittal Plane,Full Body,Unsorted*,Compound,Ballistics
Double Kettlebell Clean to Push Press,Video Demonstration,,Intermediate,Shoulders,Anterior Deltoids,Triceps Brachii,Kettlebell,None,0,Standing,Double Arm,Pronated,Overhead,Continuous,Hip Hinge,Vertical Push,Sagittal Plane,Full Body,Unsorted*,Compound,Ballistics
Double Kettlebell Clean to Front Rack Alternating Forward Lunge,Video Demonstration,,Intermediate,Quadriceps,Quadriceps Femoris,Gluteus Maximus,Kettlebell,None,0,Standing,Double Arm,Neutral,Front Rack,Alternating,Hip Hinge,Knee Dominant,Sagittal Plane,Full Body,Unsorted*,Compound,Ballistics
Double Kettlebell Glute Bridge Isometric Bench Press,Video Demonstration,,Novice,Chest,Pectoralis Major,Triceps Brachii,Kettlebell,Bench (Flat),1,Bridge,Double Arm,Pronated,Above Chest,Continuous,Horizontal Push,Isometric Hold,Sagittal Plane,Full Body,Push,Compound,Bodybuilding
Slider Archer Push Up,Video Demonstration,,Advanced,Chest,Pectoralis Major,,Sliders,None,0,Prone,Single Arm,Flat Palm,No Load,Continuous,Horizontal Push,,Frontal Plane,Upper Body,Push,Compound,Unsorted*
Suspension Archer Push Up,Video Demonstration,Video Explanation,Advanced,Chest,Pectoralis Major,,Suspension Trainer,None,0,Prone,Double Arm,Neutral,No Load,Continuous,Horizontal Push,,Frontal Plane,Upper Body,Push,Compound,Unsorted*
Superband Chaos Push Up,Video Demonstration,,Advanced,Chest,Pectoralis Major,Triceps Brachii,Superband,None,0,Prone,Double Arm,Pronated,No Load,Continuous,Horizontal Push,,Sagittal Plane,Upper Body,Push,Compound,Unsorted*
Bodyweight Pivot Split Squat,,Video Explanation,Novice,Quadriceps,Quadriceps Femoris,Gluteus Maximus,Bodyweight,None,0,Split Squat,No Arms,No Grip,No Load,Alternating,Rotational,Knee Dominant,Transverse Plane,Lower Body,Push,Compound,Bodybuilding
Single Arm Kettlebell Clean to Thruster,Video Demonstration,,Intermediate,Shoulders,Anterior Deltoids,Gluteus Maximus,Kettlebell,None,0,Standing,Single Arm,Neutral,Overhead,Continuous,Hip Hinge,Vertical Push,Sagittal Plane,Full Body,Unsorted*,Compound,Unsorted*
Single Arm Kettlebell Clean to Push Press,Video Demonstration,,Intermediate,Shoulders,Anterior Deltoids,Gluteus Maximus,Kettlebell,None,0,Standing,Single Arm,Pronated,Overhead,Continuous,Hip Hinge,Vertical Push,Sagittal Plane,Full Body,Unsorted*,Compound,Ballistics
Single Arm Kettlebell Clean to Push Jerk,Video Demonstration,,Intermediate,Shoulders,Anterior Deltoids,Gluteus Maximus,Kettlebell,None,0,Standing,Single Arm,Pronated,Overhead,Continuous,Hip Hinge,Vertical Push,Sagittal Plane,Full Body,Unsorted*,Compound,Ballistics
Single Arm Kettlebell Clean to Front Rack Contralateral Forward Lunge,,,Intermediate,Quadriceps,Quadriceps Femoris,Gluteus Maximus,Kettlebell,None,0,Standing,Single Arm,Neutral,Front Rack,Continuous,Hip Hinge,Knee Dominant,Sagittal Plane,Full Body,Unsorted*,Compound,Ballistics
Single Arm Kettlebell Clean to Front Rack Squat,,,Intermediate,Quadriceps,Quadriceps Femoris,Gluteus Maximus,Kettlebell,None,0,Standing,Single Arm,Neutral,Front Rack,Continuous,Hip Hinge,Knee Dominant,Sagittal Plane,Full Body,Unsorted*,Compound,Ballistics
Landmine Pivot Split Squat,Video Demonstration,,Intermediate,Quadriceps,Quadriceps Femoris,Gluteus Maximus,Landmine,None,0,Split Squat,Double Arm,Neutral,Other,Alternating,Rotational,Knee Dominant,Transverse Plane,Lower Body,Push,Compound,Bodybuilding
Double Kettlebell Overhead Pivot Split Squat,,,Intermediate,Quadriceps,Quadriceps Femoris,Gluteus Maximus,Kettlebell,None,0,Split Squat,Double Arm,Pronated,Overhead,Alternating,Rotational,Knee Dominant,Transverse Plane,Lower Body,Push,Compound,Bodybuilding
Single Arm Kettlebell Snatch to Overhead Ipsilateral Reverse Lunge,,,Advanced,Quadriceps,Quadriceps Femoris,Gluteus Maximus,Kettlebell,None,0,Standing,Single Arm,Pronated,Overhead,Continuous,Hip Hinge,Knee Dominant,Sagittal Plane,Full Body,Unsorted*,Compound,Ballistics
Single Arm Kettlebell Outside Snatch to Overhead Contralateral Reverse Lunge,,,Advanced,Quadriceps,Quadriceps Femoris,Gluteus Maximus,Kettlebell,None,0,Standing,Single Arm,Pronated,Overhead,Continuous,Hip Hinge,Knee Dominant,Sagittal Plane,Full Body,Unsorted*,Compound,Ballistics
Single Arm Kettlebell Outside Snatch to Overhead Ipsilateral Reverse Lunge,,,Advanced,Quadriceps,Quadriceps Femoris,Gluteus Maximus,Kettlebell,None,0,Standing,Single Arm,Pronated,Overhead,Continuous,Hip Hinge,Knee Dominant,Sagittal Plane,Full Body,Unsorted*,Compound,Ballistics
Alternating Single Arm Kettlebell Outside Swing,,,Novice,Glutes,Gluteus Maximus,,Kettlebell,None,0,Standing,Single Arm,Neutral,Other,Continuous,Hip Hinge,,Sagittal Plane,Full Body,Unsorted*,Compound,Ballistics
Kettlebell Half Kneeling Swing,Video Demonstration,,Intermediate,Glutes,Gluteus Maximus,,Kettlebell,None,0,Half Kneeling,Double Arm,Pronated,Other,Continuous,Hip Hinge,,Sagittal Plane,Full Body,Unsorted*,Compound,Ballistics
Heavy Sandbag Shoulder March,,,Intermediate,Hip Flexors,Iliopsoas,Rectus Abdominis,Heavy Sandbag,None,0,March,Single Arm,Neutral,Shoulder,Alternating,Locomotion,,Sagittal Plane,Core,Other,Compound,Balance
Heavy Sandbag Bear Hug March,Video Demonstration,Video Explanation,Intermediate,Hip Flexors,Iliopsoas,Rectus Abdominis,Heavy Sandbag,None,0,March,Double Arm,Neutral,Bear Hug,Alternating,Locomotion,,Sagittal Plane,Core,Other,Compound,Balance
Heavy Sandbag Bear Hug Roll,,Video Explanation,Intermediate,Abdominals,Obliques,,Heavy Sandbag,None,0,Supine,Double Arm,Neutral,Bear Hug,Continuous,Unsorted*,,Transverse Plane,Core,Other,Compound,Unsorted*
Heavy Sandbag Alternating Hang Shoulder Clean,,,Intermediate,Glutes,Gluteus Maximus,Biceps Femoris,Heavy Sandbag,None,0,Standing,Double Arm,Neutral,Shoulder,Continuous,Hip Hinge,,Sagittal Plane,Full Body,Other,Compound,Unsorted*
Heavy Sandbag Hang Shoulder Clean,,,Intermediate,Glutes,Gluteus Maximus,Biceps Femoris,Heavy Sandbag,None,0,Standing,Double Arm,Neutral,Shoulder,Continuous,Hip Hinge,,Sagittal Plane,Full Body,Other,Compound,Unsorted*
Kettlebell Dead Clean to Horn Grip Alternating Reverse Lunge,,,Intermediate,Quadriceps,Quadriceps Femoris,Gluteus Maximus,Kettlebell,None,0,Standing,Double Arm,Horn Grip,Front Rack,Alternating,Knee Dominant,,Sagittal Plane,Lower Body,Unsorted*,Compound,Ballistics
Kettlebell Dead Clean,Video Demonstration,Video Explanation,Intermediate,Glutes,Gluteus Maximus,Biceps Femoris,Kettlebell,None,0,Standing,Double Arm,Horn Grip,Front Rack,Continuous,Hip Hinge,,Sagittal Plane,Full Body,Unsorted*,Compound,Ballistics
Kettlebell Dead Clean to Overhead Press,Video Demonstration,,Intermediate,Shoulders,Anterior Deltoids,Gluteus Maximus,Kettlebell,None,0,Standing,Double Arm,Horn Grip,Overhead,Continuous,Vertical Push,Hip Hinge,Sagittal Plane,Full Body,Unsorted*,Compound,Ballistics
Clubbell Barbarian Alternating Forward Lunge,,,Novice,Quadriceps,Quadriceps Femoris,Posterior Deltoids,Clubbell,None,0,Standing,Double Arm,Neutral,Overhead,Alternating,Knee Dominant,,Sagittal Plane,Full Body,Push & Pull,Compound,Unsorted*
Clubbell Barbarian Forward Lunge,,,Novice,Quadriceps,Quadriceps Femoris,Posterior Deltoids,Clubbell,None,0,Standing,Double Arm,Neutral,Overhead,Continuous,Knee Dominant,,Sagittal Plane,Full Body,Push & Pull,Compound,Unsorted*
Macebell Barbarian Alternating Forward Lunge,,,Novice,Quadriceps,Quadriceps Femoris,Posterior Deltoids,Macebell,None,0,Standing,Double Arm,Neutral,Overhead,Alternating,Knee Dominant,,Sagittal Plane,Full Body,Push & Pull,Compound,Unsorted*
Macebell Barbarian Forward Lunge,,,Novice,Quadriceps,Quadriceps Femoris,Posterior Deltoids,Macebell,None,0,Standing,Double Arm,Neutral,Overhead,Continuous,Knee Dominant,,Sagittal Plane,Full Body,Push & Pull,Compound,Unsorted*
Double Dumbbell Overhead Step Up,,,Intermediate,Quadriceps,Quadriceps Femoris,Gluteus Maximus,Dumbbell,Plyo Box,1,Standing,Double Arm,Neutral,Overhead,Continuous,Knee Dominant,,Sagittal Plane,Lower Body,Push,Compound,Bodybuilding
Single Arm Dumbbell Front Rack Contralateral Step Up,Video Demonstration,,Novice,Quadriceps,Quadriceps Femoris,Gluteus Maximus,Dumbbell,Plyo Box,1,Standing,Single Arm,Neutral,Front Rack,Continuous,Knee Dominant,,Sagittal Plane,Lower Body,Push,Compound,Bodybuilding
Single Arm Dumbbell Front Rack Ipsilateral Step Up,,,Novice,Quadriceps,Quadriceps Femoris,Gluteus Maximus,Dumbbell,Plyo Box,1,Standing,Single Arm,Neutral,Front Rack,Continuous,Knee Dominant,,Sagittal Plane,Lower Body,Push,Compound,Bodybuilding
Single Arm Macebell Order Contralateral Step Up,,,Novice,Quadriceps,Quadriceps Femoris,Gluteus Maximus,Macebell,Plyo Box,1,Standing,Single Arm,Neutral,Order,Continuous,Knee Dominant,,Sagittal Plane,Lower Body,Push,Compound,Bodybuilding
Single Arm Macebell Order Ipsilateral Step Up,,,Novice,Quadriceps,Quadriceps Femoris,Gluteus Maximus,Macebell,Plyo Box,1,Standing,Single Arm,Neutral,Order,Continuous,Knee Dominant,,Sagittal Plane,Lower Body,Push,Compound,Bodybuilding
Macebell Order Step Up,,,Novice,Quadriceps,Quadriceps Femoris,Gluteus Maximus,Macebell,Plyo Box,1,Standing,Double Arm,Neutral,Order,Continuous,Knee Dominant,,Sagittal Plane,Lower Body,Push,Compound,Bodybuilding
Macebell Order Alternating Step Up,,,Novice,Quadriceps,Quadriceps Femoris,Gluteus Maximus,Macebell,Plyo Box,1,Standing,Double Arm,Neutral,Order,Alternating,Knee Dominant,,Sagittal Plane,Lower Body,Push,Compound,Bodybuilding
Barbell Zercher Step Up,Video Demonstration,Video Explanation,Advanced,Quadriceps,Quadriceps Femoris,Gluteus Maximus,Barbell,Plyo Box,1,Standing,Double Arm,No Grip,Zercher,Continuous,Knee Dominant,,Sagittal Plane,Lower Body,Push,Compound,Bodybuilding
Barbell Zercher Alternating Step Up,,,Advanced,Quadriceps,Quadriceps Femoris,Gluteus Maximus,Barbell,Plyo Box,1,Standing,Double Arm,No Grip,Zercher,Alternating,Knee Dominant,,Sagittal Plane,Lower Body,Push,Compound,Bodybuilding
Bulgarian Bag Back Rack Step Up,,,Novice,Quadriceps,Quadriceps Femoris,Gluteus Maximus,Bulgarian Bag,Plyo Box,1,Standing,Double Arm,Neutral,Back Rack,Continuous,Knee Dominant,,Sagittal Plane,Lower Body,Push,Compound,Bodybuilding
Bulgarian Bag Back Rack Alternating Step Up,,,Novice,Quadriceps,Quadriceps Femoris,Gluteus Maximus,Bulgarian Bag,Plyo Box,1,Standing,Double Arm,Neutral,Back Rack,Alternating,Knee Dominant,,Sagittal Plane,Lower Body,Push,Compound,Bodybuilding
Sandbag Back Rack Step Up,,,Novice,Quadriceps,Quadriceps Femoris,Gluteus Maximus,Sandbag,Plyo Box,1,Standing,Double Arm,Neutral,Back Rack,Continuous,Knee Dominant,,Sagittal Plane,Lower Body,Push,Compound,Bodybuilding
Sandbag Back Rack Alternating Step Up,,,Novice,Quadriceps,Quadriceps Femoris,Gluteus Maximus,Sandbag,Plyo Box,1,Standing,Double Arm,Neutral,Back Rack,Alternating,Knee Dominant,,Sagittal Plane,Lower Body,Push,Compound,Bodybuilding
Sandbag Front Rack Step Up,,,Novice,Quadriceps,Quadriceps Femoris,Gluteus Maximus,Sandbag,Plyo Box,1,Standing,Double Arm,Neutral,Front Rack,Continuous,Knee Dominant,,Sagittal Plane,Lower Body,Push,Compound,Bodybuilding
Sandbag Front Rack Alternating Step Up,,,Novice,Quadriceps,Quadriceps Femoris,Gluteus Maximus,Sandbag,Plyo Box,1,Standing,Double Arm,Neutral,Front Rack,Alternating,Knee Dominant,,Sagittal Plane,Lower Body,Push,Compound,Bodybuilding
Plate Overhead Step Up,,,Intermediate,Quadriceps,Quadriceps Femoris,Gluteus Maximus,Weight Plate,Plyo Box,1,Standing,Double Arm,Neutral,Overhead,Continuous,Knee Dominant,,Sagittal Plane,Lower Body,Push,Compound,Bodybuilding
Plate Overhead Alternating Step Up,Video Demonstration,Video Explanation,Intermediate,Quadriceps,Quadriceps Femoris,Gluteus Maximus,Weight Plate,Plyo Box,1,Standing,Double Arm,Neutral,Overhead,Alternating,Knee Dominant,,Sagittal Plane,Lower Body,Push,Compound,Bodybuilding
Double Kettlebell Front Rack Alternating Step Up,Video Demonstration,,Novice,Quadriceps,Quadriceps Femoris,Gluteus Maximus,Kettlebell,Plyo Box,1,Standing,Double Arm,Neutral,Front Rack,Alternating,Knee Dominant,,Sagittal Plane,Lower Body,Push,Compound,Bodybuilding
Double Kettlebell Bottoms Up Front Rack Alternating Step Up,,,Intermediate,Quadriceps,Quadriceps Femoris,Gluteus Maximus,Kettlebell,Plyo Box,1,Standing,Double Arm,Bottoms Up,Front Rack,Alternating,Knee Dominant,,Sagittal Plane,Lower Body,Push,Compound,Bodybuilding
Double Kettlebell Overhead Alternating Step Up,,,Intermediate,Quadriceps,Quadriceps Femoris,Gluteus Maximus,Kettlebell,Plyo Box,1,Standing,Double Arm,Pronated,Overhead,Alternating,Knee Dominant,,Sagittal Plane,Lower Body,Push,Compound,Bodybuilding
Double Kettlebell Bottoms Up Overhead Alternating Step Up,,,Advanced,Quadriceps,Quadriceps Femoris,Gluteus Maximus,Kettlebell,Plyo Box,1,Standing,Double Arm,Bottoms Up,Overhead,Alternating,Knee Dominant,,Sagittal Plane,Lower Body,Push,Compound,Bodybuilding
Suspension Alternating Hawaiian Squat,,,Intermediate,Quadriceps,Quadriceps Femoris,Gluteus Maximus,Suspension Trainer,None,0,Single Leg Standing,Double Arm,Neutral,No Load,Alternating,Knee Dominant,,Sagittal Plane,Lower Body,Push,Compound,Unsorted*
Double Kettlebell Suitcase Alternating Step Up,Video Demonstration,,Novice,Quadriceps,Quadriceps Femoris,Gluteus Maximus,Kettlebell,Plyo Box,1,Standing,Double Arm,Neutral,Suitcase,Alternating,Knee Dominant,,Sagittal Plane,Lower Body,Push,Compound,Bodybuilding
Kettlebell Goblet Step Up,Video Demonstration,,Novice,Quadriceps,Quadriceps Femoris,Gluteus Maximus,Kettlebell,Plyo Box,1,Standing,Double Arm,Goblet,Front Rack,Continuous,Knee Dominant,,Sagittal Plane,Lower Body,Push,Compound,Bodybuilding
Kettlebell Goblet Alternating Step Up,Video Demonstration,,Novice,Quadriceps,Quadriceps Femoris,Gluteus Maximus,Kettlebell,Plyo Box,1,Standing,Double Arm,Goblet,Front Rack,Alternating,Knee Dominant,,Sagittal Plane,Lower Body,Push,Compound,Bodybuilding
Dumbbell Goblet Step Up,Video Demonstration,Video Explanation,Novice,Quadriceps,Quadriceps Femoris,Gluteus Maximus,Dumbbell,Plyo Box,1,Standing,Double Arm,Goblet,Front Rack,Continuous,Knee Dominant,,Sagittal Plane,Lower Body,Push,Compound,Bodybuilding
Dumbbell Goblet Alternating Step Up,Video Demonstration,,Novice,Quadriceps,Quadriceps Femoris,Gluteus Maximus,Dumbbell,Plyo Box,1,Standing,Double Arm,Goblet,Front Rack,Alternating,Knee Dominant,,Sagittal Plane,Lower Body,Push,Compound,Bodybuilding
Tire Russian Step Up,,,Novice,Quadriceps,Quadriceps Femoris,Gluteus Maximus,Tire,None,0,Single Leg Standing Bent Knee,No Arms,No Grip,No Load,Continuous,Knee Dominant,,Sagittal Plane,Lower Body,Push,Compound,Balance
Tire Alternating Russian Step Up,,,Novice,Quadriceps,Quadriceps Femoris,Gluteus Maximus,Tire,None,0,Single Leg Standing Bent Knee,No Arms,No Grip,No Load,Alternating,Knee Dominant,,Sagittal Plane,Lower Body,Push,Compound,Balance
Dumbbell Crush Grip Seated Good Morning,,,Novice,Back,Erector Spinae,Gluteus Maximus,Dumbbell,Bench (Flat),1,Seated,Double Arm,Crush Grip,Low Hold,Continuous,Hip Hinge,,Sagittal Plane,Lower Body,Unsorted*,Compound,Bodybuilding
Trap Bar Bottoms Up Z Press,Video Demonstration,,Advanced,Shoulders,Anterior Deltoids,Triceps Brachii,Trap Bar,None,0,Seated Floor,Double Arm,Bottoms Up,Overhead,Continuous,Vertical Push,,Sagittal Plane,Upper Body,Push,Compound,Bodybuilding
Kettlebell Horn Grip Step Up,Video Demonstration,,Novice,Quadriceps,Quadriceps Femoris,Gluteus Maximus,Kettlebell,Plyo Box,1,Standing,Double Arm,Horn Grip,Front Rack,Continuous,Knee Dominant,,Sagittal Plane,Lower Body,Push,Compound,Bodybuilding
Kettlebell Horn Grip Alternating Step Up,Video Demonstration,,Novice,Quadriceps,Quadriceps Femoris,Gluteus Maximus,Kettlebell,Plyo Box,1,Standing,Double Arm,Horn Grip,Front Rack,Alternating,Knee Dominant,,Sagittal Plane,Lower Body,Push,Compound,Bodybuilding
Superband Assisted Reverse Nordic,Video Demonstration,Video Explanation,Novice,Quadriceps,Quadriceps Femoris,,Superband,None,0,Tall Kneeling,Double Arm,Pronated,No Load,Continuous,Knee Dominant,,Sagittal Plane,Lower Body,Unsorted*,Isolation,Unsorted*
Single Arm Clubbell Mill to Reverse Mill,,,Advanced,Shoulders,Posterior Deltoids,Gluteus Maximus,Clubbell,None,0,Standing,Single Arm,Neutral,Behind Back,Continuous,Rotational,,Transverse Plane,Upper Body,Pull,Compound,Ballistics
Single Arm Macebell Mill to Reverse Mill,,,Advanced,Shoulders,Posterior Deltoids,Rectus Abdominis,Macebell,None,0,Standing,Single Arm,Neutral,Behind Back,Continuous,Rotational,,Transverse Plane,Upper Body,Pull,Compound,Ballistics
Alternating Single Arm Macebell Mill,,,Advanced,Shoulders,Posterior Deltoids,Rectus Abdominis,Macebell,None,0,Standing,Single Arm,Neutral,Behind Back,Continuous,Rotational,,Transverse Plane,Upper Body,Pull,Compound,Ballistics
Single Arm Dumbbell Hang Power Clean,Video Demonstration,,Intermediate,Glutes,Gluteus Maximus,,Dumbbell,None,0,Standing,Single Arm,Neutral,Front Rack,Continuous,Hip Hinge,,Sagittal Plane,Full Body,Unsorted*,Compound,Ballistics
Alternating Single Arm Dumbbell Hang Power Clean,Video Demonstration,,Intermediate,Glutes,Gluteus Maximus,,Dumbbell,None,0,Standing,Single Arm,Neutral,Front Rack,Continuous,Hip Hinge,,Sagittal Plane,Full Body,Unsorted*,Compound,Ballistics
Double Dumbbell Suitcase Russian Step Up,Video Demonstration,,Novice,Quadriceps,Quadriceps Femoris,Gluteus Maximus,Dumbbell,Plyo Box,1,Single Leg Standing Bent Knee,Double Arm,Neutral,Suitcase,Continuous,Knee Dominant,,Sagittal Plane,Lower Body,Push,Compound,Balance
Double Dumbbell Front Rack Alternating Russian Step Up,,,Novice,Quadriceps,Quadriceps Femoris,Gluteus Maximus,Dumbbell,Plyo Box,1,Single Leg Standing Bent Knee,Double Arm,Neutral,Front Rack,Alternating,Knee Dominant,,Sagittal Plane,Lower Body,Push,Compound,Balance
Double Kettlebell Front Rack Russian Step Up,Video Demonstration,,Novice,Quadriceps,Quadriceps Femoris,Gluteus Maximus,Kettlebell,Plyo Box,1,Single Leg Standing Bent Knee,Double Arm,Neutral,Front Rack,Continuous,Knee Dominant,,Sagittal Plane,Lower Body,Push,Compound,Balance
Double Kettlebell Suitcase Russian Step Up,Video Demonstration,,Novice,Quadriceps,Quadriceps Femoris,Gluteus Maximus,Kettlebell,Plyo Box,1,Single Leg Standing Bent Knee,Double Arm,Neutral,Suitcase,Continuous,Knee Dominant,,Sagittal Plane,Lower Body,Push,Compound,Balance
Single Arm Kettlebell Suitcase Contralateral Russian Step Up,,,Novice,Quadriceps,Quadriceps Femoris,Gluteus Maximus,Kettlebell,Plyo Box,1,Single Leg Standing Bent Knee,Single Arm,Neutral,Suitcase,Continuous,Knee Dominant,Anti-Lateral Flexion,Sagittal Plane,Lower Body,Push,Compound,Balance
Single Arm Kettlebell Suitcase Ipsilateral Russian Step Up,,,Novice,Quadriceps,Quadriceps Femoris,Gluteus Maximus,Kettlebell,Plyo Box,1,Single Leg Standing Bent Knee,Single Arm,Neutral,Suitcase,Continuous,Knee Dominant,Anti-Lateral Flexion,Sagittal Plane,Lower Body,Push,Compound,Balance
Single Arm Kettlebell Front Rack Contralateral Russian Step Up,Video Demonstration,,Novice,Quadriceps,Quadriceps Femoris,Gluteus Maximus,Kettlebell,Plyo Box,1,Single Leg Standing Bent Knee,Single Arm,Neutral,Front Rack,Continuous,Knee Dominant,,Sagittal Plane,Lower Body,Push,Compound,Balance
Single Arm Kettlebell Front Rack Ipsilateral Russian Step Up,,,Novice,Quadriceps,Quadriceps Femoris,Gluteus Maximus,Kettlebell,Plyo Box,1,Single Leg Standing Bent Knee,Single Arm,Neutral,Front Rack,Continuous,Knee Dominant,,Sagittal Plane,Lower Body,Push,Compound,Balance
Double Kettlebell Overhead Russian Step Up,,,Intermediate,Quadriceps,Quadriceps Femoris,Gluteus Maximus,Kettlebell,Plyo Box,1,Single Leg Standing Bent Knee,Double Arm,Pronated,Overhead,Continuous,Knee Dominant,,Sagittal Plane,Lower Body,Push,Compound,Balance
Single Arm Kettlebell Overhead Contralateral Russian Step Up,,,Intermediate,Quadriceps,Quadriceps Femoris,Gluteus Maximus,Kettlebell,Plyo Box,1,Single Leg Standing Bent Knee,Single Arm,Pronated,Overhead,Continuous,Knee Dominant,,Sagittal Plane,Lower Body,Push,Compound,Balance
Single Arm Kettlebell Overhead Ipsilateral Russian Step Up,,,Intermediate,Quadriceps,Quadriceps Femoris,Gluteus Maximus,Kettlebell,Plyo Box,1,Single Leg Standing Bent Knee,Single Arm,Pronated,Overhead,Continuous,Knee Dominant,,Sagittal Plane,Lower Body,Push,Compound,Balance
Double Kettlebell Bottoms Up Front Rack Russian Step Up,,,Intermediate,Quadriceps,Quadriceps Femoris,Gluteus Maximus,Kettlebell,Plyo Box,1,Single Leg Standing Bent Knee,Double Arm,Bottoms Up,Front Rack,Continuous,Knee Dominant,,Sagittal Plane,Lower Body,Push,Compound,Balance
Single Arm Kettlebell Bottoms Up Front Rack Contralateral Russian Step Up,,,Intermediate,Quadriceps,Quadriceps Femoris,Gluteus Maximus,Kettlebell,Plyo Box,1,Single Leg Standing Bent Knee,Single Arm,Bottoms Up,Front Rack,Continuous,Knee Dominant,,Sagittal Plane,Lower Body,Push,Compound,Balance
Single Arm Kettlebell Bottoms Up Front Rack Ipsilateral Russian Step Up,,,Intermediate,Quadriceps,Quadriceps Femoris,Gluteus Maximus,Kettlebell,Plyo Box,1,Single Leg Standing Bent Knee,Single Arm,Bottoms Up,Front Rack,Continuous,Knee Dominant,,Sagittal Plane,Lower Body,Push,Compound,Balance
Double Kettlebell Bottoms Up Overhead Russian Step Up,,,Advanced,Quadriceps,Quadriceps Femoris,Gluteus Maximus,Kettlebell,Plyo Box,1,Single Leg Standing Bent Knee,Double Arm,Bottoms Up,Overhead,Continuous,Knee Dominant,,Sagittal Plane,Lower Body,Push,Compound,Balance
Single Arm Kettlebell Bottoms Up Overhead Contralateral Russian Step Up,,,Advanced,Quadriceps,Quadriceps Femoris,Gluteus Maximus,Kettlebell,Plyo Box,1,Single Leg Standing Bent Knee,Single Arm,Bottoms Up,Overhead,Continuous,Knee Dominant,,Sagittal Plane,Lower Body,Push,Compound,Balance
Single Arm Kettlebell Bottoms Up Overhead Ipsilateral Russian Step Up,,,Advanced,Quadriceps,Quadriceps Femoris,Gluteus Maximus,Kettlebell,Plyo Box,1,Single Leg Standing Bent Knee,Single Arm,Bottoms Up,Overhead,Continuous,Knee Dominant,,Sagittal Plane,Lower Body,Push,Compound,Balance
Barbell Back Rack Russian Step Up,Video Demonstration,Video Explanation,Intermediate,Quadriceps,Quadriceps Femoris,Gluteus Maximus,Barbell,Plyo Box,1,Single Leg Standing Bent Knee,Double Arm,Pronated,Back Rack,Continuous,Knee Dominant,,Sagittal Plane,Lower Body,Push,Compound,Balance
Barbell Front Rack Russian Step Up,Video Demonstration,,Intermediate,Quadriceps,Quadriceps Femoris,Gluteus Maximus,Barbell,Plyo Box,1,Single Leg Standing Bent Knee,Double Arm,Pronated,Front Rack,Continuous,Knee Dominant,,Sagittal Plane,Lower Body,Push,Compound,Balance
Double Dumbbell Overhead Alternating Russian Step Up,,,Intermediate,Quadriceps,Quadriceps Femoris,Gluteus Maximus,Dumbbell,Plyo Box,1,Single Leg Standing Bent Knee,Double Arm,Neutral,Overhead,Alternating,Knee Dominant,,Sagittal Plane,Lower Body,Push,Compound,Balance
Single Arm Dumbbell Overhead Contralateral Russian Step Up,,,Intermediate,Quadriceps,Quadriceps Femoris,Gluteus Maximus,Dumbbell,Plyo Box,1,Single Leg Standing Bent Knee,Single Arm,Neutral,Overhead,Continuous,Knee Dominant,,Sagittal Plane,Lower Body,Push,Compound,Balance
Barbell Overhead Alternating Russian Step Up,,,Advanced,Quadriceps,Quadriceps Femoris,Gluteus Maximus,Barbell,Plyo Box,1,Single Leg Standing Bent Knee,Double Arm,Pronated,Overhead,Alternating,Knee Dominant,,Sagittal Plane,Lower Body,Push,Compound,Balance
Barbell Overhead Russian Step Up,Video Demonstration,,Advanced,Quadriceps,Quadriceps Femoris,Gluteus Maximus,Barbell,Plyo Box,1,Single Leg Standing Bent Knee,Double Arm,Pronated,Overhead,Continuous,Knee Dominant,,Sagittal Plane,Lower Body,Push,Compound,Balance
Single Arm Dumbbell Suitcase Contralateral Russian Step Up,Video Demonstration,,Novice,Quadriceps,Quadriceps Femoris,Gluteus Maximus,Dumbbell,Plyo Box,1,Single Leg Standing Bent Knee,Single Arm,Neutral,Suitcase,Continuous,Knee Dominant,Anti-Lateral Flexion,Sagittal Plane,Lower Body,Push,Compound,Balance
Single Arm Dumbbell Suitcase Ipsilateral Russian Step Up,,,Novice,Quadriceps,Quadriceps Femoris,Gluteus Maximus,Dumbbell,Plyo Box,1,Single Leg Standing Bent Knee,Single Arm,Neutral,Suitcase,Continuous,Knee Dominant,Anti-Lateral Flexion,Sagittal Plane,Lower Body,Push,Compound,Balance
Single Arm Dumbbell Overhead Ipsilateral Russian Step Up,Video Demonstration,,Intermediate,Quadriceps,Quadriceps Femoris,Gluteus Maximus,Dumbbell,Plyo Box,1,Single Leg Standing Bent Knee,Single Arm,Neutral,Overhead,Continuous,Knee Dominant,,Sagittal Plane,Lower Body,Push,Compound,Balance
Double Clubbell Order Russian Step Up,,,Novice,Quadriceps,Quadriceps Femoris,Gluteus Maximus,Clubbell,Plyo Box,1,Single Leg Standing Bent Knee,Double Arm,Neutral,Order,Continuous,Knee Dominant,,Sagittal Plane,Lower Body,Push,Compound,Balance
Double Clubbell Order Alternating Russian Step Up,,,Novice,Quadriceps,Quadriceps Femoris,Gluteus Maximus,Clubbell,Plyo Box,1,Single Leg Standing Bent Knee,Double Arm,Neutral,Order,Alternating,Knee Dominant,,Sagittal Plane,Lower Body,Push,Compound,Balance
Single Arm Clubbell Order Contralateral Russian Step Up,,,Novice,Quadriceps,Quadriceps Femoris,Gluteus Maximus,Clubbell,Plyo Box,1,Single Leg Standing Bent Knee,Single Arm,Neutral,Order,Continuous,Knee Dominant,,Sagittal Plane,Lower Body,Push,Compound,Balance
Single Arm Clubbell Order Ipsilateral Russian Step Up,,,Novice,Quadriceps,Quadriceps Femoris,Gluteus Maximus,Clubbell,Plyo Box,1,Single Leg Standing Bent Knee,Single Arm,Neutral,Order,Continuous,Knee Dominant,,Sagittal Plane,Lower Body,Push,Compound,Balance
Bodyweight Alternating Russian Step Up,Video Demonstration,,Novice,Quadriceps,Quadriceps Femoris,Gluteus Maximus,Bodyweight,Plyo Box,1,Single Leg Standing Bent Knee,No Arms,No Grip,No Load,Alternating,Knee Dominant,,Sagittal Plane,Lower Body,Push,Compound,Balance
Bodyweight Russian Step Up,Video Demonstration,,Novice,Quadriceps,Quadriceps Femoris,Gluteus Maximus,Bodyweight,Plyo Box,1,Single Leg Standing Bent Knee,No Arms,No Grip,No Load,Continuous,Knee Dominant,,Sagittal Plane,Lower Body,Push,Compound,Balance
Clubbell Order Russian Step Up,,,Novice,Quadriceps,Quadriceps Femoris,Gluteus Maximus,Clubbell,Plyo Box,1,Single Leg Standing Bent Knee,Double Arm,Neutral,Order,Continuous,Knee Dominant,,Sagittal Plane,Lower Body,Push,Compound,Balance
Clubbell Order Alternating Russian Step Up,,,Novice,Quadriceps,Quadriceps Femoris,Gluteus Maximus,Clubbell,Plyo Box,1,Single Leg Standing Bent Knee,Double Arm,Neutral,Order,Alternating,Knee Dominant,,Sagittal Plane,Lower Body,Push,Compound,Balance
Barbell Back Rack Alternating Russian Step Up,Video Demonstration,,Intermediate,Quadriceps,Quadriceps Femoris,Gluteus Maximus,Barbell,Plyo Box,1,Single Leg Standing Bent Knee,Double Arm,Pronated,Back Rack,Alternating,Knee Dominant,,Sagittal Plane,Lower Body,Push,Compound,Balance
Barbell Front Rack Alternating Russian Step Up,Video Demonstration,,Intermediate,Quadriceps,Quadriceps Femoris,Gluteus Maximus,Barbell,Plyo Box,1,Single Leg Standing Bent Knee,Double Arm,Pronated,Front Rack,Alternating,Knee Dominant,,Sagittal Plane,Lower Body,Push,Compound,Balance
Double Dumbbell Suitcase Alternating Russian Step Up,Video Demonstration,Video Explanation,Novice,Quadriceps,Quadriceps Femoris,Gluteus Maximus,Dumbbell,Plyo Box,1,Single Leg Standing Bent Knee,Double Arm,Neutral,Suitcase,Alternating,Knee Dominant,,Sagittal Plane,Lower Body,Push,Compound,Balance
Double Dumbbell Front Rack Russian Step Up,,,Novice,Quadriceps,Quadriceps Femoris,Gluteus Maximus,Dumbbell,Plyo Box,1,Single Leg Standing Bent Knee,Double Arm,Neutral,Front Rack,Continuous,Knee Dominant,,Sagittal Plane,Lower Body,Push,Compound,Balance
Double Dumbbell Overhead Russian Step Up,,,Intermediate,Quadriceps,Quadriceps Femoris,Gluteus Maximus,Dumbbell,Plyo Box,1,Single Leg Standing Bent Knee,Double Arm,Neutral,Overhead,Continuous,Knee Dominant,,Sagittal Plane,Lower Body,Push,Compound,Balance
Single Arm Dumbbell Front Rack Contralateral Russian Step Up,Video Demonstration,,Novice,Quadriceps,Quadriceps Femoris,Gluteus Maximus,Dumbbell,Plyo Box,1,Single Leg Standing Bent Knee,Single Arm,Neutral,Front Rack,Continuous,Knee Dominant,,Sagittal Plane,Lower Body,Push,Compound,Balance
Single Arm Dumbbell Front Rack Ipsilateral Russian Step Up,Video Demonstration,,Novice,Quadriceps,Quadriceps Femoris,Gluteus Maximus,Dumbbell,Plyo Box,1,Single Leg Standing Bent Knee,Single Arm,Neutral,Front Rack,Continuous,Knee Dominant,,Sagittal Plane,Lower Body,Push,Compound,Balance
Single Arm Macebell Order Contralateral Russian Step Up,,,Novice,Quadriceps,Quadriceps Femoris,Gluteus Maximus,Macebell,Plyo Box,1,Single Leg Standing Bent Knee,Single Arm,Neutral,Order,Continuous,Knee Dominant,,Sagittal Plane,Lower Body,Push,Compound,Balance
Single Arm Macebell Order Ipsilateral Russian Step Up,,,Novice,Quadriceps,Quadriceps Femoris,Gluteus Maximus,Macebell,Plyo Box,1,Single Leg Standing Bent Knee,Single Arm,Neutral,Order,Continuous,Knee Dominant,,Sagittal Plane,Lower Body,Push,Compound,Balance
Macebell Order Russian Step Up,,,Novice,Quadriceps,Quadriceps Femoris,Gluteus Maximus,Macebell,Plyo Box,1,Single Leg Standing Bent Knee,Double Arm,Neutral,Order,Continuous,Knee Dominant,,Sagittal Plane,Lower Body,Push,Compound,Balance
Macebell Order Alternating Russian Step Up,,,Novice,Quadriceps,Quadriceps Femoris,Gluteus Maximus,Macebell,Plyo Box,1,Single Leg Standing Bent Knee,Double Arm,Neutral,Order,Alternating,Knee Dominant,,Sagittal Plane,Lower Body,Push,Compound,Balance
Barbell Zercher Russian Step Up,Video Demonstration,,Advanced,Quadriceps,Quadriceps Femoris,Gluteus Maximus,Barbell,Plyo Box,1,Single Leg Standing Bent Knee,Double Arm,No Grip,Zercher,Continuous,Knee Dominant,,Sagittal Plane,Lower Body,Push,Compound,Balance
Barbell Zercher Alternating Russian Step Up,,,Advanced,Quadriceps,Quadriceps Femoris,Gluteus Maximus,Barbell,Plyo Box,1,Single Leg Standing Bent Knee,Double Arm,No Grip,Zercher,Alternating,Knee Dominant,,Sagittal Plane,Lower Body,Push,Compound,Balance
Bulgarian Bag Back Rack Russian Step Up,,,Novice,Quadriceps,Quadriceps Femoris,Gluteus Maximus,Bulgarian Bag,Plyo Box,1,Single Leg Standing Bent Knee,Double Arm,Neutral,Back Rack,Continuous,Knee Dominant,,Sagittal Plane,Lower Body,Push,Compound,Balance
Bulgarian Bag Back Rack Alternating Russian Step Up,,,Novice,Quadriceps,Quadriceps Femoris,Gluteus Maximus,Bulgarian Bag,Plyo Box,1,Single Leg Standing Bent Knee,Double Arm,Neutral,Back Rack,Alternating,Knee Dominant,,Sagittal Plane,Lower Body,Push,Compound,Balance
Sandbag Back Rack Russian Step Up,,,Novice,Quadriceps,Quadriceps Femoris,Gluteus Maximus,Sandbag,Plyo Box,1,Single Leg Standing Bent Knee,Double Arm,Neutral,Back Rack,Continuous,Knee Dominant,,Sagittal Plane,Lower Body,Push,Compound,Balance
Sandbag Back Rack Alternating Russian Step Up,,,Novice,Quadriceps,Quadriceps Femoris,Gluteus Maximus,Sandbag,Plyo Box,1,Single Leg Standing Bent Knee,Double Arm,Neutral,Back Rack,Alternating,Knee Dominant,,Sagittal Plane,Lower Body,Push,Compound,Balance
Sandbag Front Rack Russian Step Up,,,Novice,Quadriceps,Quadriceps Femoris,Gluteus Maximus,Sandbag,Plyo Box,1,Single Leg Standing Bent Knee,Double Arm,Neutral,Front Rack,Continuous,Knee Dominant,,Sagittal Plane,Lower Body,Push,Compound,Balance
Sandbag Front Rack Alternating Russian Step Up,,,Novice,Quadriceps,Quadriceps Femoris,Gluteus Maximus,Sandbag,Plyo Box,1,Single Leg Standing Bent Knee,Double Arm,Neutral,Front Rack,Alternating,Knee Dominant,,Sagittal Plane,Lower Body,Push,Compound,Balance
Plate Overhead Russian Step Up,,Video Explanation,Intermediate,Quadriceps,Quadriceps Femoris,Gluteus Maximus,Weight Plate,Plyo Box,1,Single Leg Standing Bent Knee,Double Arm,Neutral,Overhead,Continuous,Knee Dominant,,Sagittal Plane,Lower Body,Push,Compound,Balance
Plate Overhead Alternating Russian Step Up,,,Intermediate,Quadriceps,Quadriceps Femoris,Gluteus Maximus,Weight Plate,Plyo Box,1,Single Leg Standing Bent Knee,Double Arm,Neutral,Overhead,Alternating,Knee Dominant,,Sagittal Plane,Lower Body,Push,Compound,Balance
Double Kettlebell Front Rack Alternating Russian Step Up,Video Demonstration,,Novice,Quadriceps,Quadriceps Femoris,Gluteus Maximus,Kettlebell,Plyo Box,1,Single Leg Standing Bent Knee,Double Arm,Neutral,Front Rack,Alternating,Knee Dominant,,Sagittal Plane,Lower Body,Push,Compound,Balance
Double Kettlebell Bottoms Up Front Rack Alternating Russian Step Up,,,Intermediate,Quadriceps,Quadriceps Femoris,Gluteus Maximus,Kettlebell,Plyo Box,1,Single Leg Standing Bent Knee,Double Arm,Bottoms Up,Front Rack,Alternating,Knee Dominant,,Sagittal Plane,Lower Body,Push,Compound,Balance
Double Kettlebell Overhead Alternating Russian Step Up,,,Intermediate,Quadriceps,Quadriceps Femoris,Gluteus Maximus,Kettlebell,Plyo Box,1,Single Leg Standing Bent Knee,Double Arm,Pronated,Overhead,Alternating,Knee Dominant,,Sagittal Plane,Lower Body,Push,Compound,Balance
Double Kettlebell Bottoms Up Overhead Alternating Russian Step Up,,,Advanced,Quadriceps,Quadriceps Femoris,Gluteus Maximus,Kettlebell,Plyo Box,1,Single Leg Standing Bent Knee,Double Arm,Bottoms Up,Overhead,Alternating,Knee Dominant,,Sagittal Plane,Lower Body,Push,Compound,Balance
Double Kettlebell Suitcase Alternating Russian Step Up,,,Novice,Quadriceps,Quadriceps Femoris,Gluteus Maximus,Kettlebell,Plyo Box,1,Single Leg Standing Bent Knee,Double Arm,Neutral,Suitcase,Alternating,Knee Dominant,,Sagittal Plane,Lower Body,Push,Compound,Balance
Kettlebell Goblet Russian Step Up,Video Demonstration,,Novice,Quadriceps,Quadriceps Femoris,Gluteus Maximus,Kettlebell,Plyo Box,1,Single Leg Standing Bent Knee,Double Arm,Goblet,Front Rack,Continuous,Knee Dominant,,Sagittal Plane,Lower Body,Push,Compound,Balance
Kettlebell Goblet Alternating Russian Step Up,Video Demonstration,,Novice,Quadriceps,Quadriceps Femoris,Gluteus Maximus,Kettlebell,Plyo Box,1,Single Leg Standing Bent Knee,Double Arm,Goblet,Front Rack,Alternating,Knee Dominant,,Sagittal Plane,Lower Body,Push,Compound,Balance
Dumbbell Goblet Russian Step Up,Video Demonstration,,Novice,Quadriceps,Quadriceps Femoris,Gluteus Maximus,Dumbbell,Plyo Box,1,Single Leg Standing Bent Knee,Double Arm,Goblet,Front Rack,Continuous,Knee Dominant,,Sagittal Plane,Lower Body,Push,Compound,Balance
Dumbbell Goblet Alternating Russian Step Up,Video Demonstration,,Novice,Quadriceps,Quadriceps Femoris,Gluteus Maximus,Dumbbell,Plyo Box,1,Single Leg Standing Bent Knee,Double Arm,Goblet,Front Rack,Alternating,Knee Dominant,,Sagittal Plane,Lower Body,Push,Compound,Balance
Kettlebell Horn Grip Russian Step Up,,,Novice,Quadriceps,Quadriceps Femoris,Gluteus Maximus,Kettlebell,Plyo Box,1,Single Leg Standing Bent Knee,Double Arm,Horn Grip,Front Rack,Continuous,Knee Dominant,,Sagittal Plane,Lower Body,Push,Compound,Balance
Kettlebell Horn Grip Alternating Russian Step Up,,,Novice,Quadriceps,Quadriceps Femoris,Gluteus Maximus,Kettlebell,Plyo Box,1,Single Leg Standing Bent Knee,Double Arm,Horn Grip,Front Rack,Alternating,Knee Dominant,,Sagittal Plane,Lower Body,Push,Compound,Balance
Miniband Hip Thrust,Video Demonstration,,Beginner,Glutes,Gluteus Maximus,Biceps Femoris,Miniband,Bench (Flat),1,Bridge,No Arms,No Grip,No Load,Continuous,Hip Extension,,Sagittal Plane,Lower Body,Unsorted*,Compound,Bodybuilding
Heavy Sandbag Bear Hug Step Up,Video Demonstration,,Intermediate,Quadriceps,Quadriceps Femoris,Gluteus Maximus,Heavy Sandbag,Plyo Box,1,Standing,Double Arm,Neutral,Bear Hug,Continuous,Knee Dominant,,Sagittal Plane,Lower Body,Push,Compound,Bodybuilding
Heavy Sandbag Bear Hug Alternating Step Up,Video Demonstration,,Intermediate,Quadriceps,Quadriceps Femoris,Gluteus Maximus,Heavy Sandbag,Plyo Box,1,Standing,Double Arm,Neutral,Bear Hug,Alternating,Knee Dominant,,Sagittal Plane,Lower Body,Push,Compound,Bodybuilding
Heavy Sandbag Bear Hug Russian Step Up,,,Intermediate,Quadriceps,Quadriceps Femoris,Gluteus Maximus,Heavy Sandbag,Plyo Box,1,Single Leg Standing Bent Knee,Double Arm,Neutral,Bear Hug,Continuous,Knee Dominant,,Sagittal Plane,Lower Body,Push,Compound,Balance
Heavy Sandbag Bear Hug Alternating Russian Step Up,,,Intermediate,Quadriceps,Quadriceps Femoris,Gluteus Maximus,Heavy Sandbag,Plyo Box,1,Single Leg Standing Bent Knee,Double Arm,Neutral,Bear Hug,Alternating,Knee Dominant,,Sagittal Plane,Lower Body,Push,Compound,Balance
Alternating Single Arm Macebell Reverse Mill,,,Advanced,Shoulders,Posterior Deltoids,Rectus Abdominis,Macebell,None,0,Standing,Single Arm,Neutral,Behind Back,Continuous,Rotational,,Transverse Plane,Upper Body,Pull,Compound,Ballistics
Ring Grip Straddle Planche,,,Grand Master,Abdominals,Rectus Abdominis,,Gymnastic Rings,None,0,Prone,Double Arm,Neutral,No Load,Continuous,Isometric Hold,,Sagittal Plane,Full Body,Other,Compound,Calisthenics
Single Arm Kettlebell Dead Clean to Overhead Press,,Video Explanation,Intermediate,Shoulders,Anterior Deltoids,,Kettlebell,None,0,Standing,Single Arm,Pronated,Overhead,Continuous,Hip Hinge,Vertical Push,Sagittal Plane,Full Body,Unsorted*,Compound,Ballistics
Single Arm Kettlebell Dead Clean to Push Press,Video Demonstration,,Intermediate,Shoulders,Anterior Deltoids,,Kettlebell,None,0,Standing,Single Arm,Pronated,Overhead,Continuous,Hip Hinge,Vertical Push,Sagittal Plane,Full Body,Unsorted*,Compound,Ballistics
Single Arm Kettlebell Clean to Front Rack Ipsilateral Reverse Lunge,,,Intermediate,Quadriceps,Quadriceps Femoris,Gluteus Maximus,Kettlebell,None,0,Standing,Single Arm,Neutral,Front Rack,Continuous,Hip Hinge,Knee Dominant,Sagittal Plane,Full Body,Unsorted*,Compound,Ballistics
Single Arm Kettlebell Clean to Front Rack Ipsilateral Forward Lunge,,,Intermediate,Quadriceps,Quadriceps Femoris,Gluteus Maximus,Kettlebell,None,0,Standing,Single Arm,Neutral,Front Rack,Continuous,Hip Hinge,Knee Dominant,Sagittal Plane,Full Body,Unsorted*,Compound,Ballistics
Single Arm Kettlebell Dead Clean to Push Jerk,,,Intermediate,Shoulders,Anterior Deltoids,,Kettlebell,None,0,Standing,Single Arm,Pronated,Overhead,Continuous,Hip Hinge,Vertical Push,Sagittal Plane,Full Body,Unsorted*,Compound,Ballistics
Double Kettlebell Dead Clean to Push Jerk,Video Demonstration,,Intermediate,Shoulders,Anterior Deltoids,Triceps Brachii,Kettlebell,None,0,Standing,Double Arm,Pronated,Overhead,Continuous,Vertical Push,,Sagittal Plane,Full Body,Unsorted*,Compound,Ballistics
Single Arm Kettlebell Bottoms Up Dead Clean,Video Demonstration,,Intermediate,Glutes,Gluteus Maximus,Biceps Femoris,Kettlebell,None,0,Standing,Single Arm,Bottoms Up,Front Rack,Continuous,Hip Hinge,,Sagittal Plane,Full Body,Unsorted*,Compound,Unsorted*
Alternating Single Arm Kettlebell Bottoms Up Dead Clean,,,Intermediate,Glutes,Gluteus Maximus,Biceps Femoris,Kettlebell,None,0,Standing,Single Arm,Bottoms Up,Front Rack,Continuous,Hip Hinge,,Sagittal Plane,Full Body,Unsorted*,Compound,Unsorted*
Single Arm Kettlebell Dead Clean to Front Rack Squat,,Video Explanation,Intermediate,Quadriceps,Quadriceps Femoris,Gluteus Maximus,Kettlebell,None,0,Standing,Single Arm,Neutral,Front Rack,Continuous,Hip Hinge,Knee Dominant,Sagittal Plane,Full Body,Unsorted*,Compound,Ballistics
Single Arm Kettlebell Dead Clean to Thruster,,,Intermediate,Shoulders,Anterior Deltoids,Quadriceps Femoris,Kettlebell,None,0,Standing,Single Arm,Pronated,Overhead,Continuous,Hip Hinge,Vertical Push,Sagittal Plane,Full Body,Unsorted*,Compound,Ballistics
Alternating Single Arm Kettlebell Dead Clean to Thruster,,,Intermediate,Shoulders,Anterior Deltoids,Quadriceps Femoris,Kettlebell,None,0,Standing,Single Arm,Pronated,Overhead,Continuous,Hip Hinge,Vertical Push,Sagittal Plane,Full Body,Unsorted*,Compound,Ballistics
Alternating Single Arm Kettlebell Dead Clean to Overhead Press,Video Demonstration,,Intermediate,Shoulders,Anterior Deltoids,,Kettlebell,None,0,Standing,Single Arm,Pronated,Overhead,Continuous,Hip Hinge,Vertical Push,Sagittal Plane,Full Body,Unsorted*,Compound,Ballistics
Alternating Single Arm Kettlebell Dead Clean to Push Press,Video Demonstration,,Intermediate,Shoulders,Anterior Deltoids,,Kettlebell,None,0,Standing,Single Arm,Pronated,Overhead,Continuous,Hip Hinge,Vertical Push,Sagittal Plane,Full Body,Unsorted*,Compound,Ballistics
Alternating Single Arm Kettlebell Dead Clean to Push Jerk,,,Intermediate,Shoulders,Anterior Deltoids,,Kettlebell,None,0,Standing,Single Arm,Pronated,Overhead,Continuous,Hip Hinge,Vertical Push,Sagittal Plane,Full Body,Unsorted*,Compound,Ballistics
Alternating Single Arm Kettlebell Dead Clean to Front Rack Squat,,,Intermediate,Quadriceps,Quadriceps Femoris,Gluteus Maximus,Kettlebell,None,0,Standing,Single Arm,Neutral,Front Rack,Continuous,Hip Hinge,Knee Dominant,Sagittal Plane,Full Body,Unsorted*,Compound,Ballistics
Single Arm Macebell Bull Whip to Mill,Video Demonstration,Video Explanation,Advanced,Shoulders,Posterior Deltoids,Rectus Abdominis,Macebell,None,0,Staggered Stance,Single Arm,Neutral,Behind Back,Continuous,Rotational,,Transverse Plane,Upper Body,Pull,Compound,Ballistics
Double Kettlebell Bottoms Up Overhead Split Squat,,,Advanced,Quadriceps,Quadriceps Femoris,Gluteus Maximus,Kettlebell,None,0,Split Squat,Double Arm,Bottoms Up,Overhead,Continuous,Knee Dominant,,Sagittal Plane,Lower Body,Push,Compound,Bodybuilding
Heavy Sandbag Bear Hug Kang Squat,Video Demonstration,,Intermediate,Quadriceps,Quadriceps Femoris,Gluteus Maximus,Heavy Sandbag,None,0,Standing,Double Arm,Neutral,Bear Hug,Continuous,Knee Dominant,Hip Hinge,Sagittal Plane,Lower Body,Push,Compound,Unsorted*
Double Dumbbell Feet Elevated Renegade Row,Video Demonstration,Video Explanation,Advanced,Back,Latissimus Dorsi,,Dumbbell,Bench (Flat),1,Prone,Double Arm,Neutral,Other,Continuous,Horizontal Pull,Anti-Extension,Sagittal Plane,Upper Body,Pull,Compound,Bodybuilding
Double Dumbbell Feet Elevated Renegade Row to Push Up,,,Advanced,Back,Latissimus Dorsi,,Dumbbell,Bench (Flat),1,Prone,Double Arm,Neutral,Other,Continuous,Horizontal Pull,Horizontal Push,Sagittal Plane,Upper Body,Push & Pull,Compound,Bodybuilding
Double Dumbbell Suitcase Forward Lunge,Video Demonstration,,Novice,Quadriceps,Quadriceps Femoris,Gluteus Maximus,Dumbbell,None,0,Standing,Double Arm,Neutral,Suitcase,Continuous,Knee Dominant,,Sagittal Plane,Lower Body,Push,Compound,Bodybuilding
Barbell Front Rack Forward Lunge,Video Demonstration,Video Explanation,Intermediate,Quadriceps,Quadriceps Femoris,Gluteus Maximus,Barbell,None,0,Standing,Double Arm,Pronated,Front Rack,Continuous,Knee Dominant,,Sagittal Plane,Lower Body,Push,Compound,Bodybuilding
Barbell Overhead Forward Lunge,Video Demonstration,Video Explanation,Advanced,Quadriceps,Quadriceps Femoris,Gluteus Maximus,Barbell,None,0,Standing,Double Arm,Pronated,Overhead,Continuous,Knee Dominant,,Sagittal Plane,Lower Body,Push,Compound,Bodybuilding
Heavy Sandbag Bear Hug Forward Lunge,,,Intermediate,Quadriceps,Quadriceps Femoris,Gluteus Maximus,Heavy Sandbag,None,0,Standing,Double Arm,Neutral,Bear Hug,Continuous,Knee Dominant,,Sagittal Plane,Full Body,Other,Compound,Unsorted*
Heavy Sandbag Shoulder Contralateral Forward Lunge,,,Intermediate,Quadriceps,Quadriceps Femoris,Gluteus Maximus,Heavy Sandbag,None,0,Standing,Single Arm,Neutral,Shoulder,Continuous,Knee Dominant,,Sagittal Plane,Lower Body,Push,Compound,Unsorted*
Barbell Back Rack Forward Lunge,Video Demonstration,,Intermediate,Quadriceps,Quadriceps Femoris,Gluteus Maximus,Barbell,None,0,Standing,Double Arm,Pronated,Back Rack,Continuous,Knee Dominant,,Sagittal Plane,Lower Body,Push,Compound,Bodybuilding
Double Kettlebell Suitcase Forward Lunge,Video Demonstration,,Novice,Quadriceps,Quadriceps Femoris,Gluteus Maximus,Kettlebell,None,0,Standing,Double Arm,Neutral,Suitcase,Continuous,Knee Dominant,,Sagittal Plane,Lower Body,Push,Compound,Bodybuilding
Double Kettlebell Front Rack Forward Lunge,Video Demonstration,,Novice,Quadriceps,Quadriceps Femoris,Gluteus Maximus,Kettlebell,None,0,Standing,Double Arm,Neutral,Front Rack,Continuous,Knee Dominant,,Sagittal Plane,Lower Body,Push,Compound,Bodybuilding
Double Kettlebell Bottoms Up Front Rack Forward Lunge,,,Intermediate,Quadriceps,Quadriceps Femoris,Gluteus Maximus,Kettlebell,None,0,Standing,Double Arm,Bottoms Up,Front Rack,Continuous,Knee Dominant,,Sagittal Plane,Lower Body,Push,Compound,Bodybuilding
Double Dumbbell Front Rack Forward Lunge,Video Demonstration,,Novice,Quadriceps,Quadriceps Femoris,Gluteus Maximus,Dumbbell,None,0,Standing,Double Arm,Neutral,Front Rack,Continuous,Knee Dominant,,Sagittal Plane,Lower Body,Push,Compound,Bodybuilding
Double Dumbbell Overhead Forward Lunge,Video Demonstration,Video Explanation,Intermediate,Quadriceps,Quadriceps Femoris,Gluteus Maximus,Dumbbell,None,0,Standing,Double Arm,Neutral,Overhead,Continuous,Knee Dominant,,Sagittal Plane,Lower Body,Push,Compound,Bodybuilding
Single Arm Dumbbell Suitcase Contralateral Forward Lunge,Video Demonstration,,Novice,Quadriceps,Quadriceps Femoris,Gluteus Maximus,Dumbbell,None,0,Standing,Single Arm,Neutral,Suitcase,Continuous,Knee Dominant,Anti-Lateral Flexion,Sagittal Plane,Lower Body,Push,Compound,Bodybuilding
Single Arm Dumbbell Front Rack Contralateral Forward Lunge,Video Demonstration,,Novice,Quadriceps,Quadriceps Femoris,Gluteus Maximus,Dumbbell,None,0,Standing,Single Arm,Neutral,Front Rack,Continuous,Knee Dominant,,Sagittal Plane,Lower Body,Push,Compound,Bodybuilding
Single Arm Dumbbell Overhead Contralateral Forward Lunge,Video Demonstration,Video Explanation,Intermediate,Quadriceps,Quadriceps Femoris,Gluteus Maximus,Dumbbell,None,0,Standing,Single Arm,Neutral,Overhead,Continuous,Knee Dominant,,Sagittal Plane,Lower Body,Push,Compound,Bodybuilding
Double Kettlebell Overhead Forward Lunge,Video Demonstration,,Intermediate,Quadriceps,Quadriceps Femoris,Gluteus Maximus,Kettlebell,None,0,Standing,Double Arm,Pronated,Overhead,Continuous,Knee Dominant,,Sagittal Plane,Lower Body,Push,Compound,Bodybuilding
Dumbbell Goblet Forward Lunge,Video Demonstration,Video Explanation,Novice,Quadriceps,Quadriceps Femoris,Gluteus Maximus,Dumbbell,None,0,Standing,Double Arm,Goblet,Front Rack,Continuous,Knee Dominant,,Sagittal Plane,Lower Body,Push,Compound,Bodybuilding
Clubbell Order Forward Lunge,Video Demonstration,,Novice,Quadriceps,Quadriceps Femoris,Gluteus Maximus,Clubbell,None,0,Standing,Double Arm,Neutral,Order,Continuous,Knee Dominant,,Sagittal Plane,Lower Body,Push,Compound,Bodybuilding
Double Clubbell Order Forward Lunge,,,Novice,Quadriceps,Quadriceps Femoris,Gluteus Maximus,Clubbell,None,0,Standing,Double Arm,Neutral,Order,Continuous,Knee Dominant,,Sagittal Plane,Lower Body,Push,Compound,Bodybuilding
Single Arm Clubbell Order Contralateral Forward Lunge,,,Novice,Quadriceps,Quadriceps Femoris,Gluteus Maximus,Clubbell,None,0,Standing,Single Arm,Neutral,Order,Continuous,Knee Dominant,,Sagittal Plane,Lower Body,Push,Compound,Bodybuilding
Macebell Order Forward Lunge,,,Novice,Quadriceps,Quadriceps Femoris,Gluteus Maximus,Macebell,None,0,Standing,Double Arm,Neutral,Order,Continuous,Knee Dominant,,Sagittal Plane,Lower Body,Push,Compound,Bodybuilding
Double Kettlebell Bottoms Up Overhead Forward Lunge,,,Advanced,Quadriceps,Quadriceps Femoris,Gluteus Maximus,Kettlebell,None,0,Standing,Double Arm,Bottoms Up,Overhead,Continuous,Knee Dominant,,Sagittal Plane,Lower Body,Push,Compound,Bodybuilding
Single Arm Kettlebell Suitcase Contralateral Forward Lunge,,,Novice,Quadriceps,Quadriceps Femoris,Gluteus Maximus,Kettlebell,None,0,Standing,Single Arm,Neutral,Suitcase,Continuous,Knee Dominant,Anti-Lateral Flexion,Sagittal Plane,Lower Body,Push,Compound,Bodybuilding
Bodyweight Forward Lunge,Video Demonstration,Video Explanation,Beginner,Quadriceps,Quadriceps Femoris,Gluteus Maximus,Bodyweight,None,0,Standing,No Arms,No Grip,No Load,Continuous,Knee Dominant,,Sagittal Plane,Lower Body,Push,Compound,Bodybuilding
Bulgarian Bag Back Rack Forward Lunge,Video Demonstration,,Novice,Quadriceps,Quadriceps Femoris,Gluteus Maximus,Bulgarian Bag,None,0,Standing,Double Arm,Neutral,Back Rack,Continuous,Knee Dominant,,Sagittal Plane,Lower Body,Push,Compound,Bodybuilding
Sandbag Front Rack Forward Lunge,Video Demonstration,,Novice,Quadriceps,Quadriceps Femoris,Gluteus Maximus,Sandbag,None,0,Standing,Double Arm,Neutral,Front Rack,Continuous,Knee Dominant,,Sagittal Plane,Lower Body,Push,Compound,Bodybuilding
Plate Overhead Forward Lunge,Video Demonstration,,Intermediate,Quadriceps,Quadriceps Femoris,Gluteus Maximus,Weight Plate,None,0,Standing,Double Arm,Neutral,Overhead,Continuous,Knee Dominant,,Sagittal Plane,Lower Body,Push,Compound,Bodybuilding
Single Arm Kettlebell Front Rack Contralateral Forward Lunge,Video Demonstration,,Novice,Quadriceps,Quadriceps Femoris,Gluteus Maximus,Kettlebell,None,0,Standing,Single Arm,Neutral,Front Rack,Continuous,Knee Dominant,,Sagittal Plane,Lower Body,Push,Compound,Bodybuilding
Single Arm Kettlebell Bottoms Up Front Rack Contralateral Forward Lunge,,Video Explanation,Intermediate,Quadriceps,Quadriceps Femoris,Gluteus Maximus,Kettlebell,None,0,Standing,Single Arm,Bottoms Up,Front Rack,Continuous,Knee Dominant,,Sagittal Plane,Lower Body,Push,Compound,Bodybuilding
Single Arm Kettlebell Overhead Contralateral Forward Lunge,Video Demonstration,Video Explanation,Intermediate,Quadriceps,Quadriceps Femoris,Gluteus Maximus,Kettlebell,None,0,Standing,Single Arm,Pronated,Overhead,Continuous,Knee Dominant,,Sagittal Plane,Lower Body,Push,Compound,Bodybuilding
Single Arm Kettlebell Bottoms Up Overhead Contralateral Forward Lunge,,Video Explanation,Advanced,Quadriceps,Quadriceps Femoris,Gluteus Maximus,Kettlebell,None,0,Standing,Single Arm,Bottoms Up,Overhead,Continuous,Knee Dominant,,Sagittal Plane,Lower Body,Push,Compound,Bodybuilding
Kettlebell Goblet Forward Lunge,Video Demonstration,,Novice,Quadriceps,Quadriceps Femoris,Gluteus Maximus,Kettlebell,None,0,Standing,Double Arm,Goblet,Front Rack,Continuous,Knee Dominant,,Sagittal Plane,Lower Body,Push,Compound,Bodybuilding
Kettlebell Horn Grip Forward Lunge,Video Demonstration,Video Explanation,Novice,Quadriceps,Quadriceps Femoris,Gluteus Maximus,Kettlebell,None,0,Standing,Double Arm,Horn Grip,Front Rack,Continuous,Knee Dominant,,Sagittal Plane,Lower Body,Push,Compound,Bodybuilding
Barbell Zercher Forward Lunge,Video Demonstration,,Advanced,Quadriceps,Quadriceps Femoris,Gluteus Maximus,Barbell,None,0,Standing,Double Arm,No Grip,Zercher,Continuous,Knee Dominant,,Sagittal Plane,Lower Body,Push,Compound,Bodybuilding
Single Arm Dumbbell Suitcase Ipsilateral Forward Lunge,Video Demonstration,,Novice,Quadriceps,Quadriceps Femoris,Gluteus Maximus,Dumbbell,None,0,Standing,Single Arm,Neutral,Suitcase,Continuous,Knee Dominant,Anti-Lateral Flexion,Sagittal Plane,Lower Body,Push,Compound,Bodybuilding
Single Arm Dumbbell Front Rack Ipsilateral Forward Lunge,Video Demonstration,,Novice,Quadriceps,Quadriceps Femoris,Gluteus Maximus,Dumbbell,None,0,Standing,Single Arm,Neutral,Front Rack,Continuous,Knee Dominant,,Sagittal Plane,Lower Body,Push,Compound,Bodybuilding
Single Arm Dumbbell Overhead Ipsilateral Forward Lunge,Video Demonstration,,Intermediate,Quadriceps,Quadriceps Femoris,Gluteus Maximus,Dumbbell,None,0,Standing,Single Arm,Neutral,Overhead,Continuous,Knee Dominant,,Sagittal Plane,Lower Body,Push,Compound,Bodybuilding
Single Arm Clubbell Order Ipsilateral Forward Lunge,Video Demonstration,,Novice,Quadriceps,Quadriceps Femoris,Gluteus Maximus,Clubbell,None,0,Standing,Single Arm,Neutral,Order,Continuous,Knee Dominant,,Sagittal Plane,Lower Body,Push,Compound,Bodybuilding
Single Arm Kettlebell Suitcase Ipsilateral Forward Lunge,Video Demonstration,,Novice,Quadriceps,Quadriceps Femoris,Gluteus Maximus,Kettlebell,None,0,Standing,Single Arm,Neutral,Suitcase,Continuous,Knee Dominant,Anti-Lateral Flexion,Sagittal Plane,Lower Body,Push,Compound,Bodybuilding
Single Arm Kettlebell Front Rack Ipsilateral Forward Lunge,Video Demonstration,,Novice,Quadriceps,Quadriceps Femoris,Gluteus Maximus,Kettlebell,None,0,Standing,Single Arm,Neutral,Front Rack,Continuous,Knee Dominant,,Sagittal Plane,Lower Body,Push,Compound,Bodybuilding
Single Arm Kettlebell Bottoms Up Front Rack Ipsilateral Forward Lunge,,,Intermediate,Quadriceps,Quadriceps Femoris,Gluteus Maximus,Kettlebell,None,0,Standing,Single Arm,Bottoms Up,Front Rack,Continuous,Knee Dominant,,Sagittal Plane,Lower Body,Push,Compound,Bodybuilding
Single Arm Kettlebell Overhead Ipsilateral Forward Lunge,,,Intermediate,Quadriceps,Quadriceps Femoris,Gluteus Maximus,Kettlebell,None,0,Standing,Single Arm,Pronated,Overhead,Continuous,Knee Dominant,,Sagittal Plane,Lower Body,Push,Compound,Bodybuilding
Single Arm Kettlebell Bottoms Up Overhead Ipsilateral Forward Lunge,,,Advanced,Quadriceps,Quadriceps Femoris,Gluteus Maximus,Kettlebell,None,0,Standing,Single Arm,Bottoms Up,Overhead,Continuous,Knee Dominant,,Sagittal Plane,Lower Body,Push,Compound,Bodybuilding
Alternating Single Arm Dumbbell Plank Pull Through,Video Demonstration,,Intermediate,Abdominals,Rectus Abdominis,Obliques,Dumbbell,None,0,Prone,Single Arm,Pronated,Other,Continuous,Anti-Extension,Anti-Rotational ,Sagittal Plane,Core,Other,Compound,Unsorted*
Alternating Single Arm Dumbbell Feet Elevated Plank Pull Through,Video Demonstration,,Intermediate,Abdominals,Rectus Abdominis,Obliques,Dumbbell,Bench (Flat),1,Prone,Single Arm,Pronated,Other,Continuous,Anti-Extension,Anti-Rotational ,Sagittal Plane,Core,Unsorted*,Compound,Unsorted*
Landmine Cyclist Thruster,,,Intermediate,Quadriceps,Quadriceps Femoris,Anterior Deltoids,Landmine,Slant Board,1,Standing,Double Arm,Neutral,Overhead,Continuous,Knee Dominant,Vertical Push,Sagittal Plane,Full Body,Push,Compound,Bodybuilding
Single Arm Landmine Cyclist Thruster,,,Intermediate,Quadriceps,Quadriceps Femoris,Anterior Deltoids,Landmine,Slant Board,1,Standing,Single Arm,Neutral,Overhead,Continuous,Knee Dominant,Vertical Push,Sagittal Plane,Full Body,Push,Compound,Bodybuilding
Clubbell Swing,Video Demonstration,,Novice,Glutes,Gluteus Maximus,,Clubbell,None,0,Standing,Double Arm,Pronated,Other,Continuous,Hip Hinge,,Sagittal Plane,Full Body,Unsorted*,Compound,Ballistics
Macebell Half Battle Lunge,Video Demonstration,Video Explanation,Intermediate,Quadriceps,Quadriceps Femoris,Gluteus Maximus,Macebell,None,0,Standing,Double Arm,Neutral,Other,Continuous,Rotational,Knee Dominant,Transverse Plane,Full Body,Unsorted*,Compound,Unsorted*
Clubbell Order Pivot Split Squat,,,Intermediate,Quadriceps,Quadriceps Femoris,Gluteus Maximus,Clubbell,None,0,Split Squat,Double Arm,Neutral,Order,Alternating,Rotational,Knee Dominant,Transverse Plane,Lower Body,Push,Compound,Bodybuilding
Macebell Order Pivot Split Squat,,,Intermediate,Quadriceps,Quadriceps Femoris,Gluteus Maximus,Macebell,None,0,Split Squat,Double Arm,Neutral,Order,Alternating,Rotational,Knee Dominant,Transverse Plane,Lower Body,Push,Compound,Bodybuilding
Bodyweight Plate Assisted Hip Airplane,Video Demonstration,Video Explanation,Intermediate,Glutes,Gluteus Medius,Gluteus Minimus,Bodyweight,Weight Plate,1,Standing,Double Arm,Hand Assisted,No Load,Continuous,Rotational,Hip External Rotation,Transverse Plane,Lower Body,Unsorted*,Compound,Unsorted*
Macebell Battle Lunge,Video Demonstration,Video Explanation,Intermediate,Quadriceps,Quadriceps Femoris,Gluteus Maximus,Macebell,None,0,Standing,Double Arm,Neutral,Other,Continuous,Rotational,Knee Dominant,Transverse Plane,Full Body,Unsorted*,Compound,Unsorted*
Single Arm Kettlebell Tactical Half Snatch,,,Advanced,Glutes,Gluteus Maximus,Biceps Femoris,Kettlebell,None,0,Standing,Single Arm,Pronated,Overhead,Continuous,Hip Hinge,,Sagittal Plane,Full Body,Unsorted*,Compound,Ballistics
Heavy Sandbag Shoulder Ipsilateral Forward Lunge,,,Intermediate,Quadriceps,Quadriceps Femoris,Gluteus Maximus,Heavy Sandbag,None,0,Standing,Single Arm,Neutral,Shoulder,Continuous,Knee Dominant,,Sagittal Plane,Lower Body,Push,Compound,Unsorted*
Barbell Tall Kneeling Cuban Rotation,,Video Explanation,Intermediate,Shoulders,Posterior Deltoids,Infraspinatus,Barbell,None,0,Tall Kneeling,Double Arm,Pronated,Other,Continuous,Shoulder External Rotation,,Transverse Plane,Upper Body,Pull,Isolation,Unsorted*
Barbell Cuban Rotation,Video Demonstration,Video Explanation,Intermediate,Shoulders,Posterior Deltoids,Infraspinatus,Barbell,None,0,Standing,Double Arm,Pronated,Other,Continuous,Shoulder External Rotation,,Transverse Plane,Upper Body,Pull,Isolation,Unsorted*
Alternating Single Arm Landmine Tall Kneeling Shoulder Press,Video Demonstration,,Intermediate,Shoulders,Anterior Deltoids,,Landmine,None,0,Tall Kneeling,Single Arm,Neutral,Overhead,Continuous,Vertical Push,,Sagittal Plane,Upper Body,Push,Compound,Unsorted*
Barbell Feet Elevated Glute Bridge,Video Demonstration,,Intermediate,Glutes,Gluteus Maximus,Biceps Femoris,Barbell,None,0,Bridge,Double Arm,Pronated,Hip Crease,Continuous,Hip Extension,,Sagittal Plane,Lower Body,Unsorted*,Compound,Bodybuilding
Single Arm Kettlebell Tactical Snatch to Overhead Squat,,,Advanced,Quadriceps,Quadriceps Femoris,Gluteus Maximus,Kettlebell,None,0,Standing,Single Arm,Pronated,Overhead,Continuous,Hip Hinge,Knee Dominant,Sagittal Plane,Full Body,Unsorted*,Compound,Ballistics
Bodyweight Push Up to Alternating Lateral Kick Through,,Video Explanation,Intermediate,Chest,Pectoralis Major,Rectus Abdominis,Bodyweight,None,0,Prone,Double Arm,Flat Palm,No Load,Alternating,Rotational,Horizontal Push,Frontal Plane,Upper Body,Push,Compound,Animal Flow
Double Dumbbell Single Leg Romanian Deadlift,Video Demonstration,Video Explanation,Intermediate,Hamstrings,Biceps Femoris,Gluteus Maximus,Dumbbell,None,0,Single Leg Standing,Double Arm,Neutral,Other,Continuous,Hip Hinge,,Sagittal Plane,Lower Body,Pull,Compound,Bodybuilding
Single Arm Dumbbell Contralateral Single Leg Romanian Deadlift,Video Demonstration,Video Explanation,Intermediate,Hamstrings,Biceps Femoris,Gluteus Maximus,Dumbbell,None,0,Single Leg Standing,Single Arm,Neutral,Other,Continuous,Hip Hinge,,Sagittal Plane,Lower Body,Pull,Compound,Bodybuilding
Dumbbell Crush Grip Single Leg Romanian Deadlift,,,Intermediate,Hamstrings,Biceps Femoris,Gluteus Maximus,Dumbbell,None,0,Single Leg Standing,Double Arm,Crush Grip,Other,Continuous,Hip Hinge,,Sagittal Plane,Lower Body,Pull,Compound,Bodybuilding
Alternating Double Clubbell Pullover,,,Novice,Back,Latissimus Dorsi,Posterior Deltoids,Clubbell,None,0,Standing,Double Arm,Neutral,Behind Back,Continuous,Unsorted*,,Sagittal Plane,Upper Body,Pull,Compound,Unsorted*
Barbell Tall Kneeling Bicep Curl,Video Demonstration,,Novice,Biceps,Biceps Brachii,Brachialis,Barbell,None,0,Tall Kneeling,Double Arm,Supinated,Other,Continuous,Elbow Flexion,,Sagittal Plane,Upper Body,Pull,Isolation,Bodybuilding
Dumbbell Tall Kneeling Overhead Tricep Extension,Video Demonstration,,Beginner,Triceps,Triceps Brachii ,Anterior Deltoids,Dumbbell,None,0,Tall Kneeling,Double Arm,Flat Palm,Overhead,Continuous,Elbow Extension,,Sagittal Plane,Upper Body,Push,Isolation,Bodybuilding
Clubbell Inside Circle to Shield Cast,,,Advanced,Shoulders,Posterior Deltoids,Rectus Abdominis,Clubbell,None,0,Standing,Double Arm,Neutral,Behind Back,Continuous,Rotational,,Transverse Plane,Full Body,Pull,Compound,Ballistics
Alternating Single Arm Clubbell Inside Circle to Shield Cast,,,Advanced,Shoulders,Posterior Deltoids,Rectus Abdominis,Clubbell,None,0,Standing,Single Arm,Neutral,Behind Back,Continuous,Rotational,,Transverse Plane,Full Body,Pull,Compound,Ballistics
Alternating Single Arm Kettlebell Snatch to Overhead Squat,,,Advanced,Quadriceps,Quadriceps Femoris,Gluteus Maximus,Kettlebell,None,0,Standing,Single Arm,Pronated,Overhead,Continuous,Hip Hinge,Knee Dominant,Sagittal Plane,Full Body,Unsorted*,Compound,Ballistics
Cable Prone Bench Single Leg Hamstring Curl,Video Demonstration,,Novice,Hamstrings,Biceps Femoris,Gluteus Maximus,Cable,Bench (Flat),1,Prone,No Arms,No Grip,Other,Continuous,Knee Dominant,,Sagittal Plane,Lower Body,Pull,Isolation,Bodybuilding
Double Dumbbell Tall Kneeling Cuban Rotation,,,Novice,Shoulders,Posterior Deltoids,Infraspinatus,Dumbbell,None,0,Tall Kneeling,Double Arm,Pronated,Other,Continuous,Shoulder External Rotation,,Transverse Plane,Upper Body,Pull,Isolation,Unsorted*
Macebell Single Leg Standing Bent Knee 360,,,Advanced,Shoulders,Posterior Deltoids,Rectus Abdominis,Macebell,None,0,Single Leg Standing Bent Knee,Double Arm,Neutral,Behind Back,Continuous,Rotational,,Transverse Plane,Upper Body,Pull,Compound,Balance
Single Arm Macebell Single Leg Standing Bent Knee Ipsilateral 360,,,Advanced,Shoulders,Posterior Deltoids,Rectus Abdominis,Macebell,None,0,Single Leg Standing Bent Knee,Single Arm,Neutral,Behind Back,Continuous,Rotational,,Transverse Plane,Upper Body,Pull,Compound,Balance
Alternating Single Arm Macebell 360 to Ballistic Curl,,,Intermediate,Shoulders,Posterior Deltoids,Biceps Brachii,Macebell,None,0,Standing,Single Arm,Neutral,Behind Back,Continuous,Rotational,,Transverse Plane,Upper Body,Pull,Compound,Ballistics
Double Dumbbell Suitcase Reverse Lunge,Video Demonstration,,Novice,Quadriceps,Quadriceps Femoris,Gluteus Maximus,Dumbbell,None,0,Standing,Double Arm,Neutral,Suitcase,Continuous,Knee Dominant,,Sagittal Plane,Lower Body,Push,Compound,Bodybuilding
Barbell Front Rack Reverse Lunge,Video Demonstration,Video Explanation,Intermediate,Quadriceps,Quadriceps Femoris,Gluteus Maximus,Barbell,None,0,Standing,Double Arm,Pronated,Front Rack,Continuous,Knee Dominant,,Sagittal Plane,Lower Body,Push,Compound,Bodybuilding
Barbell Overhead Reverse Lunge,Video Demonstration,Video Explanation,Advanced,Quadriceps,Quadriceps Femoris,Gluteus Maximus,Barbell,None,0,Standing,Double Arm,Pronated,Overhead,Continuous,Knee Dominant,,Sagittal Plane,Lower Body,Push,Compound,Bodybuilding
Heavy Sandbag Bear Hug Reverse Lunge,,,Intermediate,Quadriceps,Quadriceps Femoris,Gluteus Maximus,Heavy Sandbag,None,0,Standing,Double Arm,Neutral,Bear Hug,Continuous,Knee Dominant,,Sagittal Plane,Full Body,Other,Compound,Unsorted*
Heavy Sandbag Shoulder Contralateral Reverse Lunge,,,Intermediate,Quadriceps,Quadriceps Femoris,Gluteus Maximus,Heavy Sandbag,None,0,Standing,Single Arm,Neutral,Shoulder,Continuous,Knee Dominant,,Sagittal Plane,Lower Body,Push,Compound,Unsorted*
Barbell Back Rack Reverse Lunge,Video Demonstration,Video Explanation,Intermediate,Quadriceps,Quadriceps Femoris,Gluteus Maximus,Barbell,None,0,Standing,Double Arm,Pronated,Back Rack,Continuous,Knee Dominant,,Sagittal Plane,Lower Body,Push,Compound,Bodybuilding
Double Kettlebell Suitcase Reverse Lunge,Video Demonstration,,Novice,Quadriceps,Quadriceps Femoris,Gluteus Maximus,Kettlebell,None,0,Standing,Double Arm,Neutral,Suitcase,Continuous,Knee Dominant,,Sagittal Plane,Lower Body,Push,Compound,Bodybuilding
Double Kettlebell Front Rack Reverse Lunge,Video Demonstration,Video Explanation,Novice,Quadriceps,Quadriceps Femoris,Gluteus Maximus,Kettlebell,None,0,Standing,Double Arm,Neutral,Front Rack,Continuous,Knee Dominant,,Sagittal Plane,Lower Body,Push,Compound,Bodybuilding
Double Kettlebell Bottoms Up Front Rack Reverse Lunge,Video Demonstration,,Intermediate,Quadriceps,Quadriceps Femoris,Gluteus Maximus,Kettlebell,None,0,Standing,Double Arm,Bottoms Up,Front Rack,Continuous,Knee Dominant,,Sagittal Plane,Lower Body,Push,Compound,Bodybuilding
Double Dumbbell Front Rack Reverse Lunge,Video Demonstration,Video Explanation,Novice,Quadriceps,Quadriceps Femoris,Gluteus Maximus,Dumbbell,None,0,Standing,Double Arm,Neutral,Front Rack,Continuous,Knee Dominant,,Sagittal Plane,Lower Body,Push,Compound,Bodybuilding
Double Dumbbell Overhead Reverse Lunge,Video Demonstration,,Intermediate,Quadriceps,Quadriceps Femoris,Gluteus Maximus,Dumbbell,None,0,Standing,Double Arm,Neutral,Overhead,Continuous,Knee Dominant,,Sagittal Plane,Lower Body,Push,Compound,Bodybuilding
Single Arm Dumbbell Suitcase Contralateral Reverse Lunge,Video Demonstration,,Novice,Quadriceps,Quadriceps Femoris,Gluteus Maximus,Dumbbell,None,0,Standing,Single Arm,Neutral,Suitcase,Continuous,Knee Dominant,Anti-Lateral Flexion,Sagittal Plane,Lower Body,Push,Compound,Bodybuilding
Single Arm Dumbbell Front Rack Contralateral Reverse Lunge,Video Demonstration,,Novice,Quadriceps,Quadriceps Femoris,Gluteus Maximus,Dumbbell,None,0,Standing,Single Arm,Neutral,Front Rack,Continuous,Knee Dominant,,Sagittal Plane,Lower Body,Push,Compound,Bodybuilding
Single Arm Dumbbell Overhead Contralateral Reverse Lunge,Video Demonstration,,Intermediate,Quadriceps,Quadriceps Femoris,Gluteus Maximus,Dumbbell,None,0,Standing,Single Arm,Neutral,Overhead,Continuous,Knee Dominant,,Sagittal Plane,Lower Body,Push,Compound,Bodybuilding
Double Kettlebell Overhead Reverse Lunge,Video Demonstration,,Intermediate,Quadriceps,Quadriceps Femoris,Gluteus Maximus,Kettlebell,None,0,Standing,Double Arm,Pronated,Overhead,Continuous,Knee Dominant,,Sagittal Plane,Lower Body,Push,Compound,Bodybuilding
Dumbbell Goblet Reverse Lunge,Video Demonstration,Video Explanation,Novice,Quadriceps,Quadriceps Femoris,Gluteus Maximus,Dumbbell,None,0,Standing,Double Arm,Goblet,Front Rack,Continuous,Knee Dominant,,Sagittal Plane,Lower Body,Push,Compound,Bodybuilding
Clubbell Order Reverse Lunge,,,Novice,Quadriceps,Quadriceps Femoris,Gluteus Maximus,Clubbell,None,0,Standing,Double Arm,Neutral,Order,Continuous,Knee Dominant,,Sagittal Plane,Lower Body,Push,Compound,Bodybuilding
Double Clubbell Order Reverse Lunge,,,Novice,Quadriceps,Quadriceps Femoris,Gluteus Maximus,Clubbell,None,0,Standing,Double Arm,Neutral,Order,Continuous,Knee Dominant,,Sagittal Plane,Lower Body,Push,Compound,Bodybuilding
Single Arm Clubbell Order Contralateral Reverse Lunge,,,Novice,Quadriceps,Quadriceps Femoris,Gluteus Maximus,Clubbell,None,0,Standing,Single Arm,Neutral,Order,Continuous,Knee Dominant,,Sagittal Plane,Lower Body,Push,Compound,Bodybuilding
Macebell Order Reverse Lunge,,,Novice,Quadriceps,Quadriceps Femoris,Gluteus Maximus,Macebell,None,0,Standing,Double Arm,Neutral,Order,Continuous,Knee Dominant,,Sagittal Plane,Lower Body,Push,Compound,Bodybuilding
Double Kettlebell Bottoms Up Overhead Reverse Lunge,,,Advanced,Quadriceps,Quadriceps Femoris,Gluteus Maximus,Kettlebell,None,0,Standing,Double Arm,Bottoms Up,Overhead,Continuous,Knee Dominant,,Sagittal Plane,Lower Body,Push,Compound,Bodybuilding
Single Arm Kettlebell Suitcase Contralateral Reverse Lunge,Video Demonstration,,Novice,Quadriceps,Quadriceps Femoris,Gluteus Maximus,Kettlebell,None,0,Standing,Single Arm,Neutral,Suitcase,Continuous,Knee Dominant,Anti-Lateral Flexion,Sagittal Plane,Lower Body,Push,Compound,Bodybuilding
Bodyweight Reverse Lunge,Video Demonstration,Video Explanation,Beginner,Quadriceps,Quadriceps Femoris,Gluteus Maximus,Bodyweight,None,0,Standing,No Arms,No Grip,No Load,Continuous,Knee Dominant,,Sagittal Plane,Lower Body,Push,Compound,Bodybuilding
Bulgarian Bag Back Rack Reverse Lunge,Video Demonstration,,Novice,Quadriceps,Quadriceps Femoris,Gluteus Maximus,Bulgarian Bag,None,0,Standing,Double Arm,Neutral,Back Rack,Continuous,Knee Dominant,,Sagittal Plane,Lower Body,Push,Compound,Bodybuilding
Sandbag Front Rack Reverse Lunge,Video Demonstration,Video Explanation,Novice,Quadriceps,Quadriceps Femoris,Gluteus Maximus,Sandbag,None,0,Standing,Double Arm,Neutral,Front Rack,Continuous,Knee Dominant,,Sagittal Plane,Lower Body,Push,Compound,Bodybuilding
Plate Overhead Reverse Lunge,Video Demonstration,,Intermediate,Quadriceps,Quadriceps Femoris,Gluteus Maximus,Weight Plate,None,0,Standing,Double Arm,Neutral,Overhead,Continuous,Knee Dominant,,Sagittal Plane,Lower Body,Push,Compound,Bodybuilding
Single Arm Kettlebell Front Rack Contralateral Reverse Lunge,Video Demonstration,,Novice,Quadriceps,Quadriceps Femoris,Gluteus Maximus,Kettlebell,None,0,Standing,Single Arm,Neutral,Front Rack,Continuous,Knee Dominant,,Sagittal Plane,Lower Body,Push,Compound,Bodybuilding
Single Arm Kettlebell Bottoms Up Front Rack Contralateral Reverse Lunge,Video Demonstration,Video Explanation,Intermediate,Quadriceps,Quadriceps Femoris,Gluteus Maximus,Kettlebell,None,0,Standing,Single Arm,Bottoms Up,Front Rack,Continuous,Knee Dominant,,Sagittal Plane,Lower Body,Push,Compound,Bodybuilding
Single Arm Kettlebell Overhead Contralateral Reverse Lunge,Video Demonstration,,Intermediate,Quadriceps,Quadriceps Femoris,Gluteus Maximus,Kettlebell,None,0,Standing,Single Arm,Pronated,Overhead,Continuous,Knee Dominant,,Sagittal Plane,Lower Body,Push,Compound,Bodybuilding
Single Arm Kettlebell Bottoms Up Overhead Contralateral Reverse Lunge,Video Demonstration,,Advanced,Quadriceps,Quadriceps Femoris,Gluteus Maximus,Kettlebell,None,0,Standing,Single Arm,Bottoms Up,Overhead,Continuous,Knee Dominant,,Sagittal Plane,Lower Body,Push,Compound,Bodybuilding
Kettlebell Goblet Reverse Lunge,Video Demonstration,,Novice,Quadriceps,Quadriceps Femoris,Gluteus Maximus,Kettlebell,None,0,Standing,Double Arm,Goblet,Front Rack,Continuous,Knee Dominant,,Sagittal Plane,Lower Body,Push,Compound,Bodybuilding
Kettlebell Horn Grip Reverse Lunge,Video Demonstration,Video Explanation,Novice,Quadriceps,Quadriceps Femoris,Gluteus Maximus,Kettlebell,None,0,Standing,Double Arm,Horn Grip,Front Rack,Continuous,Knee Dominant,,Sagittal Plane,Lower Body,Push,Compound,Bodybuilding
Barbell Zercher Reverse Lunge,Video Demonstration,Video Explanation,Advanced,Quadriceps,Quadriceps Femoris,Gluteus Maximus,Barbell,None,0,Standing,Double Arm,No Grip,Zercher,Continuous,Knee Dominant,,Sagittal Plane,Lower Body,Push,Compound,Bodybuilding
Single Arm Dumbbell Suitcase Ipsilateral Reverse Lunge,Video Demonstration,,Novice,Quadriceps,Quadriceps Femoris,Gluteus Maximus,Dumbbell,None,0,Standing,Single Arm,Neutral,Suitcase,Continuous,Knee Dominant,Anti-Lateral Flexion,Sagittal Plane,Lower Body,Push,Compound,Bodybuilding
Single Arm Dumbbell Front Rack Ipsilateral Reverse Lunge,Video Demonstration,,Novice,Quadriceps,Quadriceps Femoris,Gluteus Maximus,Dumbbell,None,0,Standing,Single Arm,Neutral,Front Rack,Continuous,Knee Dominant,,Sagittal Plane,Lower Body,Push,Compound,Bodybuilding
Single Arm Dumbbell Overhead Ipsilateral Reverse Lunge,Video Demonstration,,Intermediate,Quadriceps,Quadriceps Femoris,Gluteus Maximus,Dumbbell,None,0,Standing,Single Arm,Neutral,Overhead,Continuous,Knee Dominant,,Sagittal Plane,Lower Body,Push,Compound,Bodybuilding
Single Arm Clubbell Order Ipsilateral Reverse Lunge,,,Novice,Quadriceps,Quadriceps Femoris,Gluteus Maximus,Clubbell,None,0,Standing,Single Arm,Neutral,Order,Continuous,Knee Dominant,,Sagittal Plane,Lower Body,Push,Compound,Bodybuilding
Single Arm Kettlebell Suitcase Ipsilateral Reverse Lunge,Video Demonstration,,Novice,Quadriceps,Quadriceps Femoris,Gluteus Maximus,Kettlebell,None,0,Standing,Single Arm,Neutral,Suitcase,Continuous,Knee Dominant,Anti-Lateral Flexion,Sagittal Plane,Lower Body,Push,Compound,Bodybuilding
Single Arm Kettlebell Front Rack Ipsilateral Reverse Lunge,Video Demonstration,Video Explanation,Novice,Quadriceps,Quadriceps Femoris,Gluteus Maximus,Kettlebell,None,0,Standing,Single Arm,Neutral,Front Rack,Continuous,Knee Dominant,,Sagittal Plane,Lower Body,Push,Compound,Bodybuilding
Single Arm Kettlebell Bottoms Up Front Rack Ipsilateral Reverse Lunge,,Video Explanation,Intermediate,Quadriceps,Quadriceps Femoris,Gluteus Maximus,Kettlebell,None,0,Standing,Single Arm,Bottoms Up,Front Rack,Continuous,Knee Dominant,,Sagittal Plane,Lower Body,Push,Compound,Bodybuilding
Single Arm Kettlebell Overhead Ipsilateral Reverse Lunge,Video Demonstration,,Intermediate,Quadriceps,Quadriceps Femoris,Gluteus Maximus,Kettlebell,None,0,Standing,Single Arm,Pronated,Overhead,Continuous,Knee Dominant,,Sagittal Plane,Lower Body,Push,Compound,Bodybuilding
Single Arm Kettlebell Bottoms Up Overhead Ipsilateral Reverse Lunge,Video Demonstration,,Advanced,Quadriceps,Quadriceps Femoris,Gluteus Maximus,Kettlebell,None,0,Standing,Single Arm,Bottoms Up,Overhead,Continuous,Knee Dominant,,Sagittal Plane,Lower Body,Push,Compound,Bodybuilding
Heavy Sandbag Shoulder Ipsilateral Reverse Lunge,,,Intermediate,Quadriceps,Quadriceps Femoris,Gluteus Maximus,Heavy Sandbag,None,0,Standing,Single Arm,Neutral,Shoulder,Continuous,Knee Dominant,,Sagittal Plane,Lower Body,Push,Compound,Unsorted*
Single Arm Macebell Order Walking Lunge,,,Novice,Quadriceps,Quadriceps Femoris,Gluteus Maximus,Macebell,None,0,Walking,Single Arm,Neutral,Order,Alternating,Knee Dominant,,Sagittal Plane,Lower Body,Push,Compound,Bodybuilding
Single Arm Macebell Order Alternating Lateral Lunge,,,Novice,Quadriceps,Quadriceps Femoris,Gluteus Maximus,Macebell,None,0,Standing,Single Arm,Neutral,Order,Alternating,Knee Dominant,,Frontal Plane,Lower Body,Push,Compound,Bodybuilding
Single Arm Macebell Order Alternating Forward Lunge,,,Novice,Quadriceps,Quadriceps Femoris,Gluteus Maximus,Macebell,None,0,Standing,Single Arm,Neutral,Order,Alternating,Knee Dominant,,Sagittal Plane,Lower Body,Push,Compound,Bodybuilding
Single Arm Macebell Order Alternating Reverse Lunge,,,Novice,Quadriceps,Quadriceps Femoris,Gluteus Maximus,Macebell,None,0,Standing,Single Arm,Neutral,Order,Alternating,Knee Dominant,,Sagittal Plane,Lower Body,Push,Compound,Bodybuilding
Single Arm Macebell Order Alternating Curtsy Lunge,,,Novice,Quadriceps,Quadriceps Femoris,Gluteus Maximus,Macebell,None,0,Standing,Single Arm,Neutral,Order,Alternating,Knee Dominant,,Frontal Plane,Lower Body,Push,Compound,Bodybuilding
Single Arm Macebell Order Contralateral Curtsy Lunge,,,Novice,Quadriceps,Quadriceps Femoris,Gluteus Maximus,Macebell,None,0,Standing,Single Arm,Neutral,Order,Continuous,Knee Dominant,,Frontal Plane,Lower Body,Push,Compound,Bodybuilding
Single Arm Macebell Order Ipsilateral Curtsy Lunge,,,Novice,Quadriceps,Quadriceps Femoris,Gluteus Maximus,Macebell,None,0,Standing,Single Arm,Neutral,Order,Continuous,Knee Dominant,,Frontal Plane,Lower Body,Push,Compound,Bodybuilding
Single Arm Macebell Order Contralateral Forward Lunge,,,Novice,Quadriceps,Quadriceps Femoris,Gluteus Maximus,Macebell,None,0,Standing,Single Arm,Neutral,Order,Continuous,Knee Dominant,,Sagittal Plane,Lower Body,Push,Compound,Bodybuilding
Single Arm Macebell Order Ipsilateral Forward Lunge,,,Novice,Quadriceps,Quadriceps Femoris,Gluteus Maximus,Macebell,None,0,Standing,Single Arm,Neutral,Order,Continuous,Knee Dominant,,Sagittal Plane,Lower Body,Push,Compound,Bodybuilding
Single Arm Macebell Order Contralateral Reverse Lunge,,,Novice,Quadriceps,Quadriceps Femoris,Gluteus Maximus,Macebell,None,0,Standing,Single Arm,Neutral,Order,Continuous,Knee Dominant,,Sagittal Plane,Lower Body,Push,Compound,Bodybuilding
Single Arm Macebell Order Ipsilateral Reverse Lunge,,,Novice,Quadriceps,Quadriceps Femoris,Gluteus Maximus,Macebell,None,0,Standing,Single Arm,Neutral,Order,Continuous,Knee Dominant,,Sagittal Plane,Lower Body,Push,Compound,Bodybuilding
Single Arm Cable Incline Bench Preacher Curl,Video Demonstration,Video Explanation,Beginner,Biceps,Biceps Brachii,Brachialis,Cable,Bench (Incline),1,Standing,Single Arm,Supinated,Other,Continuous,Elbow Flexion,,Sagittal Plane,Upper Body,Pull,Isolation,Bodybuilding
Double Kettlebell Seesaw Bent Over Row,Video Demonstration,Video Explanation,Beginner,Back,Latissimus Dorsi,Rhomboids,Kettlebell,None,0,Standing,Double Arm,Neutral,Other,Continuous,Horizontal Pull,,Sagittal Plane,Upper Body,Pull,Compound,Bodybuilding
Double Dumbbell Seesaw Bent Over Row,Video Demonstration,Video Explanation,Beginner,Back,Latissimus Dorsi,Rhomboids,Dumbbell,None,0,Standing,Double Arm,Neutral,Other,Continuous,Horizontal Pull,,Sagittal Plane,Upper Body,Pull,Compound,Bodybuilding
Barbell Spider Curl,Video Demonstration,Video Explanation,Novice,Biceps,Biceps Brachii,Brachialis,Barbell,Bench (Incline),1,Prone,Double Arm,Supinated,Other,Continuous,Elbow Flexion,,Sagittal Plane,Upper Body,Pull,Isolation,Bodybuilding
Slider Kettlebell Horn Grip Reverse Lunge,Video Demonstration,,Novice,Quadriceps,Quadriceps Femoris,Gluteus Maximus,Sliders,Kettlebell ,1,Standing,Double Arm,Horn Grip,Front Rack,Continuous,Knee Dominant,,Sagittal Plane,Lower Body,Push,Compound,Bodybuilding
Superband Good Morning,Video Demonstration,Video Explanation,Beginner,Back,Erector Spinae ,Gluteus Maximus,Superband,None,0,Standing,Double Arm,Neutral,No Load,Continuous,Hip Hinge,,Sagittal Plane,Lower Body,Unsorted*,Compound,Bodybuilding
Trap Bar Feet Elevated Calf Raise,,,Intermediate,Calves,Gastrocnemius,Soleus,Trap Bar,None,0,Standing,Double Arm,Neutral,Suitcase,Continuous,Ankle Plantar Flexion,,Sagittal Plane,Lower Body,Push,Isolation,Bodybuilding
Superband Prone Single Leg Hamstring Curl,Video Demonstration,Video Explanation,Beginner,Hamstrings,Biceps Femoris,Gluteus Maximus,Superband,None,0,Prone,No Arms,No Grip,No Load,Continuous,Knee Dominant,,Sagittal Plane,Lower Body,Pull,Isolation,Bodybuilding
Superband Prone Bench Single Leg Hamstring Curl,,,Novice,Hamstrings,Biceps Femoris,Gluteus Maximus,Superband,Bench (Flat),1,Prone,No Arms,No Grip,Other,Continuous,Knee Dominant,,Sagittal Plane,Lower Body,Pull,Isolation,Bodybuilding
Barbell Seated Cuban Rotation,,,Intermediate,Shoulders,Posterior Deltoids,Infraspinatus,Barbell,Bench (Flat),1,Seated,Double Arm,Pronated,Other,Continuous,Shoulder External Rotation,,Transverse Plane,Upper Body,Pull,Isolation,Unsorted*
Cable Rope Pullover,Video Demonstration,Video Explanation,Novice,Back,Latissimus Dorsi,,Cable,None,0,Standing,Double Arm,Neutral,Other,Continuous,Horizontal Pull,,Sagittal Plane,Upper Body,Pull,Isolation,Bodybuilding
Kettlebell Close Grip Push Up,Video Demonstration,,Novice,Triceps,Triceps Brachii ,Pectoralis Major,Kettlebell,None,0,Prone,Double Arm,Pronated,No Load,Continuous,Horizontal Push,,Sagittal Plane,Upper Body,Push,Compound,Calisthenics
Kettlebell Kneeling Close Grip Push Up,,,Beginner,Triceps,Triceps Brachii,Pectoralis Major,Kettlebell,None,0,Kneeling,Double Arm,Pronated,No Load,Continuous,Horizontal Push,,Sagittal Plane,Upper Body,Push,Compound,Calisthenics
Kettlebell Feet Elevated Close Grip Push Up,,,Intermediate,Triceps,Triceps Brachii,Pectoralis Major,Kettlebell,Bench (Flat),1,Prone,Double Arm,Pronated,No Load,Continuous,Horizontal Push,,Sagittal Plane,Upper Body,Push,Compound,Calisthenics
Barbell Close Grip Incline Push Up,Video Demonstration,,Beginner,Triceps,Triceps Brachii,Pectoralis Major,Barbell,None,0,Prone,Double Arm,Pronated,No Load,Continuous,Horizontal Push,,Sagittal Plane,Upper Body,Push,Compound,Calisthenics
Kettlebell Goblet March,Video Demonstration,,Novice,Hip Flexors,Iliopsoas,Rectus Abdominis,Kettlebell,None,0,March,Double Arm,Goblet,Front Rack,Alternating,Locomotion,,Sagittal Plane,Core,Other,Compound,Balance
Dumbbell Goblet March,Video Demonstration,Video Explanation,Novice,Hip Flexors,Iliopsoas,Rectus Abdominis,Dumbbell,None,0,March,Double Arm,Goblet,Front Rack,Alternating,Locomotion,,Sagittal Plane,Core,Other,Compound,Balance
Dumbbell Crush Grip Overhead March,Video Demonstration,,Intermediate,Hip Flexors,Iliopsoas,Rectus Abdominis,Dumbbell,None,0,March,Double Arm,Crush Grip,Overhead,Alternating,Locomotion,,Sagittal Plane,Core,Other,Compound,Balance
Cable Pallof Press,Video Demonstration,Video Explanation,Novice,Abdominals,Obliques,Rectus Abdominis,Cable,None,0,Standing,Double Arm,Neutral,Other,Continuous,Anti-Rotational,,Transverse Plane,Core,Other,Compound,Unsorted*
Single Ring Pallof Press,Video Demonstration,Video Explanation,Intermediate,Abdominals,Obliques,Rectus Abdominis,Gymnastic Rings,None,0,Staggered Stance,Double Arm,Neutral,Other,Continuous,Anti-Rotational,,Transverse Plane,Core,Other,Compound,Unsorted*
Kettlebell Low Hold Foot Elevated Cossack Squat,,,Novice,Quadriceps,Quadriceps Femoris,Adductor Magnus,Kettlebell,None,0,Standing,Double Arm,Pronated,Low Hold,Continuous,Knee Dominant,,Frontal Plane,Lower Body,Push,Compound,Bodybuilding
Barbell Seated Overhead Tricep Extension,Video Demonstration,Video Explanation,Intermediate,Triceps,Triceps Brachii,Anterior Deltoids,Barbell,Bench (Flat),1,Seated,Double Arm,Pronated,Overhead,Continuous,Elbow Extension,,Sagittal Plane,Upper Body,Push,Isolation,Bodybuilding
Barbell Standing Overhead Tricep Extension,Video Demonstration,Video Explanation,Intermediate,Triceps,Triceps Brachii ,Anterior Deltoids,Barbell,None,0,Standing,Double Arm,Pronated,Overhead,Continuous,Elbow Extension,,Sagittal Plane,Upper Body,Push,Isolation,Bodybuilding
Barbell Tall Kneeling Overhead Tricep Extension,,,Intermediate,Triceps,Triceps Brachii ,Anterior Deltoids,Barbell,None,0,Tall Kneeling,Double Arm,Pronated,Overhead,Continuous,Elbow Extension,,Sagittal Plane,Upper Body,Push,Isolation,Bodybuilding
Miniband Thigh Kneeling Side Plank Hip Abduction,Video Demonstration,Video Explanation,Novice,Abductors,Gluteus Medius,Gluteus Minimus,Miniband,None,0,Side Plank,Single Arm,Forearm,No Load,Continuous,Hip Abduction,Anti-Lateral Flexion,Frontal Plane,Lower Body,Other,Compound,Bodybuilding
Bodyweight Crunch,Video Demonstration,Video Explanation,Beginner,Abdominals,Rectus Abdominis,Iliopsoas,Bodyweight,None,0,Supine,No Arms,Head Supported,No Load,Continuous,Spinal Flexion,,Sagittal Plane,Core,Other,Compound,Unsorted*
Bodyweight Reverse Crunch,Video Demonstration,Video Explanation,Beginner,Abdominals,Rectus Abdominis,Iliopsoas,Bodyweight,None,0,Supine,No Arms,No Grip,Other,Continuous,Spinal Flexion,,Sagittal Plane,Core,Other,Compound,Unsorted*
Bodyweight Dips,Video Demonstration,Video Explanation,Intermediate,Triceps,Triceps Brachii ,Pectoralis Major,Bodyweight,None,0,Other,Double Arm,Neutral,No Load,Continuous,Vertical Push,,Sagittal Plane,Upper Body,Push,Compound,Calisthenics
Single Arm Dumbbell Incline Bench Powell Raise,Video Demonstration,Video Explanation,Novice,Shoulders,Posterior Deltoids,Rhomboids,Dumbbell,Bench (Incline),1,Side Lying,Single Arm,Neutral,Other,Continuous,Shoulder Abduction,,Sagittal Plane,Upper Body,Pull,Compound,Unsorted*
Cable Rope Half Kneeling Rotation,Video Demonstration,,Intermediate,Abdominals,Obliques,Rectus Abdominis,Cable,None,0,Half Kneeling,Double Arm,Pronated,Other,Continuous,Rotational,,Transverse Plane,Core,Other,Compound,Unsorted*
Cable Rope Isometric Split Squat Rotation,,,Advanced,Abdominals,Obliques,Quadriceps Femoris,Cable,None,0,Isometric Split Squat,Double Arm,Pronated,Other,Continuous,Rotational,Isometric Hold,Transverse Plane,Full Body,Other,Compound,Unsorted*
Double Dumbbell Tall Kneeling Cuban Press,,,Novice,Shoulders,Posterior Deltoids,Infraspinatus,Dumbbell,None,0,Tall Kneeling,Double Arm,Pronated,Overhead,Continuous,Shoulder External Rotation,Vertical Push,Transverse Plane,Upper Body,Push & Pull,Compound,Unsorted*
Heavy Sandbag Bear Hug Good Morning,Video Demonstration,,Intermediate,Back,Erector Spinae ,Gluteus Maximus,Heavy Sandbag,None,0,Standing,Double Arm,Neutral,Bear Hug,Continuous,Hip Hinge,,Sagittal Plane,Lower Body,Unsorted*,Compound,Bodybuilding
Heavy Sandbag Clean to Overhead Press,,,Intermediate,Shoulders,Anterior Deltoids,Triceps Brachii,Heavy Sandbag,None,0,Standing,Double Arm,Neutral,Overhead,Continuous,Vertical Push,Hip Hinge,Sagittal Plane,Full Body,Push,Compound,Unsorted*
Kettlebell Horn Grip Bulgarian Split Squat,Video Demonstration,,Intermediate,Quadriceps,Quadriceps Femoris,Gluteus Maximus,Kettlebell,Bench (Flat),1,Single Leg Supported,Double Arm,Horn Grip,Front Rack,Continuous,Knee Dominant,,Sagittal Plane,Lower Body,Push,Compound,Bodybuilding
Kettlebell Horn Grip Split Squat,Video Demonstration,,Novice,Quadriceps,Quadriceps Femoris,Gluteus Maximus,Kettlebell,None,0,Split Squat,Double Arm,Horn Grip,Front Rack,Continuous,Knee Dominant,,Sagittal Plane,Lower Body,Push,Compound,Bodybuilding
Kettlebell Horn Grip Knee Over Toe Split Squat,,,Novice,Quadriceps,Quadriceps Femoris,Gluteus Maximus,Kettlebell,None,0,Knee Over Toe Split Squat,Double Arm,Horn Grip,Front Rack,Continuous,Knee Dominant,,Sagittal Plane,Lower Body,Push,Compound,Bodybuilding
Kettlebell Horn Grip Foot Elevated Knee Over Toe Split Squat,,,Novice,Quadriceps,Quadriceps Femoris,Gluteus Maximus,Kettlebell,None,0,Knee Over Toe Split Squat,Double Arm,Horn Grip,Front Rack,Continuous,Knee Dominant,,Sagittal Plane,Lower Body,Push,Compound,Bodybuilding
Kettlebell Goblet Cossack Squat,,,Novice,Quadriceps,Quadriceps Femoris,Adductor Magnus,Kettlebell,None,0,Standing,Double Arm,Goblet,Front Rack,Continuous,Knee Dominant,,Frontal Plane,Lower Body,Push,Compound,Bodybuilding
Kettlebell Horn Grip Alternating Cossack Squat,Video Demonstration,,Novice,Quadriceps,Quadriceps Femoris,Adductor Magnus,Kettlebell,None,0,Standing,Double Arm,Horn Grip,Front Rack,Alternating,Knee Dominant,,Frontal Plane,Lower Body,Push,Compound,Bodybuilding
Kettlebell Horn Grip Foot Elevated Cossack Squat,Video Demonstration,,Novice,Quadriceps,Quadriceps Femoris,Adductor Magnus,Kettlebell,None,0,Standing,Double Arm,Horn Grip,Front Rack,Continuous,Knee Dominant,,Frontal Plane,Lower Body,Push,Compound,Bodybuilding
Kettlebell Horn Grip Low Switch Cossack Squat,,Video Explanation,Intermediate,Quadriceps,Quadriceps Femoris,Adductor Magnus,Kettlebell,None,0,Standing,Double Arm,Horn Grip,Front Rack,Alternating,Knee Dominant,,Frontal Plane,Lower Body,Push,Compound,Bodybuilding
Kettlebell Horn Grip Cossack Squat,Video Demonstration,,Novice,Quadriceps,Quadriceps Femoris,Adductor Magnus,Kettlebell,None,0,Standing,Double Arm,Horn Grip,Front Rack,Continuous,Knee Dominant,,Frontal Plane,Lower Body,Push,Compound,Bodybuilding
Kettlebell Horn Grip Squat,Video Demonstration,Video Explanation,Beginner,Quadriceps,Quadriceps Femoris,Gluteus Maximus,Kettlebell,None,0,Standing,Double Arm,Horn Grip,Front Rack,Continuous,Knee Dominant,,Sagittal Plane,Lower Body,Push,Compound,Unsorted*
Single Arm Kettlebell Overhead Contralateral Bulgarian Split Squat,Video Demonstration,,Advanced,Quadriceps,Quadriceps Femoris,Gluteus Maximus,Kettlebell,Bench (Flat),1,Single Leg Supported,Single Arm,Neutral,Overhead,Continuous,Knee Dominant,,Sagittal Plane,Lower Body,Push,Compound,Bodybuilding
Single Arm Kettlebell Overhead Ipsilateral Bulgarian Split Squat,Video Demonstration,,Advanced,Quadriceps,Quadriceps Femoris,Gluteus Maximus,Kettlebell,Bench (Flat),1,Single Leg Supported,Single Arm,Neutral,Overhead,Continuous,Knee Dominant,,Sagittal Plane,Lower Body,Push,Compound,Bodybuilding
Double Dumbbell Low Hold Lateral Lunge,Video Demonstration,Video Explanation,Novice,Quadriceps,Quadriceps Femoris,Gluteus Maximus,Dumbbell,None,0,Standing,Double Arm,Neutral,Suitcase,Continuous,Knee Dominant,,Frontal Plane,Lower Body,Push,Compound,Bodybuilding
Barbell Front Rack Lateral Lunge,Video Demonstration,,Intermediate,Quadriceps,Quadriceps Femoris,Gluteus Maximus,Barbell,None,0,Standing,Double Arm,Pronated,Front Rack,Continuous,Knee Dominant,,Frontal Plane,Lower Body,Push,Compound,Bodybuilding
Barbell Overhead Lateral Lunge,,,Advanced,Quadriceps,Quadriceps Femoris,Gluteus Maximus,Barbell,None,0,Standing,Double Arm,Pronated,Overhead,Continuous,Knee Dominant,,Frontal Plane,Lower Body,Push,Compound,Bodybuilding
Heavy Sandbag Bear Hug Lateral Lunge,,,Intermediate,Quadriceps,Quadriceps Femoris,Gluteus Maximus,Heavy Sandbag,None,0,Standing,Double Arm,Neutral,Bear Hug,Continuous,Knee Dominant,,Frontal Plane,Full Body,Other,Compound,Unsorted*
Heavy Sandbag Shoulder Contralateral Lateral Lunge,,,Intermediate,Quadriceps,Quadriceps Femoris,Gluteus Maximus,Heavy Sandbag,None,0,Standing,Single Arm,Neutral,Shoulder,Continuous,Knee Dominant,,Frontal Plane,Lower Body,Push,Compound,Unsorted*
Barbell Back Rack Lateral Lunge,Video Demonstration,Video Explanation,Intermediate,Quadriceps,Quadriceps Femoris,Gluteus Maximus,Barbell,None,0,Standing,Double Arm,Pronated,Back Rack,Continuous,Knee Dominant,,Frontal Plane,Lower Body,Push,Compound,Bodybuilding
Double Kettlebell Suitcase Lateral Lunge,,,Novice,Quadriceps,Quadriceps Femoris,Gluteus Maximus,Kettlebell,None,0,Standing,Double Arm,Neutral,Suitcase,Continuous,Knee Dominant,,Frontal Plane,Lower Body,Push,Compound,Bodybuilding
Double Kettlebell Front Rack Lateral Lunge,Video Demonstration,Video Explanation,Novice,Quadriceps,Quadriceps Femoris,Gluteus Maximus,Kettlebell,None,0,Standing,Double Arm,Neutral,Front Rack,Continuous,Knee Dominant,,Frontal Plane,Lower Body,Push,Compound,Bodybuilding
Double Kettlebell Bottoms Up Front Rack Lateral Lunge,,,Intermediate,Quadriceps,Quadriceps Femoris,Gluteus Maximus,Kettlebell,None,0,Standing,Double Arm,Bottoms Up,Front Rack,Continuous,Knee Dominant,,Frontal Plane,Lower Body,Push,Compound,Bodybuilding
Double Dumbbell Front Rack Lateral Lunge,Video Demonstration,,Novice,Quadriceps,Quadriceps Femoris,Gluteus Maximus,Dumbbell,None,0,Standing,Double Arm,Neutral,Front Rack,Continuous,Knee Dominant,,Frontal Plane,Lower Body,Push,Compound,Bodybuilding
Double Dumbbell Overhead Lateral Lunge,,,Intermediate,Quadriceps,Quadriceps Femoris,Gluteus Maximus,Dumbbell,None,0,Standing,Double Arm,Neutral,Overhead,Continuous,Knee Dominant,,Frontal Plane,Lower Body,Push,Compound,Bodybuilding
Single Arm Dumbbell Suitcase Contralateral Lateral Lunge,Video Demonstration,,Novice,Quadriceps,Quadriceps Femoris,Gluteus Maximus,Dumbbell,None,0,Standing,Single Arm,Neutral,Suitcase,Continuous,Knee Dominant,Anti-Lateral Flexion,Frontal Plane,Lower Body,Push,Compound,Bodybuilding
Single Arm Dumbbell Front Rack Contralateral Lateral Lunge,Video Demonstration,,Novice,Quadriceps,Quadriceps Femoris,Gluteus Maximus,Dumbbell,None,0,Standing,Single Arm,Neutral,Front Rack,Continuous,Knee Dominant,,Frontal Plane,Lower Body,Push,Compound,Bodybuilding
Single Arm Dumbbell Overhead Contralateral Lateral Lunge,Video Demonstration,,Intermediate,Quadriceps,Quadriceps Femoris,Gluteus Maximus,Dumbbell,None,0,Standing,Single Arm,Neutral,Overhead,Continuous,Knee Dominant,,Frontal Plane,Lower Body,Push,Compound,Bodybuilding
Double Kettlebell Overhead Lateral Lunge,,,Intermediate,Quadriceps,Quadriceps Femoris,Gluteus Maximus,Kettlebell,None,0,Standing,Double Arm,Pronated,Overhead,Continuous,Knee Dominant,,Frontal Plane,Lower Body,Push,Compound,Bodybuilding
Dumbbell Goblet Lateral Lunge,Video Demonstration,Video Explanation,Novice,Quadriceps,Quadriceps Femoris,Gluteus Maximus,Dumbbell,None,0,Standing,Double Arm,Goblet,Front Rack,Continuous,Knee Dominant,,Frontal Plane,Lower Body,Push,Compound,Bodybuilding
Clubbell Order Lateral Lunge,,,Novice,Quadriceps,Quadriceps Femoris,Gluteus Maximus,Clubbell,None,0,Standing,Double Arm,Neutral,Order,Continuous,Knee Dominant,,Frontal Plane,Lower Body,Push,Compound,Bodybuilding
Double Clubbell Order Lateral Lunge,,,Novice,Quadriceps,Quadriceps Femoris,Gluteus Maximus,Clubbell,None,0,Standing,Double Arm,Neutral,Order,Continuous,Knee Dominant,,Frontal Plane,Lower Body,Push,Compound,Bodybuilding
Single Arm Clubbell Order Contralateral Lateral Lunge,,,Novice,Quadriceps,Quadriceps Femoris,Gluteus Maximus,Clubbell,None,0,Standing,Single Arm,Neutral,Order,Continuous,Knee Dominant,,Frontal Plane,Lower Body,Push,Compound,Bodybuilding
Macebell Order Lateral Lunge,,,Novice,Quadriceps,Quadriceps Femoris,Gluteus Maximus,Macebell,None,0,Standing,Double Arm,Neutral,Order,Continuous,Knee Dominant,,Frontal Plane,Lower Body,Push,Compound,Bodybuilding
Double Kettlebell Bottoms Up Overhead Lateral Lunge,,,Advanced,Quadriceps,Quadriceps Femoris,Gluteus Maximus,Kettlebell,None,0,Standing,Double Arm,Bottoms Up,Overhead,Continuous,Knee Dominant,,Frontal Plane,Lower Body,Push,Compound,Bodybuilding
Single Arm Kettlebell Suitcase Contralateral Lateral Lunge,Video Demonstration,,Novice,Quadriceps,Quadriceps Femoris,Gluteus Maximus,Kettlebell,None,0,Standing,Single Arm,Neutral,Suitcase,Continuous,Knee Dominant,Anti-Lateral Flexion,Frontal Plane,Lower Body,Push,Compound,Bodybuilding
Bodyweight Lateral Lunge,Video Demonstration,Video Explanation,Beginner,Quadriceps,Quadriceps Femoris,Gluteus Maximus,Bodyweight,None,0,Standing,No Arms,No Grip,No Load,Continuous,Knee Dominant,,Frontal Plane,Lower Body,Push,Compound,Bodybuilding
Bulgarian Bag Back Rack Lateral Lunge,,,Novice,Quadriceps,Quadriceps Femoris,Gluteus Maximus,Bulgarian Bag,None,0,Standing,Double Arm,Neutral,Back Rack,Continuous,Knee Dominant,,Frontal Plane,Lower Body,Push,Compound,Bodybuilding
Sandbag Front Rack Lateral Lunge,Video Demonstration,,Novice,Quadriceps,Quadriceps Femoris,Gluteus Maximus,Sandbag,None,0,Standing,Double Arm,Neutral,Front Rack,Continuous,Knee Dominant,,Frontal Plane,Lower Body,Push,Compound,Bodybuilding
Plate Overhead Lateral Lunge,Video Demonstration,,Intermediate,Quadriceps,Quadriceps Femoris,Gluteus Maximus,Weight Plate,None,0,Standing,Double Arm,Neutral,Overhead,Continuous,Knee Dominant,,Frontal Plane,Lower Body,Push,Compound,Bodybuilding
Single Arm Kettlebell Front Rack Contralateral Lateral Lunge,Video Demonstration,,Novice,Quadriceps,Quadriceps Femoris,Gluteus Maximus,Kettlebell,None,0,Standing,Single Arm,Neutral,Front Rack,Continuous,Knee Dominant,,Frontal Plane,Lower Body,Push,Compound,Bodybuilding
Single Arm Kettlebell Bottoms Up Front Rack Contralateral Lateral Lunge,Video Demonstration,,Intermediate,Quadriceps,Quadriceps Femoris,Gluteus Maximus,Kettlebell,None,0,Standing,Single Arm,Bottoms Up,Front Rack,Continuous,Knee Dominant,,Frontal Plane,Lower Body,Push,Compound,Bodybuilding
Single Arm Kettlebell Overhead Contralateral Lateral Lunge,,,Intermediate,Quadriceps,Quadriceps Femoris,Gluteus Maximus,Kettlebell,None,0,Standing,Single Arm,Pronated,Overhead,Continuous,Knee Dominant,,Frontal Plane,Lower Body,Push,Compound,Bodybuilding
Single Arm Kettlebell Bottoms Up Overhead Contralateral Lateral Lunge,,,Advanced,Quadriceps,Quadriceps Femoris,Gluteus Maximus,Kettlebell,None,0,Standing,Single Arm,Bottoms Up,Overhead,Continuous,Knee Dominant,,Frontal Plane,Lower Body,Push,Compound,Bodybuilding
Kettlebell Goblet Lateral Lunge,Video Demonstration,Video Explanation,Novice,Quadriceps,Quadriceps Femoris,Gluteus Maximus,Kettlebell,None,0,Standing,Double Arm,Goblet,Front Rack,Continuous,Knee Dominant,,Frontal Plane,Lower Body,Push,Compound,Bodybuilding
Kettlebell Horn Grip Lateral Lunge,Video Demonstration,Video Explanation,Novice,Quadriceps,Quadriceps Femoris,Gluteus Maximus,Kettlebell,None,0,Standing,Double Arm,Horn Grip,Front Rack,Continuous,Knee Dominant,,Frontal Plane,Lower Body,Push,Compound,Bodybuilding
Barbell Zercher Lateral Lunge,Video Demonstration,,Advanced,Quadriceps,Quadriceps Femoris,Gluteus Maximus,Barbell,None,0,Standing,Double Arm,No Grip,Zercher,Continuous,Knee Dominant,,Frontal Plane,Lower Body,Push,Compound,Bodybuilding
Single Arm Dumbbell Front Rack Ipsilateral Lateral Lunge,Video Demonstration,,Novice,Quadriceps,Quadriceps Femoris,Gluteus Maximus,Dumbbell,None,0,Standing,Single Arm,Neutral,Front Rack,Continuous,Knee Dominant,,Frontal Plane,Lower Body,Push,Compound,Bodybuilding
Single Arm Dumbbell Overhead Ipsilateral Lateral Lunge,,,Intermediate,Quadriceps,Quadriceps Femoris,Gluteus Maximus,Dumbbell,None,0,Standing,Single Arm,Neutral,Overhead,Continuous,Knee Dominant,,Frontal Plane,Lower Body,Push,Compound,Bodybuilding
Single Arm Clubbell Order Ipsilateral Lateral Lunge,,,Novice,Quadriceps,Quadriceps Femoris,Gluteus Maximus,Clubbell,None,0,Standing,Single Arm,Neutral,Order,Continuous,Knee Dominant,,Frontal Plane,Lower Body,Push,Compound,Bodybuilding
Single Arm Kettlebell Front Rack Ipsilateral Lateral Lunge,,,Novice,Quadriceps,Quadriceps Femoris,Gluteus Maximus,Kettlebell,None,0,Standing,Single Arm,Neutral,Front Rack,Continuous,Knee Dominant,,Frontal Plane,Lower Body,Push,Compound,Bodybuilding
Single Arm Kettlebell Bottoms Up Front Rack Ipsilateral Lateral Lunge,,,Intermediate,Quadriceps,Quadriceps Femoris,Gluteus Maximus,Kettlebell,None,0,Standing,Single Arm,Bottoms Up,Front Rack,Continuous,Knee Dominant,,Frontal Plane,Lower Body,Push,Compound,Bodybuilding
Single Arm Kettlebell Overhead Ipsilateral Lateral Lunge,,,Intermediate,Quadriceps,Quadriceps Femoris,Gluteus Maximus,Kettlebell,None,0,Standing,Single Arm,Pronated,Overhead,Continuous,Knee Dominant,,Frontal Plane,Lower Body,Push,Compound,Bodybuilding
Single Arm Kettlebell Bottoms Up Overhead Ipsilateral Lateral Lunge,,,Advanced,Quadriceps,Quadriceps Femoris,Gluteus Maximus,Kettlebell,None,0,Standing,Single Arm,Bottoms Up,Overhead,Continuous,Knee Dominant,,Frontal Plane,Lower Body,Push,Compound,Bodybuilding
Heavy Sandbag Shoulder Ipsilateral Lateral Lunge,,,Intermediate,Quadriceps,Quadriceps Femoris,Gluteus Maximus,Heavy Sandbag,None,0,Standing,Single Arm,Neutral,Shoulder,Continuous,Knee Dominant,,Frontal Plane,Lower Body,Push,Compound,Unsorted*
Single Arm Macebell Order Contralateral Lateral Lunge,,,Novice,Quadriceps,Quadriceps Femoris,Gluteus Maximus,Macebell,None,0,Standing,Single Arm,Neutral,Order,Continuous,Knee Dominant,,Frontal Plane,Lower Body,Push,Compound,Bodybuilding
Single Arm Macebell Order Ipsilateral Lateral Lunge,,,Novice,Quadriceps,Quadriceps Femoris,Gluteus Maximus,Macebell,None,0,Standing,Single Arm,Neutral,Order,Continuous,Knee Dominant,,Frontal Plane,Lower Body,Push,Compound,Bodybuilding
Alternating Single Arm Kettlebell Clean to Push Press,Video Demonstration,,Intermediate,Shoulders,Anterior Deltoids,Gluteus Maximus,Kettlebell,None,0,Standing,Single Arm,Pronated,Overhead,Continuous,Hip Hinge,Vertical Push,Sagittal Plane,Full Body,Unsorted*,Compound,Ballistics
Alternating Single Arm Kettlebell Clean to Overhead Press,Video Demonstration,,Intermediate,Shoulders,Anterior Deltoids,Gluteus Maximus,Kettlebell,None,0,Standing,Single Arm,Pronated,Overhead,Continuous,Hip Hinge,Vertical Push,Sagittal Plane,Full Body,Unsorted*,Compound,Ballistics
Alternating Single Arm Kettlebell Clean to Front Rack Squat,,,Intermediate,Quadriceps,Quadriceps Femoris,Gluteus Maximus,Kettlebell,None,0,Standing,Single Arm,Neutral,Front Rack,Continuous,Hip Hinge,Knee Dominant,Sagittal Plane,Full Body,Unsorted*,Compound,Ballistics
Single Arm Landmine Half Kneeling Ipsilateral Shoulder Press,Video Demonstration,,Intermediate,Shoulders,Anterior Deltoids,,Landmine,None,0,Half Kneeling,Single Arm,Neutral,Overhead,Continuous,Vertical Push,,Sagittal Plane,Upper Body,Push,Compound,Unsorted*
Stability Ball Copenhagen Plank,Video Demonstration,Video Explanation,Intermediate,Adductors,Adductor Magnus,,Stability Ball,None,0,Side Plank,Single Arm,Forearm,No Load,Continuous,Hip Adduction,,Frontal Plane,Lower Body,Other,Compound,Unsorted*
Double Kettlebell Gorilla Clean,Video Demonstration,Video Explanation,Advanced,Glutes,Gluteus Maximus,,Kettlebell,None,0,Standing,Double Arm,Neutral,Front Rack,Continuous,Hip Hinge,,Sagittal Plane,Full Body,Unsorted*,Compound,Ballistics
Stability Ball Side Plank,Video Demonstration,Video Explanation,Intermediate,Abdominals,Obliques,Rectus Abdominis,Stability Ball,None,0,Side Plank,Single Arm,Forearm,No Load,Continuous,Anti-Lateral Flexion,,Frontal Plane,Core,Other,Compound,Unsorted*
Stability Ball Mountain Climber,Video Demonstration,Video Explanation,Intermediate,Abdominals,Rectus Abdominis,Iliopsoas,Stability Ball,None,0,Prone,Double Arm,Neutral,No Load,Alternating,Anti-Extension,Spinal Flexion,Sagittal Plane,Core,Other,Compound,Unsorted*
Kettlebell Horn Grip Seated Bicep Curl,Video Demonstration,,Novice,Biceps,Biceps Brachii,Brachialis,Kettlebell,Bench (Flat),1,Seated,Double Arm,Horn Grip,Other,Continuous,Elbow Flexion,,Sagittal Plane,Upper Body,Pull,Isolation,Bodybuilding
Alternating Single Arm Kettlebell Clean to Bent Press,,,Intermediate,Shoulders,Anterior Deltoids,Gluteus Maximus,Kettlebell,None,0,Standing,Single Arm,Neutral,Overhead,Continuous,Hip Hinge,Rotational,Transverse Plane,Full Body,Unsorted*,Compound,Unsorted*
Single Arm Kettlebell Clean to Bent Press,,,Intermediate,Shoulders,Anterior Deltoids,Gluteus Maximus,Kettlebell,None,0,Standing,Single Arm,Neutral,Overhead,Continuous,Hip Hinge,Rotational,Transverse Plane,Full Body,Unsorted*,Compound,Unsorted*
Single Arm Kettlebell Copenhagen Plank,Video Demonstration,,Intermediate,Adductors,Adductor Magnus,,Kettlebell,Bench (Flat),1,Side Plank,Single Arm,Neutral,Other,Continuous,Hip Adduction,,Frontal Plane,Lower Body,Other,Compound,Unsorted*
Suspension Copenhagen Plank,Video Demonstration,,Intermediate,Adductors,Adductor Magnus,,Suspension Trainer,None,0,Side Plank,Single Arm,Forearm,No Load,Continuous,Hip Adduction,,Frontal Plane,Lower Body,Other,Compound,Unsorted*
Single Arm Kettlebell Bent Knee Copenhagen Plank,,,Intermediate,Adductors,Adductor Magnus,,Kettlebell,Bench (Flat),1,Side Plank,Single Arm,Neutral,Other,Continuous,Hip Adduction,,Frontal Plane,Lower Body,Other,Compound,Unsorted*
Single Arm Kettlebell Bottoms Up Bent Knee Copenhagen Plank,Video Demonstration,,Intermediate,Adductors,Adductor Magnus,,Kettlebell,Bench (Flat),1,Side Plank,Single Arm,Bottoms Up,Other,Continuous,Hip Adduction,,Frontal Plane,Lower Body,Other,Compound,Unsorted*
Suspension Kneeling Rollout,Video Demonstration,Video Explanation,Intermediate,Abdominals,Rectus Abdominis,Latissimus Dorsi,Suspension Trainer,None,0,Kneeling,Double Arm,Pronated,No Load,Continuous,Anti-Extension,,Sagittal Plane,Core,Other,Compound,Unsorted*
Kettlebell Horn Grip Tall Kneeling Bicep Curl,Video Demonstration,,Novice,Biceps,Biceps Brachii,Brachialis,Kettlebell,None,0,Tall Kneeling,Double Arm,Horn Grip,Other,Continuous,Elbow Flexion,,Sagittal Plane,Upper Body,Pull,Isolation,Bodybuilding
Kettlebell Horn Grip Half Kneeling Bicep Curl,Video Demonstration,,Novice,Biceps,Biceps Brachii,Brachialis,Kettlebell,None,0,Half Kneeling,Double Arm,Horn Grip,Other,Continuous,Elbow Flexion,,Sagittal Plane,Upper Body,Pull,Isolation,Bodybuilding
Double Kettlebell Bicep Curl,Video Demonstration,,Beginner,Biceps,Biceps Brachii,Brachialis,Kettlebell,None,0,Standing,Double Arm,Supinated,Other,Continuous,Elbow Flexion,,Sagittal Plane,Upper Body,Pull,Isolation,Bodybuilding
Double Kettlebell Seated Bicep Curl,Video Demonstration,,Beginner,Biceps,Biceps Brachii,Brachialis,Kettlebell,Bench (Flat),1,Seated,Double Arm,Supinated,Other,Continuous,Elbow Flexion,,Sagittal Plane,Upper Body,Pull,Isolation,Bodybuilding
Alternating Double Kettlebell Bicep Curl,,Video Explanation,Beginner,Biceps,Biceps Brachii,Brachialis,Kettlebell,None,0,Standing,Double Arm,Supinated,Other,Continuous,Elbow Flexion,,Sagittal Plane,Upper Body,Pull,Isolation,Bodybuilding
Alternating Double Kettlebell Seated Bicep Curl,,,Beginner,Biceps,Biceps Brachii,Brachialis,Kettlebell,Bench (Flat),1,Seated,Double Arm,Supinated,Other,Continuous,Elbow Flexion,,Sagittal Plane,Upper Body,Pull,Isolation,Bodybuilding
Single Arm Kettlebell Bicep Curl,Video Demonstration,,Beginner,Biceps,Biceps Brachii,Brachialis,Kettlebell,None,0,Standing,Single Arm,Supinated,Other,Continuous,Elbow Flexion,,Sagittal Plane,Upper Body,Pull,Isolation,Bodybuilding
Single Arm Kettlebell Seated Bicep Curl,,,Beginner,Biceps,Biceps Brachii,Brachialis,Kettlebell,Bench (Flat),1,Seated,Single Arm,Supinated,Other,Continuous,Elbow Flexion,,Sagittal Plane,Upper Body,Pull,Isolation,Bodybuilding
Single Arm Dumbbell Incline Bench Bicep Curl,,,Beginner,Biceps,Biceps Brachii,Brachialis,Dumbbell,Bench (Incline),1,Seated,Single Arm,Supinated,Other,Continuous,Elbow Flexion,,Sagittal Plane,Upper Body,Pull,Isolation,Bodybuilding
Alternating Double Kettlebell Incline Bench Bicep Curl,,,Beginner,Biceps,Biceps Brachii,Brachialis,Kettlebell,Bench (Incline),1,Seated,Double Arm,Supinated,Other,Continuous,Elbow Flexion,,Sagittal Plane,Upper Body,Pull,Isolation,Bodybuilding
Double Kettlebell Incline Bench Bicep Curl,Video Demonstration,,Beginner,Biceps,Biceps Brachii,Brachialis,Kettlebell,Bench (Incline),1,Seated,Double Arm,Supinated,Other,Continuous,Elbow Flexion,,Sagittal Plane,Upper Body,Pull,Isolation,Bodybuilding
Single Arm Kettlebell Incline Bench Bicep Curl,,Video Explanation,Beginner,Biceps,Biceps Brachii,Brachialis,Kettlebell,Bench (Incline),1,Seated,Single Arm,Supinated,Other,Continuous,Elbow Flexion,,Sagittal Plane,Upper Body,Pull,Isolation,Bodybuilding
Alternating Double Kettlebell Tall Kneeling Bicep Curl,Video Demonstration,,Beginner,Biceps,Biceps Brachii,Brachialis,Kettlebell,None,0,Tall Kneeling,Double Arm,Supinated,Other,Continuous,Elbow Flexion,,Sagittal Plane,Upper Body,Pull,Isolation,Bodybuilding
Double Kettlebell Tall Kneeling Bicep Curl,Video Demonstration,,Beginner,Biceps,Biceps Brachii,Brachialis,Kettlebell,None,0,Tall Kneeling,Double Arm,Supinated,Other,Continuous,Elbow Flexion,,Sagittal Plane,Upper Body,Pull,Isolation,Bodybuilding
Single Arm Kettlebell Tall Kneeling Bicep Curl,Video Demonstration,,Beginner,Biceps,Biceps Brachii,Brachialis,Kettlebell,None,0,Tall Kneeling,Single Arm,Supinated,Other,Continuous,Elbow Flexion,,Sagittal Plane,Upper Body,Pull,Isolation,Bodybuilding
Single Arm Dumbbell Half Kneeling Concentration Curl,Video Demonstration,,Beginner,Biceps,Biceps Brachii,Brachialis,Dumbbell,None,0,Half Kneeling,Single Arm,Supinated,Other,Continuous,Elbow Flexion,,Sagittal Plane,Upper Body,Pull,Isolation,Bodybuilding
Sled Push,Video Demonstration,Video Explanation,Intermediate,Quadriceps,Quadriceps Femoris,Gluteus Maximus,Sled,None,0,Walking,Double Arm,Neutral,Other,Alternating,Knee Dominant,,Sagittal Plane,Lower Body,Push,Compound,Unsorted*
Sled Rope Pull,Video Demonstration,,Intermediate,Back,Latissimus Dorsi,Biceps Brachii,Sled,Battle Ropes,1,Standing,Double Arm,Neutral,Other,Continuous,Horizontal Pull,,Sagittal Plane,Upper Body,Pull,Compound,Unsorted*
Sled Rope Seated Pull,Video Demonstration,,Intermediate,Back,Latissimus Dorsi,Biceps Brachii,Sled,Battle Ropes,1,Seated,Double Arm,Neutral,Other,Continuous,Horizontal Pull,,Sagittal Plane,Upper Body,Pull,Compound,Unsorted*
Sled Forward Drag,Video Demonstration,Video Explanation,Intermediate,Quadriceps,Quadriceps Femoris,Gluteus Maximus,Sled,Suspension Trainer,1,Walking,Double Arm,Neutral,Other,Alternating,Knee Dominant,,Sagittal Plane,Lower Body,Pull,Compound,Unsorted*
Single Arm Kettlebell Front Rack March,Video Demonstration,Video Explanation,Novice,Hip Flexors,Iliopsoas,Rectus Abdominis,Kettlebell,None,0,March,Single Arm,Neutral,Front Rack,Alternating,Locomotion,,Sagittal Plane,Core,Other,Compound,Balance
Single Arm Kettlebell Tactical Clean to Push Jerk,,,Advanced,Shoulders,Anterior Deltoids,Gluteus Maximus,Kettlebell,None,0,Standing,Single Arm,Pronated,Overhead,Continuous,Hip Hinge,Vertical Push,Sagittal Plane,Full Body,Unsorted*,Compound,Ballistics
Single Arm Kettlebell Tactical Clean to Thruster,,,Advanced,Shoulders,Anterior Deltoids,Gluteus Maximus,Kettlebell,None,0,Standing,Single Arm,Neutral,Overhead,Continuous,Knee Dominant,Vertical Push,Sagittal Plane,Full Body,Unsorted*,Compound,Unsorted*
Single Arm Kettlebell Tactical Clean to Split Jerk,,,Advanced,Shoulders,Anterior Deltoids,Gluteus Maximus,Kettlebell,None,0,Staggered Stance,Single Arm,Pronated,Overhead,Alternating,Hip Hinge,Vertical Push,Sagittal Plane,Full Body,Unsorted*,Compound,Ballistics
Single Arm Kettlebell Tactical Clean to Push Press,Video Demonstration,,Advanced,Shoulders,Anterior Deltoids,Gluteus Maximus,Kettlebell,None,0,Standing,Single Arm,Pronated,Overhead,Continuous,Hip Hinge,Vertical Push,Sagittal Plane,Full Body,Unsorted*,Compound,Ballistics
Single Arm Kettlebell Tactical Clean to Overhead Press,,,Advanced,Shoulders,Anterior Deltoids,Gluteus Maximus,Kettlebell,None,0,Standing,Single Arm,Pronated,Overhead,Continuous,Hip Hinge,Vertical Push,Sagittal Plane,Full Body,Unsorted*,Compound,Ballistics
Single Arm Kettlebell Tactical Clean to Front Rack Squat,,,Advanced,Quadriceps,Quadriceps Femoris,Gluteus Maximus,Kettlebell,None,0,Standing,Single Arm,Neutral,Front Rack,Continuous,Hip Hinge,Knee Dominant,Sagittal Plane,Full Body,Unsorted*,Compound,Ballistics
Single Arm Kettlebell Tactical Clean to Bent Press,,,Advanced,Shoulders,Anterior Deltoids,Gluteus Maximus,Kettlebell,None,0,Standing,Single Arm,Neutral,Overhead,Continuous,Hip Hinge,Rotational,Transverse Plane,Full Body,Unsorted*,Compound,Unsorted*
Cable Straight Bar Incline Bench Tricep Pushdown,Video Demonstration,,Novice,Triceps,Triceps Brachii ,Anconeus,Cable,Bench (Incline),1,Seated,Double Arm,Pronated,Other,Continuous,Elbow Extension,,Sagittal Plane,Upper Body,Push,Isolation,Bodybuilding
Barbell Tall Kneeling Reverse Grip Bicep Curl,,,Novice,Forearms,Brachioradialis,Biceps Brachii,Barbell,None,0,Tall Kneeling,Double Arm,Pronated,Other,Continuous,Elbow Flexion,,Sagittal Plane,Upper Body,Pull,Isolation,Bodybuilding
Cable Straight Bar Tall Kneeling Tricep Pushdown,,,Beginner,Triceps,Triceps Brachii ,Anconeus,Cable,None,0,Tall Kneeling,Double Arm,Pronated,Other,Continuous,Elbow Extension,,Sagittal Plane,Upper Body,Push,Isolation,Bodybuilding
Single Arm Cable Bayesian Curl,Video Demonstration,,Novice,Biceps,Biceps Brachii,Brachialis,Cable,None,0,Staggered Stance,Single Arm,Supinated,Other,Continuous,Elbow Flexion,,Sagittal Plane,Upper Body,Pull,Isolation,Bodybuilding
Cable Rope Incline Bench Tricep Pushdown,Video Demonstration,,Novice,Triceps,Triceps Brachii ,Anconeus,Cable,Bench (Incline),1,Seated,Double Arm,Neutral,Other,Continuous,Elbow Extension,,Sagittal Plane,Upper Body,Push,Isolation,Bodybuilding
Double Kettlebell Start Stop Half Snatch,,,Intermediate,Glutes,Gluteus Maximus,Biceps Femoris,Kettlebell,None,0,Standing,Double Arm,Pronated,Overhead,Continuous,Hip Hinge,,Sagittal Plane,Full Body,Unsorted*,Compound,Ballistics
Alternating Single Arm Kettlebell Start Stop Half Snatch,,,Intermediate,Glutes,Gluteus Maximus,Biceps Femoris,Kettlebell,None,0,Standing,Single Arm,Pronated,Overhead,Continuous,Hip Hinge,,Sagittal Plane,Full Body,Unsorted*,Compound,Ballistics
Single Arm Kettlebell Start Stop Half Snatch,,,Intermediate,Glutes,Gluteus Maximus,Biceps Femoris,Kettlebell,None,0,Standing,Single Arm,Pronated,Overhead,Continuous,Hip Hinge,,Sagittal Plane,Full Body,Unsorted*,Compound,Ballistics
Double Kettlebell Kneeling Push Up,Video Demonstration,Video Explanation,Beginner,Chest,Pectoralis Major,Triceps Brachii,Kettlebell,None,0,Kneeling,Double Arm,Neutral,No Load,Continuous,Horizontal Push,,Sagittal Plane,Upper Body,Push,Compound,Calisthenics
Bodyweight Oblique Crunch,,Video Explanation,Beginner,Abdominals,Obliques,Rectus Abdominis,Bodyweight,None,0,Supine,No Arms,Head Supported,No Load,Continuous,Rotational,Spinal Flexion,Transverse Plane,Core,Other,Compound,Unsorted*
Double Kettlebell Start Stop Clean to Overhead Press,,,Intermediate,Shoulders,Anterior Deltoids,Triceps Brachii,Kettlebell,None,0,Standing,Double Arm,Pronated,Overhead,Continuous,Hip Hinge,Vertical Push,Sagittal Plane,Full Body,Unsorted*,Compound,Ballistics
Double Kettlebell Start Stop Clean to Front Rack Alternating Reverse Lunge,,,Intermediate,Quadriceps,Quadriceps Femoris,Gluteus Maximus,Kettlebell,None,0,Standing,Double Arm,Neutral,Front Rack,Alternating,Hip Hinge,Knee Dominant,Sagittal Plane,Full Body,Unsorted*,Compound,Ballistics
Double Kettlebell Start Stop Clean to Thruster,,,Intermediate,Shoulders,Anterior Deltoids,Gluteus Maximus,Kettlebell,None,0,Standing,Double Arm,Pronated,Overhead,Continuous,Hip Hinge,Vertical Push,Sagittal Plane,Full Body,Unsorted*,Compound,Unsorted*
Double Kettlebell Start Stop Clean to Push Jerk,,,Intermediate,Shoulders,Anterior Deltoids,Triceps Brachii,Kettlebell,None,0,Standing,Double Arm,Pronated,Overhead,Continuous,Hip Hinge,Vertical Push,Sagittal Plane,Full Body,Unsorted*,Compound,Ballistics
Double Kettlebell Start Stop Clean to Split Jerk,,,Intermediate,Shoulders,Anterior Deltoids,Gluteus Maximus,Kettlebell,None,0,Staggered Stance,Double Arm,Pronated,Overhead,Continuous,Hip Hinge,Vertical Push,Sagittal Plane,Full Body,Unsorted*,Compound,Ballistics
Double Kettlebell Start Stop Clean to Front Rack Squat,,,Intermediate,Quadriceps,Quadriceps Femoris,Gluteus Maximus,Kettlebell,None,0,Standing,Double Arm,Neutral,Front Rack,Continuous,Hip Hinge,Knee Dominant,Sagittal Plane,Full Body,Unsorted*,Compound,Ballistics
Double Kettlebell Start Stop Clean to Push Press,,,Intermediate,Shoulders,Anterior Deltoids,Triceps Brachii,Kettlebell,None,0,Standing,Double Arm,Pronated,Overhead,Continuous,Hip Hinge,Vertical Push,Sagittal Plane,Full Body,Unsorted*,Compound,Ballistics
Double Kettlebell Start Stop Clean to Front Rack Alternating Forward Lunge,,,Intermediate,Quadriceps,Quadriceps Femoris,Gluteus Maximus,Kettlebell,None,0,Standing,Double Arm,Neutral,Front Rack,Alternating,Hip Hinge,Knee Dominant,Sagittal Plane,Full Body,Unsorted*,Compound,Ballistics
Single Arm Kettlebell Start Stop Clean to Overhead Press,,,Intermediate,Shoulders,Anterior Deltoids,Gluteus Maximus,Kettlebell,None,0,Standing,Single Arm,Pronated,Overhead,Continuous,Hip Hinge,Vertical Push,Sagittal Plane,Full Body,Unsorted*,Compound,Ballistics
Single Arm Kettlebell Start Stop Clean to Front Rack Contralateral Reverse Lunge,,,Intermediate,Quadriceps,Quadriceps Femoris,Gluteus Maximus,Kettlebell,None,0,Standing,Single Arm,Neutral,Front Rack,Continuous,Hip Hinge,Knee Dominant,Sagittal Plane,Full Body,Unsorted*,Compound,Ballistics
Single Arm Kettlebell Start Stop Clean to Split Jerk,,,Intermediate,Shoulders,Anterior Deltoids,Gluteus Maximus,Kettlebell,None,0,Staggered Stance,Single Arm,Pronated,Overhead,Continuous,Hip Hinge,Vertical Push,Sagittal Plane,Full Body,Unsorted*,Compound,Ballistics
Single Arm Kettlebell Start Stop Clean to Thruster,,,Intermediate,Shoulders,Anterior Deltoids,Gluteus Maximus,Kettlebell,None,0,Standing,Single Arm,Neutral,Overhead,Continuous,Hip Hinge,Vertical Push,Sagittal Plane,Full Body,Unsorted*,Compound,Unsorted*
Single Arm Kettlebell Start Stop Clean to Push Press,,,Intermediate,Shoulders,Anterior Deltoids,Gluteus Maximus,Kettlebell,None,0,Standing,Single Arm,Pronated,Overhead,Continuous,Hip Hinge,Vertical Push,Sagittal Plane,Full Body,Unsorted*,Compound,Ballistics
Single Arm Kettlebell Start Stop Clean to Push Jerk,,,Intermediate,Shoulders,Anterior Deltoids,Gluteus Maximus,Kettlebell,None,0,Standing,Single Arm,Pronated,Overhead,Continuous,Hip Hinge,Vertical Push,Sagittal Plane,Full Body,Unsorted*,Compound,Ballistics
Single Arm Kettlebell Start Stop Clean to Front Rack Contralateral Forward Lunge,,,Intermediate,Quadriceps,Quadriceps Femoris,Gluteus Maximus,Kettlebell,None,0,Standing,Single Arm,Neutral,Front Rack,Continuous,Hip Hinge,Knee Dominant,Sagittal Plane,Full Body,Unsorted*,Compound,Ballistics
Single Arm Kettlebell Start Stop Clean to Front Rack Squat,,,Intermediate,Quadriceps,Quadriceps Femoris,Gluteus Maximus,Kettlebell,None,0,Standing,Single Arm,Neutral,Front Rack,Continuous,Hip Hinge,Knee Dominant,Sagittal Plane,Full Body,Unsorted*,Compound,Ballistics
Single Arm Kettlebell Start Stop Clean to Front Rack Ipsilateral Reverse Lunge,,,Intermediate,Quadriceps,Quadriceps Femoris,Gluteus Maximus,Kettlebell,None,0,Standing,Single Arm,Neutral,Front Rack,Continuous,Hip Hinge,Knee Dominant,Sagittal Plane,Full Body,Unsorted*,Compound,Ballistics
Single Arm Kettlebell Start Stop Clean to Front Rack Ipsilateral Forward Lunge,,,Intermediate,Quadriceps,Quadriceps Femoris,Gluteus Maximus,Kettlebell,None,0,Standing,Single Arm,Neutral,Front Rack,Continuous,Hip Hinge,Knee Dominant,Sagittal Plane,Full Body,Unsorted*,Compound,Ballistics
Alternating Single Arm Kettlebell Start Stop Clean to Push Jerk,,,Intermediate,Shoulders,Anterior Deltoids,Gluteus Maximus,Kettlebell,None,0,Standing,Single Arm,Pronated,Overhead,Continuous,Hip Hinge,Vertical Push,Sagittal Plane,Full Body,Unsorted*,Compound,Ballistics
Alternating Single Arm Kettlebell Start Stop Clean to Thruster,,,Intermediate,Shoulders,Anterior Deltoids,Gluteus Maximus,Kettlebell,None,0,Standing,Single Arm,Neutral,Overhead,Continuous,Hip Hinge,Vertical Push,Sagittal Plane,Full Body,Unsorted*,Compound,Unsorted*
Alternating Single Arm Kettlebell Start Stop Clean to Split Jerk,,,Intermediate,Shoulders,Anterior Deltoids,Gluteus Maximus,Kettlebell,None,0,Staggered Stance,Single Arm,Pronated,Overhead,Alternating,Hip Hinge,Vertical Push,Sagittal Plane,Full Body,Unsorted*,Compound,Ballistics
Alternating Single Arm Kettlebell Start Stop Clean to Push Press,,,Intermediate,Shoulders,Anterior Deltoids,Gluteus Maximus,Kettlebell,None,0,Standing,Single Arm,Pronated,Overhead,Continuous,Hip Hinge,Vertical Push,Sagittal Plane,Full Body,Unsorted*,Compound,Ballistics
Alternating Single Arm Kettlebell Start Stop Clean to Overhead Press,,,Intermediate,Shoulders,Anterior Deltoids,Gluteus Maximus,Kettlebell,None,0,Standing,Single Arm,Pronated,Overhead,Continuous,Hip Hinge,Vertical Push,Sagittal Plane,Full Body,Unsorted*,Compound,Ballistics
Alternating Single Arm Kettlebell Start Stop Clean to Front Rack Squat,,,Intermediate,Quadriceps,Quadriceps Femoris,Gluteus Maximus,Kettlebell,None,0,Standing,Single Arm,Neutral,Front Rack,Continuous,Hip Hinge,Knee Dominant,Sagittal Plane,Full Body,Unsorted*,Compound,Ballistics
Single Arm Barbell Suitcase Deadlift,Video Demonstration,Video Explanation,Novice,Back,Latissimus Dorsi,Obliques,Barbell,None,0,Standing,Single Arm,Neutral,Suitcase,Continuous,Hip Hinge,Anti-Lateral Flexion,Sagittal Plane,Full Body,Pull,Compound,Bodybuilding
Double Dumbbell Suitcase Deadlift,Video Demonstration,Video Explanation,Beginner,Back,Latissimus Dorsi,Gluteus Maximus,Dumbbell,None,0,Standing,Double Arm,Neutral,Other,Continuous,Hip Hinge,,Sagittal Plane,Full Body,Pull,Compound,Bodybuilding
Single Arm Dumbbell Bent Knee Copenhagen Plank,,,Intermediate,Adductors,Adductor Magnus,,Dumbbell,Bench (Flat),1,Side Plank,Single Arm,Neutral,Other,Continuous,Hip Adduction,,Frontal Plane,Lower Body,Other,Compound,Unsorted*
Single Arm Dumbbell Copenhagen Plank,,,Intermediate,Adductors,Adductor Magnus,,Dumbbell,Bench (Flat),1,Side Plank,Single Arm,Neutral,Other,Continuous,Hip Adduction,,Frontal Plane,Lower Body,Other,Compound,Unsorted*
Double Dumbbell Tall Kneeling Lateral Raise,Video Demonstration,Video Explanation,Beginner,Shoulders,Lateral Deltoids,Anterior Deltoids,Dumbbell,None,0,Tall Kneeling,Double Arm,Neutral,Other,Continuous,Shoulder Abduction,,Frontal Plane,Upper Body,Push,Isolation,Bodybuilding
Sled Reverse Drag,Video Demonstration,,Intermediate,Quadriceps,Vastus Mediais,Gluteus Maximus,Sled,Suspension Trainer,1,Walking,Double Arm,Neutral,Other,Alternating,Knee Dominant,,Sagittal Plane,Lower Body,Pull,Compound,Unsorted*
Kettlebell Seated Overhead Tricep Extension,Video Demonstration,,Beginner,Triceps,Triceps Brachii ,Anterior Deltoids,Kettlebell,Bench (Flat),1,Seated,Double Arm,Horn Grip,Overhead,Continuous,Elbow Extension,,Sagittal Plane,Upper Body,Push,Isolation,Bodybuilding
Kettlebell Overhead Tricep Extension,Video Demonstration,Video Explanation,Beginner,Triceps,Triceps Brachii ,Anterior Deltoids,Kettlebell,None,0,Standing,Double Arm,Horn Grip,Overhead,Continuous,Elbow Extension,,Sagittal Plane,Upper Body,Push,Isolation,Bodybuilding
Kettlebell Tall Kneeling Overhead Tricep Extension,Video Demonstration,,Beginner,Triceps,Triceps Brachii ,Anterior Deltoids,Kettlebell,None,0,Tall Kneeling,Double Arm,Horn Grip,Overhead,Continuous,Elbow Extension,,Sagittal Plane,Upper Body,Push,Isolation,Bodybuilding
Dumbbell Crush Grip Tall Kneeling Bicep Curl,Video Demonstration,Video Explanation,Beginner,Biceps,Biceps Brachii,Brachialis,Dumbbell,None,0,Tall Kneeling,Double Arm,Crush Grip,Other,Continuous,Elbow Flexion,,Sagittal Plane,Upper Body,Pull,Isolation,Bodybuilding
Slider Bulgarian Bag Back Rack Reverse Lunge,,,Novice,Quadriceps,Quadriceps Femoris,Gluteus Maximus,Sliders,Bulgarian Bag,1,Standing,Double Arm,Neutral,Back Rack,Continuous,Knee Dominant,,Sagittal Plane,Lower Body,Push,Compound,Bodybuilding
Double Kettlebell Incline Bench Chest Fly,Video Demonstration,,Beginner,Chest,Pectoralis Major,Anterior Deltoids,Kettlebell,Bench (Incline),1,Seated,Double Arm,Neutral,Above Chest,Continuous,Horizontal Adduction,,Transverse Plane,Upper Body,Push,Isolation,Bodybuilding
Double Kettlebell Chest Fly,Video Demonstration,Video Explanation,Beginner,Chest,Pectoralis Major,Anterior Deltoids,Kettlebell,Bench (Flat),1,Supine,Double Arm,Neutral,Above Chest,Continuous,Horizontal Adduction,,Transverse Plane,Upper Body,Push,Isolation,Bodybuilding
Double Kettlebell Decline Bench Chest Fly,Video Demonstration,,Beginner,Chest,Pectoralis Major,Anterior Deltoids,Kettlebell,Bench (Decline),1,Supine,Double Arm,Neutral,Above Chest,Continuous,Horizontal Adduction,,Transverse Plane,Upper Body,Push,Isolation,Bodybuilding
Single Arm Bar Chin Up,Video Demonstration,Video Explanation,Master,Biceps,Biceps Brachii,Latissimus Dorsi,Pull Up Bar,None,0,Hanging,Single Arm,Supinated,No Load,Continuous,Vertical Pull,,Sagittal Plane,Upper Body,Pull,Compound,Calisthenics
Double Dumbbell Seated Cuban Press,Video Demonstration,Video Explanation,Novice,Shoulders,Posterior Deltoids,Infraspinatus,Dumbbell,None,0,Seated,Double Arm,Pronated,Overhead,Continuous,Shoulder External Rotation,Vertical Push,Transverse Plane,Upper Body,Push & Pull,Compound,Unsorted*
Double Kettlebell Dive Bomber Push Up,,,Intermediate,Chest,Pectoralis Major,Triceps Brachii,Kettlebell,None,0,Prone,Double Arm,Neutral,No Load,Continuous,Horizontal Push,,Sagittal Plane,Upper Body,Push,Compound,Calisthenics
Double Kettlebell Feet Elevated Pike Push Up,Video Demonstration,,Intermediate,Shoulders,Anterior Deltoids,Triceps Brachii,Kettlebell,Bench (Flat),1,Inverted,Double Arm,Neutral,No Load,Continuous,Vertical Push,,Sagittal Plane,Upper Body,Push,Compound,Calisthenics
Double Kettlebell Pseudo Planche Push Up,,Video Explanation,Advanced,Chest,Pectoralis Major,Anterior Deltoids,Kettlebell,None,0,Prone,Double Arm,Neutral,No Load,Continuous,Horizontal Push,,Sagittal Plane,Upper Body,Push,Compound,Calisthenics
Sled Low Row,Video Demonstration,Video Explanation,Intermediate,Back,Latissimus Dorsi,Biceps Brachii,Sled,Suspension Trainer,1,Standing,Double Arm,Neutral,Other,Continuous,Horizontal Pull,,Sagittal Plane,Upper Body,Pull,Compound,Unsorted*
Superband Assisted Bar Chin Up,Video Demonstration,Video Explanation,Novice,Biceps,Biceps Brachii,Latissimus Dorsi,Superband,Pull Up Bar,1,Hanging,Double Arm,Supinated,No Load,Continuous,Vertical Pull,,Sagittal Plane,Upper Body,Pull,Compound,Calisthenics
Bar Commando Pull Up,Video Demonstration,Video Explanation,Advanced,Back,Latissimus Dorsi,Biceps Brachii,Pull Up Bar,None,0,Hanging,Double Arm,Mixed Grip,No Load,Continuous,Vertical Pull,,Frontal Plane,Upper Body,Pull,Compound,Calisthenics
Single Arm Barbell Half Kneeling Bent Press,,,Advanced,Shoulders,Anterior Deltoids,Triceps Brachii,Barbell,None,0,Half Kneeling,Single Arm,Neutral,Overhead,Continuous,Rotational,Vertical Push,Transverse Plane,Upper Body,Push,Compound,Grinds
Superband Assisted Bar Commando Pull Up,Video Demonstration,,Intermediate,Back,Latissimus Dorsi,Biceps Brachii,Superband,Pull Up Bar,1,Hanging,Double Arm,Mixed Grip,No Load,Continuous,Vertical Pull,,Frontal Plane,Upper Body,Pull,Compound,Calisthenics
Bodyweight Toe Balance Squat,,,Novice,Quadriceps,Quadriceps Femoris,Gluteus Maximus,Bodyweight,None,0,Toe Balance,No Arms,No Grip,No Load,Continuous,Knee Dominant,,Sagittal Plane,Lower Body,Push,Compound,Balance
Climbing Rope L Sit Pull Up,Video Demonstration,,Advanced,Back,Latissimus Dorsi,Biceps Brachii,Climbing Rope,None,0,Hanging,Double Arm,Mixed Grip,No Load,Continuous,Vertical Pull,Isometric Hold,Sagittal Plane,Upper Body,Pull,Compound,Calisthenics
Climbing Rope Seated L Sit Pull Up,Video Demonstration,Video Explanation,Advanced,Back,Latissimus Dorsi,Biceps Brachii,Climbing Rope,None,0,Hanging,Double Arm,Mixed Grip,No Load,Continuous,Vertical Pull,Isometric Hold,Sagittal Plane,Upper Body,Pull,Compound,Calisthenics
Climbing Rope Hanging L Sit,Video Demonstration,,Intermediate,Abdominals,Rectus Abdominis,,Climbing Rope,None,0,Hanging,Double Arm,Mixed Grip,No Load,Continuous,Isometric Hold,,Sagittal Plane,Core,Other,Compound,Calisthenics
Climbing Rope Hanging L Sit Flutter Kicks ,Video Demonstration,Video Explanation,Intermediate,Hip Flexors,Iliopsoas,Rectus Abdominis,Climbing Rope,None,0,Hanging,Double Arm,Mixed Grip,No Load,Alternating,Hip Flexion,Isometric Hold,Sagittal Plane,Core,Other,Compound,Calisthenics
Climbing Rope L Sit Climb,Video Demonstration,,Master,Back,Latissimus Dorsi,Biceps Brachii,Climbing Rope,None,0,Hanging,Double Arm,Mixed Grip,No Load,Continuous,Vertical Pull,Isometric Hold,Sagittal Plane,Upper Body,Pull,Compound,Calisthenics
Climbing Rope Legless Climb,Video Demonstration,Video Explanation,Expert,Back,Latissimus Dorsi,Biceps Brachii,Climbing Rope,None,0,Hanging,Double Arm,Mixed Grip,No Load,Continuous,Vertical Pull,,Sagittal Plane,Upper Body,Pull,Compound,Calisthenics
Climbing Rope J Hook Climb,Video Demonstration,Video Explanation,Advanced,Back,Latissimus Dorsi,Biceps Brachii,Climbing Rope,None,0,Hanging,Double Arm,Mixed Grip,No Load,Continuous,Vertical Pull,,Sagittal Plane,Upper Body,Pull,Compound,Calisthenics
Climbing Rope S Wrap Climb,Video Demonstration,Video Explanation,Advanced,Back,Latissimus Dorsi,Biceps Brachii,Climbing Rope,None,0,Hanging,Double Arm,Mixed Grip,No Load,Continuous,Vertical Pull,,Sagittal Plane,Upper Body,Pull,Compound,Calisthenics
Kettlebell Single Leg Standing Bent Knee Alternating Halo,Video Demonstration,,Advanced,Shoulders,Posterior Deltoids,Medial Deltoids,Kettlebell,None,0,Single Leg Standing Bent Knee,Double Arm,Bottoms Up Horn Grip,Other,Continuous,Rotational,,Transverse Plane,Full Body,Pull,Compound,Balance
Single Arm Kettlebell Single Leg Standing Bent Knee Ipsilateral Overhead Press,,,Intermediate,Shoulders,Anterior Deltoids,Triceps Brachii,Kettlebell,None,0,Single Leg Standing Bent Knee,Single Arm,Pronated,Overhead,Continuous,Vertical Push,,Sagittal Plane,Upper Body,Push,Compound,Balance
Barbell Zercher March,Video Demonstration,Video Explanation,Intermediate,Hip Flexors,Iliopsoas,Rectus Abdominis,Barbell,None,0,March,Double Arm,No Grip,Zercher,Alternating,Locomotion,,Sagittal Plane,Core,Other,Compound,Balance
Bodyweight March,Video Demonstration,,Beginner,Hip Flexors,Iliopsoas,Rectus Abdominis,Bodyweight,None,0,March,No Arms,No Grip,No Load,Alternating,Locomotion,,Sagittal Plane,Core,Other,Compound,Balance
Single Arm Kettlebell Rotational Snatch,,,Advanced,Shoulders,Anterior Deltoids,Obliques,Kettlebell,None,0,Standing,Single Arm,Pronated,Overhead,Continuous,Rotational,,Transverse Plane,Full Body,Unsorted*,Compound,Ballistics
Suspension Pallof Press,Video Demonstration,Video Explanation,Intermediate,Abdominals,Obliques,Rectus Abdominis,Suspension Trainer,None,0,Staggered Stance,Double Arm,Neutral,Other,Continuous,Anti-Rotational,,Transverse Plane,Core,Other,Compound,Unsorted*
Climbing Rope Dead Hang,Video Demonstration,Video Explanation,Beginner,Forearms,Brachioradialis,Latissimus Dorsi,Climbing Rope,None,0,Hanging,Double Arm,Mixed Grip,No Load,Continuous,Isometric Hold,,Sagittal Plane,Upper Body,Other,Compound,Calisthenics
Single Arm Suspension Kneeling Rollout,Video Demonstration,,Advanced,Abdominals,Rectus Abdominis,Latissimus Dorsi,Suspension Trainer,None,0,Kneeling,Single Arm,Pronated,No Load,Continuous,Anti-Extension,,Sagittal Plane,Core,Other,Compound,Unsorted*
Stability Ball Reverse Crunch,Video Demonstration,Video Explanation,Beginner,Abdominals,Rectus Abdominis,Iliopsoas,Stability Ball,None,0,Supine,No Arms,No Grip,Other,Continuous,Spinal Flexion,,Sagittal Plane,Core,Other,Compound,Unsorted*
Slam Ball Overhead Slam,Video Demonstration,Video Explanation,Novice,Abdominals,Rectus Abdominis,Latissimus Dorsi,Slam Ball,None,0,Standing,Double Arm,Neutral,Overhead,Continuous,Spinal Flexion,,Sagittal Plane,Full Body,Other,Compound,Ballistics
Slam Ball Tall Kneeling Overhead Slam,Video Demonstration,Video Explanation,Novice,Abdominals,Rectus Abdominis,Latissimus Dorsi,Slam Ball,None,0,Tall Kneeling,Double Arm,Neutral,Overhead,Continuous,Spinal Flexion,,Sagittal Plane,Full Body,Other,Compound,Ballistics
Slam Ball Alternating Rotational Overhead Slam,,Video Explanation,Intermediate,Abdominals,Obliques,Rectus Abdominis,Slam Ball,None,0,Standing,Double Arm,Neutral,Overhead,Continuous,Rotational,Spinal Flexion,Transverse Plane,Full Body,Other,Compound,Ballistics
Slam Ball Squat Jump Overhead Slam ,Video Demonstration,,Intermediate,Abdominals,Rectus Abdominis,Latissimus Dorsi,Slam Ball,None,0,Standing,Double Arm,Neutral,Overhead,Continuous,Spinal Flexion,,Sagittal Plane,Full Body,Other,Compound,Plyometric
Slam Ball Tall Kneeling Alternating Rotational Overhead Slam,Video Demonstration,,Intermediate,Abdominals,Obliques,Rectus Abdominis,Slam Ball,None,0,Tall Kneeling,Double Arm,Neutral,Overhead,Continuous,Rotational,Spinal Flexion,Transverse Plane,Full Body,Other,Compound,Ballistics
Bodyweight Shrimp Squat,Video Demonstration,Video Explanation,Advanced,Quadriceps,Quadriceps Femoris,Gluteus Maximus,Bodyweight,None,0,Single Leg Standing,Single Arm,Neutral,No Load,Continuous,Knee Dominant,,Sagittal Plane,Lower Body,Push,Compound,Calisthenics
Bodyweight Hand Assisted Shrimp Squat,Video Demonstration,Video Explanation,Intermediate,Quadriceps,Quadriceps Femoris,Gluteus Maximus,Bodyweight,None,0,Single Leg Standing,Double Arm,Hand Assisted,No Load,Continuous,Knee Dominant,,Sagittal Plane,Lower Body,Push,Compound,Calisthenics
Double Cable Bayesian Curl,Video Demonstration,Video Explanation,Novice,Biceps,Biceps Brachii,Brachialis,Cable,None,0,Staggered Stance,Double Arm,Supinated,Other,Continuous,Elbow Flexion,,Sagittal Plane,Upper Body,Pull,Isolation,Bodybuilding
Barbell Reverse Grip Incline Bench Press,Video Demonstration,Video Explanation,Intermediate,Chest,Pectoralis Major,,Barbell,Bench (Incline),1,Supine,Double Arm,Supinated,Above Chest,Continuous,Horizontal Push,,Sagittal Plane,Upper Body,Push,Compound,Bodybuilding
Barbell Reverse Grip Decline Bench Press,,Video Explanation,Intermediate,Chest,Pectoralis Major,,Barbell,Bench (Decline),1,Supine,Double Arm,Supinated,Above Chest,Continuous,Horizontal Push,,Sagittal Plane,Upper Body,Push,Compound,Bodybuilding
Bar Windshield Wiper,Video Demonstration,Video Explanation,Advanced,Abdominals,Obliques,Rectus Abdominis,Pull Up Bar,None,0,Hanging,Double Arm,Pronated,No Load,Continuous,Rotational,,Transverse Plane,Core,Other,Compound,Calisthenics
Ring Windshield Wiper,Video Demonstration,,Advanced,Abdominals,Obliques,Rectus Abdominis,Gymnastic Rings,None,0,Hanging,Double Arm,Pronated,No Load,Continuous,Rotational,,Transverse Plane,Core,Other,Compound,Calisthenics
Bodyweight Windshield Wiper,Video Demonstration,Video Explanation,Novice,Abdominals,Obliques,Rectus Abdominis,Bodyweight,None,0,Supine,No Arms,No Grip,No Load,Continuous,Rotational,,Transverse Plane,Core,Other,Compound,Calisthenics
Bodyweight Bent Knee Windshield Wiper,Video Demonstration,Video Explanation,Beginner,Abdominals,Obliques,Rectus Abdominis,Bodyweight,None,0,Supine,No Arms,No Grip,No Load,Continuous,Rotational,,Transverse Plane,Core,Other,Compound,Calisthenics
Barbell Windshield Wiper,Video Demonstration,,Intermediate,Abdominals,Obliques,Rectus Abdominis,Barbell,None,0,Supine,Double Arm,Pronated,Above Chest,Continuous,Rotational,,Transverse Plane,Core,Other,Compound,Calisthenics
Bar Bent Knee Windshield Wiper,Video Demonstration,Video Explanation,Intermediate,Abdominals,Obliques,Rectus Abdominis,Pull Up Bar,None,0,Hanging,Double Arm,Pronated,No Load,Continuous,Rotational,,Transverse Plane,Core,Other,Compound,Calisthenics
Ring Bent Knee Windshield Wiper,,,Intermediate,Abdominals,Obliques,Rectus Abdominis,Gymnastic Rings,None,0,Hanging,Double Arm,Pronated,No Load,Continuous,Rotational,,Transverse Plane,Core,Other,Compound,Calisthenics
Sled Lateral Drag,Video Demonstration,Video Explanation,Intermediate,Abductors,Gluteus Medius,Adductor Magnus,Sled,Suspension Trainer,1,Walking,Single Arm,Pronated,Other,Alternating,Lateral Locomotion,Hip Abduction,Frontal Plane,Lower Body,Push,Compound,Unsorted*
Slider Chest Fly,Video Demonstration,Video Explanation,Intermediate,Chest,Pectoralis Major,Anterior Deltoids,Sliders,None,0,Prone,Double Arm,Flat Palm,No Load,Continuous,Horizontal Adduction,,Transverse Plane,Upper Body,Push,Isolation,Unsorted*
Slider Kneeling Chest Fly,Video Demonstration,Video Explanation,Novice,Chest,Pectoralis Major,Anterior Deltoids,Sliders,None,0,Kneeling,Double Arm,Flat Palm,No Load,Continuous,Horizontal Adduction,,Transverse Plane,Upper Body,Push,Isolation,Unsorted*
Barbell Squat Clean to Squat Jerk,Video Demonstration,,Expert,Quadriceps,Quadriceps Femoris,Gluteus Maximus,Barbell,None,0,Standing,Double Arm,Pronated,Overhead,Continuous,Knee Dominant,Hip Hinge,Sagittal Plane,Full Body,Push & Pull,Compound,Olympic Weightlifting 
Barbell Power Clean to Squat Jerk,Video Demonstration,,Expert,Quadriceps,Quadriceps Femoris,Gluteus Maximus,Barbell,None,0,Standing,Double Arm,Pronated,Overhead,Continuous,Knee Dominant,Hip Hinge,Sagittal Plane,Full Body,Push & Pull,Compound,Olympic Weightlifting 
Barbell Hang Squat Clean to Squat Jerk,,,Advanced,Quadriceps,Quadriceps Femoris,Gluteus Maximus,Barbell,None,0,Standing,Double Arm,Pronated,Overhead,Continuous,Knee Dominant,Hip Hinge,Sagittal Plane,Full Body,Push & Pull,Compound,Olympic Weightlifting 
Barbell Hang Power Clean to Squat Jerk,,,Advanced,Quadriceps,Quadriceps Femoris,Gluteus Maximus,Barbell,None,0,Standing,Double Arm,Pronated,Overhead,Continuous,Knee Dominant,Hip Hinge,Sagittal Plane,Full Body,Push & Pull,Compound,Olympic Weightlifting 
EZ Bar Close Grip Strict Bicep Curl,Video Demonstration,Video Explanation,Novice,Biceps,Biceps Brachii,Brachialis,EZ Bar,None,0,Standing,Double Arm,Supinated,Other,Continuous,Elbow Flexion,,Sagittal Plane,Upper Body,Pull,Isolation,Bodybuilding
Plate Overhead March,Video Demonstration,Video Explanation,Intermediate,Hip Flexors,Iliopsoas,Rectus Abdominis,Weight Plate,None,0,March,Double Arm,Neutral,Overhead,Alternating,Locomotion,,Sagittal Plane,Core,Other,Compound,Balance
Slider Body Saw,Video Demonstration,Video Explanation,Novice,Abdominals,Rectus Abdominis,,Sliders,None,0,Prone,Double Arm,Forearm,No Load,Continuous,Anti-Extension,,Sagittal Plane,Core,Other,Compound,Unsorted*
Slider Parallette Mountain Climber,Video Demonstration,,Novice,Abdominals,Rectus Abdominis,Iliopsoas,Sliders,Parallette Bars,2,Prone,Double Arm,Neutral,No Load,Alternating,Anti-Extension,Spinal Flexion,Sagittal Plane,Core,Other,Compound,Unsorted*
Plate Frog Pump,,,Beginner,Glutes,Gluteus Maximus,Biceps Femoris,Weight Plate,None,0,Bridge,Double Arm,Neutral,Hip Crease,Continuous,Hip Extension,,Sagittal Plane,Lower Body,Unsorted*,Compound,Unsorted*
Dumbbell Feet Elevated Frog Pump,Video Demonstration,,Novice,Glutes,Gluteus Maximus,Biceps Femoris,Dumbbell,Bench (Flat),1,Bridge,Double Arm,Neutral,Hip Crease,Continuous,Hip Extension,,Sagittal Plane,Lower Body,Unsorted*,Compound,Unsorted*
Plate Feet Elevated Frog Pump,,,Novice,Glutes,Gluteus Maximus,Biceps Femoris,Weight Plate,Bench (Flat),1,Bridge,Double Arm,Neutral,Hip Crease,Continuous,Hip Extension,,Sagittal Plane,Lower Body,Unsorted*,Compound,Unsorted*
Kettlebell Frog Pump,Video Demonstration,,Beginner,Glutes,Gluteus Maximus,Biceps Femoris,Kettlebell,None,0,Bridge,Double Arm,Horn Grip,Hip Crease,Continuous,Hip Extension,,Sagittal Plane,Lower Body,Unsorted*,Compound,Unsorted*
Kettlebell Feet Elevated Frog Pump,,,Novice,Glutes,Gluteus Maximus,Biceps Femoris,Kettlebell,Bench (Flat),1,Bridge,Double Arm,Horn Grip,Hip Crease,Continuous,Hip Extension,,Sagittal Plane,Lower Body,Unsorted*,Compound,Unsorted*
Suspension Body Saw,Video Demonstration,Video Explanation,Novice,Abdominals,Rectus Abdominis,,Suspension Trainer,None,0,Prone,Double Arm,Forearm,No Load,Continuous,Anti-Extension,,Sagittal Plane,Core,Other,Compound,Unsorted*
Bodyweight Single Leg Box Jump,Video Demonstration,Video Explanation,Advanced,Quadriceps,Quadriceps Femoris,Gluteus Maximus,Bodyweight,Plyo Box,1,Single Leg Standing,No Arms,No Grip,No Load,Continuous,Knee Dominant,,Sagittal Plane,Lower Body,Push,Compound,Plyometric
Miniband March,Video Demonstration,Video Explanation,Beginner,Hip Flexors,Iliopsoas,Rectus Abdominis,Miniband,None,0,March,No Arms,No Grip,No Load,Alternating,Locomotion,,Sagittal Plane,Core,Other,Compound,Balance
Sandbag Front Rack March,Video Demonstration,,Novice,Hip Flexors,Iliopsoas,Rectus Abdominis,Sandbag,None,0,March,Double Arm,Neutral,Front Rack,Alternating,Locomotion,,Sagittal Plane,Core,Other,Compound,Balance
Sandbag Shoulder March,Video Demonstration,,Novice,Hip Flexors,Iliopsoas,Rectus Abdominis,Sandbag,None,0,March,Double Arm,Neutral,Shoulder,Alternating,Locomotion,,Sagittal Plane,Core,Other,Compound,Balance
Sandbag Overhead March,Video Demonstration,Video Explanation,Intermediate,Hip Flexors,Iliopsoas,Rectus Abdominis,Sandbag,None,0,March,Double Arm,Neutral,Overhead,Alternating,Locomotion,,Sagittal Plane,Core,Other,Compound,Balance
Sandbag Back Rack March,Video Demonstration,,Novice,Hip Flexors,Iliopsoas,Rectus Abdominis,Sandbag,None,0,March,Double Arm,Neutral,Back Rack,Alternating,Locomotion,,Sagittal Plane,Core,Other,Compound,Balance
Dumbbell Crush Grip Front Rack March,,,Novice,Hip Flexors,Iliopsoas,Rectus Abdominis,Dumbbell,None,0,March,Double Arm,Crush Grip,Front Rack,Alternating,Locomotion,,Sagittal Plane,Core,Other,Compound,Balance
Bulgarian Bag Back Rack March,,,Novice,Hip Flexors,Iliopsoas,Rectus Abdominis,Bulgarian Bag,None,0,March,Double Arm,Neutral,Back Rack,Alternating,Locomotion,,Sagittal Plane,Core,Other,Compound,Balance
Bulgarian Bag Thruster,Video Demonstration,,Novice,Quadriceps,Quadriceps Femoris,Anterior Deltoids,Bulgarian Bag,None,0,Standing,Double Arm,Supinated,Overhead,Continuous,Knee Dominant,Vertical Push,Sagittal Plane,Full Body,Push,Compound,Unsorted*
Sandbag Thruster,Video Demonstration,,Novice,Quadriceps,Quadriceps Femoris,Anterior Deltoids,Sandbag,None,0,Standing,Double Arm,Pronated,Overhead,Continuous,Knee Dominant,Vertical Push,Sagittal Plane,Full Body,Push,Compound,Unsorted*
Sandbag Overhead Press,Video Demonstration,,Novice,Shoulders,Anterior Deltoids,Triceps Brachii,Sandbag,None,0,Standing,Double Arm,Pronated,Overhead,Continuous,Vertical Push,,Sagittal Plane,Upper Body,Push,Compound,Unsorted*
Sandbag Half Kneeling Overhead Press,Video Demonstration,,Novice,Shoulders,Anterior Deltoids,Triceps Brachii,Sandbag,None,0,Half Kneeling,Double Arm,Pronated,Overhead,Continuous,Vertical Push,,Sagittal Plane,Upper Body,Push,Compound,Unsorted*
Sandbag Tall Kneeling Overhead Press,,,Novice,Shoulders,Anterior Deltoids,Triceps Brachii,Sandbag,None,0,Tall Kneeling,Double Arm,Pronated,Overhead,Continuous,Vertical Push,,Sagittal Plane,Upper Body,Push,Compound,Unsorted*
Landmine Goblet March,Video Demonstration,,Novice,Hip Flexors,Iliopsoas,Rectus Abdominis,Landmine,None,0,March,Double Arm,Goblet,Front Rack,Alternating,Locomotion,,Sagittal Plane,Core,Other,Compound,Balance
Landmine Overhead March,Video Demonstration,Video Explanation,Intermediate,Hip Flexors,Iliopsoas,Rectus Abdominis,Landmine,None,0,March,Double Arm,Neutral,Overhead,Alternating,Locomotion,,Sagittal Plane,Core,Other,Compound,Balance
Single Arm Landmine Suitcase March,Video Demonstration,,Novice,Hip Flexors,Iliopsoas,Rectus Abdominis,Landmine,None,0,March,Single Arm,Neutral,Suitcase,Alternating,Locomotion,Anti-Lateral Flexion,Sagittal Plane,Core,Other,Compound,Balance
Bulgarian Bag Overhead March,,,Intermediate,Hip Flexors,Iliopsoas,Rectus Abdominis,Bulgarian Bag,None,0,March,Double Arm,Neutral,Overhead,Alternating,Locomotion,,Sagittal Plane,Core,Other,Compound,Balance
Superband Tall Kneeling Pull Through,,,Beginner,Glutes,Gluteus Maximus,,Superband,None,0,Tall Kneeling,Double Arm,Pronated,Other,Continuous,Hip Hinge,,Sagittal Plane,Lower Body,Unsorted*,Compound,Bodybuilding
Barbell Skull Crusher,,Video Explanation,Novice,Triceps,Triceps Brachii ,Anconeus,Barbell,Bench (Flat),1,Supine,Double Arm,Pronated,Other,Continuous,Elbow Extension,,Sagittal Plane,Upper Body,Push,Compound,Bodybuilding
Barbell Incline Bench Skull Crusher,,Video Explanation,Novice,Triceps,Triceps Brachii ,Anconeus,Barbell,Bench (Incline),1,Seated,Double Arm,Pronated,Other,Continuous,Elbow Extension,,Sagittal Plane,Upper Body,Push,Compound,Bodybuilding
Barbell Decline Bench Skull Crusher,,,Novice,Triceps,Triceps Brachii ,Anconeus,Barbell,Bench (Decline),1,Supine,Double Arm,Pronated,Other,Continuous,Elbow Extension,,Sagittal Plane,Upper Body,Push,Compound,Bodybuilding
EZ Bar Floor Skull Crusher,Video Demonstration,,Novice,Triceps,Triceps Brachii ,Anconeus,EZ Bar,None,0,Supine,Double Arm,Pronated,Other,Continuous,Elbow Extension,,Sagittal Plane,Upper Body,Push,Compound,Bodybuilding
Barbell Floor Skull Crusher,Video Demonstration,,Novice,Triceps,Triceps Brachii ,Anconeus,Barbell,None,0,Supine,Double Arm,Pronated,Other,Continuous,Elbow Extension,,Sagittal Plane,Upper Body,Push,Compound,Bodybuilding
Cable Straight Bar Skull Crusher,Video Demonstration,,Novice,Triceps,Triceps Brachii,Anconeus,Cable,Bench (Flat),1,Supine,Double Arm,Pronated,Other,Continuous,Elbow Extension,,Sagittal Plane,Upper Body,Push,Isolation,Bodybuilding
Cable Straight Bar Incline Bench Skull Crusher,Video Demonstration,Video Explanation,Novice,Triceps,Triceps Brachii,Anconeus,Cable,Bench (Incline),1,Seated,Double Arm,Pronated,Other,Continuous,Elbow Extension,,Sagittal Plane,Upper Body,Push,Isolation,Bodybuilding
Cable Rope Incline Bench Skull Crusher,Video Demonstration,,Novice,Triceps,Triceps Brachii,Anconeus,Cable,Bench (Incline),1,Seated,Double Arm,Neutral,Other,Continuous,Elbow Extension,,Sagittal Plane,Upper Body,Push,Isolation,Bodybuilding
Cable Straight Bar Decline Bench Skull Crusher,Video Demonstration,,Novice,Triceps,Triceps Brachii,Anconeus,Cable,Bench (Decline),1,Prone,Double Arm,Pronated,Other,Continuous,Elbow Extension,,Sagittal Plane,Upper Body,Push,Isolation,Bodybuilding
Double Dumbbell Floor Skull Crusher,Video Demonstration,Video Explanation,Beginner,Triceps,Triceps Brachii ,Anconeus,Dumbbell,None,0,Supine,Double Arm,Neutral,Other,Continuous,Elbow Extension,,Sagittal Plane,Upper Body,Push,Compound,Bodybuilding
Dumbbell Crush Grip Floor Skull Crusher,Video Demonstration,,Beginner,Triceps,Triceps Brachii ,Anconeus,Dumbbell,None,0,Supine,Double Arm,Crush Grip,Other,Continuous,Elbow Extension,,Sagittal Plane,Upper Body,Push,Compound,Bodybuilding
Cable Rope Decline Bench Skull Crusher,,,Novice,Triceps,Triceps Brachii,Anconeus,Cable,Bench (Decline),1,Prone,Double Arm,Neutral,Other,Continuous,Elbow Extension,,Sagittal Plane,Upper Body,Push,Isolation,Bodybuilding
Cable Rope Floor Skull Crusher,,,Novice,Triceps,Triceps Brachii,Anconeus,Cable,None,0,Supine,Double Arm,Neutral,Other,Continuous,Elbow Extension,,Sagittal Plane,Upper Body,Push,Isolation,Bodybuilding
Cable Straight Bar Floor Skull Crusher,Video Demonstration,,Novice,Triceps,Triceps Brachii,Anconeus,Cable,None,0,Supine,Double Arm,Pronated,Other,Continuous,Elbow Extension,,Sagittal Plane,Upper Body,Push,Isolation,Bodybuilding
Single Arm Dumbbell Skull Crusher,Video Demonstration,,Beginner,Triceps,Triceps Brachii ,Anconeus,Dumbbell,Bench (Flat),1,Supine,Single Arm,Neutral,Other,Continuous,Elbow Extension,,Sagittal Plane,Upper Body,Push,Compound,Bodybuilding
Single Arm Dumbbell Incline Bench Skull Crusher,Video Demonstration,,Beginner,Triceps,Triceps Brachii ,Anconeus,Dumbbell,Bench (Incline),1,Seated,Single Arm,Neutral,Other,Continuous,Elbow Extension,,Sagittal Plane,Upper Body,Push,Compound,Bodybuilding
Single Arm Dumbbell Decline Bench Skull Crusher,,,Beginner,Triceps,Triceps Brachii ,Anconeus,Dumbbell,Bench (Decline),1,Supine,Single Arm,Neutral,Other,Continuous,Elbow Extension,,Sagittal Plane,Upper Body,Push,Compound,Bodybuilding
Single Arm Dumbbell Floor Skull Crusher,Video Demonstration,Video Explanation,Beginner,Triceps,Triceps Brachii ,Anconeus,Dumbbell,None,0,Supine,Single Arm,Neutral,Other,Continuous,Elbow Extension,,Sagittal Plane,Upper Body,Push,Compound,Bodybuilding
Single Arm Dumbbell Seated Overhead Tricep Extension,Video Demonstration,Video Explanation,Beginner,Triceps,Triceps Brachii ,Anterior Deltoids,Dumbbell,Bench (Flat),1,Seated,Single Arm,Neutral,Overhead,Continuous,Elbow Extension,,Frontal Plane,Upper Body,Push,Isolation,Bodybuilding
Single Arm Dumbbell Overhead Tricep Extension,Video Demonstration,,Beginner,Triceps,Triceps Brachii ,Anterior Deltoids,Dumbbell,None,0,Standing,Single Arm,Neutral,Overhead,Continuous,Elbow Extension,,Frontal Plane,Upper Body,Push,Isolation,Bodybuilding
Single Arm Dumbbell Tall Kneeling Overhead Tricep Extension,Video Demonstration,,Beginner,Triceps,Triceps Brachii ,Anterior Deltoids,Dumbbell,None,0,Tall Kneeling,Single Arm,Neutral,Overhead,Continuous,Elbow Extension,,Frontal Plane,Upper Body,Push,Isolation,Bodybuilding
Miniband Dead Bug,Video Demonstration,,Novice,Abdominals,Rectus Abdominis,Obliques,Miniband,None,0,Supine,Double Arm,No Grip,No Load,Alternating,Anti-Extension,,Sagittal Plane,Core,Other,Compound,Postural
Stability Ball Body Saw,Video Demonstration,Video Explanation,Novice,Abdominals,Rectus Abdominis,,Stability Ball,None,0,Prone,Double Arm,Forearm,No Load,Continuous,Anti-Extension,,Sagittal Plane,Core,Other,Compound,Unsorted*
Medicine Ball Alternating Single Leg V Up,,Video Explanation,Novice,Abdominals,Rectus Abdominis,Iliopsoas,Medicine Ball,None,0,Supine,Double Arm,Neutral,Other,Alternating,Spinal Flexion,,Sagittal Plane,Core,Other,Compound,Unsorted*
Medicine Ball Alternating Single Leg V Up Pass Through,Video Demonstration,,Intermediate,Abdominals,Rectus Abdominis,Iliopsoas,Medicine Ball,None,0,Supine,Single Arm,Neutral,Other,Alternating,Spinal Flexion,,Sagittal Plane,Core,Other,Compound,Unsorted*
Medicine Ball Otis Up,Video Demonstration,,Novice,Abdominals,Rectus Abdominis,Iliopsoas,Medicine Ball,None,0,Supine,Double Arm,Neutral,Overhead,Continuous,Spinal Flexion,,Sagittal Plane,Core,Other,Compound,Unsorted*
Slam Ball Otis Up,,,Novice,Abdominals,Rectus Abdominis,Iliopsoas,Slam Ball,None,0,Supine,Double Arm,Neutral,Overhead,Continuous,Spinal Flexion,,Sagittal Plane,Core,Other,Compound,Unsorted*
Ring Body Saw,Video Demonstration,,Novice,Abdominals,Rectus Abdominis,,Gymnastic Rings,None,0,Prone,Double Arm,Forearm,No Load,Continuous,Anti-Extension,,Sagittal Plane,Core,Other,Compound,Unsorted*
Stability Ball Kneeling Body Saw,Video Demonstration,,Beginner,Abdominals,Rectus Abdominis,,Stability Ball,None,0,Kneeling,Double Arm,Forearm,No Load,Continuous,Anti-Extension,,Sagittal Plane,Core,Other,Compound,Unsorted*
Stability Ball Kneeling Stir the Pot,Video Demonstration,Video Explanation,Beginner,Abdominals,Rectus Abdominis,,Stability Ball,None,0,Kneeling,Double Arm,Forearm,No Load,Continuous,Anti-Extension,Spinal Rotational,Transverse Plane,Core,Other,Compound,Unsorted*
Medicine Ball Half Kneeling Low to High Chop,Video Demonstration,Video Explanation,Intermediate,Abdominals,Obliques,Rectus Abdominis,Medicine Ball,None,0,Half Kneeling,Double Arm,Neutral,Other,Continuous,Rotational,,Transverse Plane,Core,Other,Compound,Unsorted*
Medicine Ball Isometric Split Squat Low to High Chop,,,Advanced,Abdominals,Obliques,Rectus Abdominis,Medicine Ball,None,0,Isometric Split Squat,Double Arm,Neutral,Other,Continuous,Rotational,,Transverse Plane,Core,Other,Compound,Balance
Wall Ball Half Kneeling Low to High Chop,Video Demonstration,,Intermediate,Abdominals,Obliques,Rectus Abdominis,Wall Ball,None,0,Half Kneeling,Double Arm,Neutral,Other,Continuous,Rotational,,Transverse Plane,Core,Other,Compound,Unsorted*
Wall Ball Isometric Split Squat Low to High Chop,,Video Explanation,Advanced,Abdominals,Obliques,Rectus Abdominis,Wall Ball,None,0,Isometric Split Squat,Double Arm,Neutral,Other,Continuous,Rotational,,Transverse Plane,Core,Other,Compound,Balance
Slam Ball Half Kneeling Low to High Chop,Video Demonstration,,Intermediate,Abdominals,Obliques,Rectus Abdominis,Slam Ball,None,0,Half Kneeling,Double Arm,Neutral,Other,Continuous,Rotational,,Transverse Plane,Core,Other,Compound,Unsorted*
Slam Ball Isometric Split Squat Low to High Chop,,,Advanced,Abdominals,Obliques,Rectus Abdominis,Slam Ball,None,0,Isometric Split Squat,Double Arm,Neutral,Other,Continuous,Rotational,,Transverse Plane,Core,Other,Compound,Balance
Dumbbell Half Kneeling Low to High Chop,Video Demonstration,Video Explanation,Intermediate,Abdominals,Obliques,Rectus Abdominis,Dumbbell,None,0,Half Kneeling,Double Arm,Neutral,Other,Continuous,Rotational,,Transverse Plane,Core,Other,Compound,Unsorted*
Dumbbell Isometric Split Squat Low to High Chop,,,Advanced,Abdominals,Obliques,Rectus Abdominis,Dumbbell,None,0,Isometric Split Squat,Double Arm,Neutral,Other,Continuous,Rotational,,Transverse Plane,Core,Other,Compound,Balance
Plate Half Kneeling Low to High Chop,Video Demonstration,,Intermediate,Abdominals,Obliques,Rectus Abdominis,Weight Plate,None,0,Half Kneeling,Double Arm,Neutral,Other,Continuous,Rotational,,Transverse Plane,Core,Other,Compound,Unsorted*
Plate Isometric Split Squat Low to High Chop,,,Advanced,Abdominals,Obliques,Rectus Abdominis,Weight Plate,None,0,Isometric Split Squat,Double Arm,Neutral,Other,Continuous,Rotational,,Transverse Plane,Core,Other,Compound,Balance
Wall Ball Body Saw,Video Demonstration,Video Explanation,Novice,Abdominals,Rectus Abdominis,,Wall Ball,None,0,Prone,Double Arm,Forearm,No Load,Continuous,Anti-Extension,,Sagittal Plane,Core,Other,Compound,Unsorted*
Single Arm Plate Turkish Sit Up,,,Intermediate,Abdominals,Rectus Abdominis,Anterior Deltoids,Weight Plate,None,0,Supine,Single Arm,Flat Palm,Overhead,Continuous,Spinal Flexion,,Sagittal Plane,Core,Other,Compound,Unsorted*
Climbing Rope Pull Up,Video Demonstration,,Intermediate,Back,Latissimus Dorsi,Biceps Brachii,Climbing Rope,None,0,Hanging,Double Arm,Mixed Grip,No Load,Continuous,Vertical Pull,,Sagittal Plane,Upper Body,Pull,Compound,Calisthenics
Climbing Rope Hanging Leg Raise,Video Demonstration,,Intermediate,Abdominals,Rectus Abdominis,Iliopsoas,Climbing Rope,None,0,Hanging,Double Arm,Mixed Grip,No Load,Continuous,Hip Flexion,,Sagittal Plane,Core,Other,Compound,Calisthenics
Climbing Rope Hanging Toes to Rope,Video Demonstration,,Advanced,Abdominals,Rectus Abdominis,Iliopsoas,Climbing Rope,None,0,Hanging,Double Arm,Mixed Grip,No Load,Continuous,Hip Flexion,,Sagittal Plane,Core,Other,Compound,Calisthenics
Double Cable Chest Fly,Video Demonstration,Video Explanation,Beginner,Chest,Pectoralis Major,Anterior Deltoids,Cable,None,0,Staggered Stance,Double Arm,Neutral,Other,Continuous,Horizontal Adduction,,Transverse Plane,Upper Body,Push,Isolation,Bodybuilding
Double Cable High to Low Chest Fly,Video Demonstration,Video Explanation,Beginner,Chest,Pectoralis Major,Anterior Deltoids,Cable,None,0,Staggered Stance,Double Arm,Neutral,Other,Continuous,Horizontal Adduction,,Transverse Plane,Upper Body,Push,Isolation,Bodybuilding
Double Cable Low to High Chest Fly,Video Demonstration,Video Explanation,Beginner,Chest,Pectoralis Major,Anterior Deltoids,Cable,None,0,Staggered Stance,Double Arm,Neutral,Other,Continuous,Horizontal Adduction,,Transverse Plane,Upper Body,Push,Isolation,Bodybuilding
Resistance Band High to Low Chest Fly,Video Demonstration,Video Explanation,Beginner,Chest,Pectoralis Major,Anterior Deltoids,Resistance Band,None,0,Staggered Stance,Double Arm,Neutral,Other,Continuous,Horizontal Adduction,,Transverse Plane,Upper Body,Push,Isolation,Bodybuilding
Resistance Band Low to High Chest Fly,Video Demonstration,,Beginner,Chest,Pectoralis Major,Anterior Deltoids,Resistance Band,None,0,Staggered Stance,Double Arm,Neutral,Other,Continuous,Horizontal Adduction,,Transverse Plane,Upper Body,Push,Isolation,Bodybuilding
Cable Rope Isometric Split Squat High to Low Chop,Video Demonstration,Video Explanation,Advanced,Abdominals,Obliques,Rectus Abdominis,Cable,None,0,Isometric Split Squat,Double Arm,Neutral,Other,Continuous,Rotational,,Transverse Plane,Core,Other,Compound,Balance
Cable Rope Isometric Split Squat Low to High Chop,,,Advanced,Abdominals,Obliques,Rectus Abdominis,Cable,None,0,Isometric Split Squat,Double Arm,Neutral,Other,Continuous,Rotational,,Transverse Plane,Core,Other,Compound,Balance
Landmine Kneeling Rollout,Video Demonstration,Video Explanation,Intermediate,Abdominals,Rectus Abdominis,Obliques,Landmine,None,0,Kneeling,Double Arm,Pronated,Other,Continuous,Anti-Extension,,Sagittal Plane,Core,Other,Compound,Unsorted*
Single Arm Landmine Kneeling Rollout,Video Demonstration,,Advanced,Abdominals,Rectus Abdominis,Obliques,Landmine,None,0,Kneeling,Single Arm,Pronated,Other,Continuous,Anti-Extension,,Sagittal Plane,Core,Other,Compound,Unsorted*
Slider Kneeling Rollout,Video Demonstration,Video Explanation,Intermediate,Abdominals,Rectus Abdominis,Latissimus Dorsi,Sliders,None,0,Kneeling,Double Arm,Flat Palm,No Load,Continuous,Anti-Extension,,Sagittal Plane,Core,Other,Compound,Unsorted*
Slider Standing Rollout,Video Demonstration,,Advanced,Abdominals,Rectus Abdominis,Latissimus Dorsi,Sliders,None,0,Standing,Double Arm,Flat Palm,No Load,Continuous,Anti-Extension,,Sagittal Plane,Core,Other,Compound,Unsorted*
Single Arm Slider Kneeling Rollout,,,Advanced,Abdominals,Rectus Abdominis,Obliques,Sliders,None,0,Kneeling,Single Arm,Flat Palm,No Load,Continuous,Anti-Extension,,Sagittal Plane,Core,Other,Compound,Unsorted*
Suspension Standing Rollout,Video Demonstration,,Advanced,Abdominals,Rectus Abdominis,Latissimus Dorsi,Suspension Trainer,None,0,Standing,Double Arm,Pronated,No Load,Continuous,Anti-Extension,,Sagittal Plane,Core,Other,Compound,Unsorted*
Single Arm Ring Standing Rollout,,,Expert,Abdominals,Rectus Abdominis,Latissimus Dorsi,Gymnastic Rings,None,0,Standing,Single Arm,Pronated,No Load,Continuous,Anti-Extension,,Sagittal Plane,Core,Other,Compound,Calisthenics
Single Arm Slider Standing Rollout,,,Expert,Abdominals,Rectus Abdominis,Latissimus Dorsi,Sliders,None,0,Standing,Single Arm,Flat Palm,No Load,Continuous,Anti-Extension,,Sagittal Plane,Core,Other,Compound,Unsorted*
Single Arm Suspension Standing Rollout,,,Expert,Abdominals,Rectus Abdominis,Latissimus Dorsi,Suspension Trainer,None,0,Standing,Single Arm,Pronated,No Load,Continuous,Anti-Extension,,Sagittal Plane,Core,Other,Compound,Unsorted*
Landmine Standing Rollout,Video Demonstration,,Advanced,Abdominals,Rectus Abdominis,Obliques,Landmine,None,0,Standing,Double Arm,Pronated,Other,Continuous,Anti-Extension,,Sagittal Plane,Core,Other,Compound,Unsorted*
Single Arm Landmine Standing Rollout,,,Expert,Abdominals,Rectus Abdominis,Obliques,Landmine,None,0,Standing,Single Arm,Pronated,Other,Continuous,Anti-Extension,,Sagittal Plane,Core,Other,Compound,Unsorted*
Plate Hollow Body Flutter Kicks,Video Demonstration,,Intermediate,Abdominals,Rectus Abdominis,Iliopsoas,Weight Plate,None,0,Supine,Double Arm,Neutral,Other,Alternating,Isometric Hold,,Sagittal Plane,Core,Other,Compound,Unsorted*
Superband Side Lying Hanging Hip Adduction,,,Novice,Adductors,Adductor Magnus,,Superband,None,0,Side Lying,No Arms,No Grip,No Load,Continuous,Hip Adduction,,Frontal Plane,Lower Body,Other,Isolation,Unsorted*
Plate Side Lying Bent Knee Hip Abduction,Video Demonstration,,Novice,Abductors,Gluteus Medius,Gluteus Minimus,Weight Plate,None,0,Side Lying,Single Arm,Flat Palm,Other,Continuous,Hip Abduction,,Frontal Plane,Lower Body,Other,Isolation,Bodybuilding
Bodyweight Side Lying Hip Abduction,Video Demonstration,Video Explanation,Beginner,Abductors,Gluteus Medius,Gluteus Minimus,Bodyweight,None,0,Side Lying,No Arms,No Grip,No Load,Continuous,Hip Abduction,,Frontal Plane,Lower Body,Other,Isolation,Bodybuilding
Bodyweight Extended Range Side Lying Hip Abduction,Video Demonstration,Video Explanation,Beginner,Abductors,Gluteus Medius,Gluteus Minimus,Bodyweight,Bench (Flat),1,Side Lying,No Arms,No Grip,No Load,Continuous,Hip Abduction,,Frontal Plane,Lower Body,Other,Isolation,Bodybuilding
Bodyweight Side Lying Clamshell,Video Demonstration,Video Explanation,Beginner,Glutes,Gluteus Maximus,Gluteus Medius,Bodyweight,None,0,Side Lying,No Arms,No Grip,No Load,Continuous,Hip External Rotation,,Transverse Plane,Lower Body,Other,Isolation,Bodybuilding
Bodyweight Kneeling Side Plank Clamshell,,Video Explanation,Novice,Glutes,Gluteus Maximus,Gluteus Medius,Bodyweight,None,0,Side Plank,Single Arm,Forearm,No Load,Continuous,Hip External Rotation,Anti-Lateral Flexion,Transverse Plane,Lower Body,Other,Compound,Bodybuilding
Double Cable Incline Bench Chest Fly,Video Demonstration,Video Explanation,Beginner,Chest,Pectoralis Major,Anterior Deltoids,Cable,Bench (Incline),1,Seated,Double Arm,Neutral,Other,Continuous,Horizontal Adduction,,Transverse Plane,Upper Body,Push,Isolation,Bodybuilding
Double Cable Seated Chest Fly,Video Demonstration,Video Explanation,Beginner,Chest,Pectoralis Major,Anterior Deltoids,Cable,Bench (Flat),1,Seated,Double Arm,Neutral,Other,Continuous,Horizontal Adduction,,Transverse Plane,Upper Body,Push,Isolation,Bodybuilding
Double Cable Decline Bench Chest Fly,Video Demonstration,,Beginner,Chest,Pectoralis Major,Anterior Deltoids,Cable,Bench (Decline),1,Supine,Double Arm,Neutral,Other,Continuous,Horizontal Adduction,,Transverse Plane,Upper Body,Push,Isolation,Bodybuilding
Plate Overhead Carry,Video Demonstration,Video Explanation,Intermediate,Shoulders,Anterior Deltoids,Obliques,Weight Plate,None,0,Walking,Double Arm,Neutral,Overhead,Alternating,Loaded Carry,,Sagittal Plane,Full Body,Other,Compound,Unsorted*
Slider Plank Jack,Video Demonstration,Video Explanation,Novice,Abdominals,Rectus Abdominis,,Sliders,None,0,Prone,Double Arm,Forearm,No Load,Continuous,Spinal Flexion,,Sagittal Plane,Core,Other,Compound,Unsorted*
Suspension Feet Elevated Plank,Video Demonstration,Video Explanation,Novice,Abdominals,Rectus Abdominis,,Suspension Trainer,None,0,Prone,Double Arm,Flat Palm,No Load,Continuous,Anti-Extension,,Sagittal Plane,Core,Other,Compound,Unsorted*
Suspension Feet Elevated Forearm Plank,Video Demonstration,Video Explanation,Novice,Abdominals,Rectus Abdominis,,Suspension Trainer,None,0,Prone,Double Arm,Forearm,No Load,Continuous,Anti-Extension,,Sagittal Plane,Core,Other,Compound,Unsorted*
Suspension Feet Elevated Side Plank,Video Demonstration,Video Explanation,Intermediate,Abdominals,Obliques,Rectus Abdominis,Suspension Trainer,None,0,Side Plank,Single Arm,Forearm,No Load,Continuous,Anti-Lateral Flexion,,Frontal Plane,Core,Other,Compound,Unsorted*
Stability Ball Feet Elevated Plank,Video Demonstration,Video Explanation,Novice,Abdominals,Rectus Abdominis,,Stability Ball,None,0,Prone,Double Arm,Flat Palm,No Load,Continuous,Anti-Extension,,Sagittal Plane,Core,Other,Compound,Unsorted*
Slider Sandbag Front Rack Reverse Lunge,,,Novice,Quadriceps,Quadriceps Femoris,Gluteus Maximus,Sliders,Sandbag,1,Standing,Double Arm,Neutral,Front Rack,Continuous,Knee Dominant,,Sagittal Plane,Lower Body,Push,Compound,Bodybuilding
Slider Sandbag Back Rack Reverse Lunge,,,Novice,Quadriceps,Quadriceps Femoris,Gluteus Maximus,Sliders,Sandbag,1,Standing,Double Arm,Neutral,Back Rack,Continuous,Knee Dominant,,Sagittal Plane,Lower Body,Push,Compound,Bodybuilding
Cable Straight Bar Reverse Grip Front Raise,Video Demonstration,Video Explanation,Novice,Shoulders,Anterior Deltoids,Pectoralis Major,Cable,None,0,Standing,Double Arm,Supinated,Other,Continuous,Shoulder Flexion,,Sagittal Plane,Upper Body,Push,Isolation,Bodybuilding
EZ Bar Reverse Grip Front Raise,Video Demonstration,Video Explanation,Novice,Shoulders,Anterior Deltoids,Pectoralis Major,EZ Bar,None,0,Standing,Double Arm,Supinated,Other,Continuous,Shoulder Flexion,,Sagittal Plane,Upper Body,Push,Isolation,Bodybuilding
Sled Sprint,Video Demonstration,Video Explanation,Intermediate,Quadriceps,Quadriceps Femoris,Gluteus Maximus,Sled,None,0,Running,Double Arm,Neutral,Other,Alternating,Knee Dominant,,Sagittal Plane,Lower Body,Push,Compound,Unsorted*